no,file,question,source,url,what_to_verify,status(未確認/一致/不一致),checked_by,checked_on
004,004_inbound_drugstores.md,Q. What do people get wrong about drugstores in Japan?,"Pharmaceuticals and Medical Devices Agency (PMDA), ""Regulation of OTC Drugs in Japan"" (T. Nakamura, Office Director)",https://www.pmda.go.jp/files/000152069.pdf,"From May 2026, certain cold, cough and sleep-aid medicines were reclassified with **age checks and limits on quantity per purchase**. Confirm the current scope with the Ministry of Health, Labour and Welfare before publication.",,,
004,004_inbound_drugstores.md,Q. What do people get wrong about drugstores in Japan?,"Ministry of Health, Labour and Welfare — pharmaceuticals and OTC classification",https://www.mhlw.go.jp/stf/seisakunitsuite/bunya/kenkou_iryou/iyakuhin/index.html,"From May 2026, certain cold, cough and sleep-aid medicines were reclassified with **age checks and limits on quantity per purchase**. Confirm the current scope with the Ministry of Health, Labour and Welfare before publication.",,,
004,004_inbound_drugstores.md,Q. What do people get wrong about drugstores in Japan?,National Tax Agency — consumption tax exemption for foreign visitors,https://www.nta.go.jp/taxes/shiraberu/taxanswer/shohi/6551.htm,"From May 2026, certain cold, cough and sleep-aid medicines were reclassified with **age checks and limits on quantity per purchase**. Confirm the current scope with the Ministry of Health, Labour and Welfare before publication.",,,
004,004_inbound_drugstores.md,Q. What do people get wrong about drugstores in Japan?,Japan Customs — passenger clearance,https://www.customs.go.jp/english/summary/passenger.htm,"From May 2026, certain cold, cough and sleep-aid medicines were reclassified with **age checks and limits on quantity per purchase**. Confirm the current scope with the Ministry of Health, Labour and Welfare before publication.",,,
009,009_inbound_convenience-stores.md,Q. What do people get wrong about convenience stores in Japan?,Japan Franchise Association — Convenience Store Statistics (monthly and annual),https://www.jfa-fc.or.jp/particle/320.html,Sales figures are from the Japan Franchise Association's 2025 annual tabulation. The nationwide store count is drawn from secondary reporting; confirm the current JFA figure before publication.,,,
009,009_inbound_convenience-stores.md,Q. What do people get wrong about convenience stores in Japan?,Consumer Affairs Agency — food allergen labelling,https://www.caa.go.jp/policies/policy/food_labeling/food_sanitation/allergy/,Sales figures are from the Japan Franchise Association's 2025 annual tabulation. The nationwide store count is drawn from secondary reporting; confirm the current JFA figure before publication.,,,
009,009_inbound_convenience-stores.md,Q. What do people get wrong about convenience stores in Japan?,Ministry of the Environment — waste and recycling,https://www.env.go.jp/recycle/,Sales figures are from the Japan Franchise Association's 2025 annual tabulation. The nationwide store count is drawn from secondary reporting; confirm the current JFA figure before publication.,,,
014,014_inbound_100-yen-shops.md,Q. What do people get wrong about 100-yen shops in Japan?,"Teikoku Databank, ""100-yen shop industry survey (fiscal 2025 outlook)"" (2 April 2026)",https://www.tdb.co.jp/report/industry/20260402-100yenshop25y/,Figures are from Teikoku Databank's fiscal-2025 outlook (published April 2026). Confirm before publication.,,,
014,014_inbound_100-yen-shops.md,Q. What do people get wrong about 100-yen shops in Japan?,National Tax Agency — consumption tax and price display,https://www.nta.go.jp/taxes/shiraberu/taxanswer/shohi/6902.htm,Figures are from Teikoku Databank's fiscal-2025 outlook (published April 2026). Confirm before publication.,,,
014,014_inbound_100-yen-shops.md,Q. What do people get wrong about 100-yen shops in Japan?,Japan Customs — passenger clearance,https://www.customs.go.jp/english/summary/passenger.htm,Figures are from Teikoku Databank's fiscal-2025 outlook (published April 2026). Confirm before publication.,,,
019,019_inbound_cash-and-cards.md,Q. What do people get wrong about cash and cards in Japan?,"Ministry of Economy, Trade and Industry, ""2025 cashless payment ratio calculated"" (31 March 2026)",https://www.meti.go.jp/press/2025/03/20260331006/20260331006.html,Confirm figures against the METI press release before publication. The 2025 figure uses a revised methodology.,,,
019,019_inbound_cash-and-cards.md,Q. What do people get wrong about cash and cards in Japan?,"METI Cashless Promotion Council, summary of discussions (December 2025)",https://www.meti.go.jp/shingikai/mono_info_service/cashless_promotion/pdf/003_03_00.pdf,Confirm figures against the METI press release before publication. The 2025 figure uses a revised methodology.,,,
019,019_inbound_cash-and-cards.md,Q. What do people get wrong about cash and cards in Japan?,National Tax Agency — consumption tax exemption for foreign visitors,https://www.nta.go.jp/taxes/shiraberu/taxanswer/shohi/6551.htm,Confirm figures against the METI press release before publication. The 2025 figure uses a revised methodology.,,,
024,024_inbound_bringing-food-home.md,Q. What do people get wrong about bringing food home from Japan?,"Animal Quarantine Service, MAFF — ""Souvenir meat products (taking out of Japan)""",https://www.maff.go.jp/aqs/tetuzuki/product/aq1.html,"At the time of writing, the service noted that **export quarantine certificates for pork and wild-boar products were suspended** following domestic cases of classical swine fever. Confirm the current status before publication — this changes.",,,
024,024_inbound_bringing-food-home.md,Q. What do people get wrong about bringing food home from Japan?,"Animal Quarantine Service, MAFF — ""Bringing livestock products into and out of Japan""",https://www.maff.go.jp/aqs/tetuzuki/qanda/souvenir.html,"At the time of writing, the service noted that **export quarantine certificates for pork and wild-boar products were suspended** following domestic cases of classical swine fever. Confirm the current status before publication — this changes.",,,
024,024_inbound_bringing-food-home.md,Q. What do people get wrong about bringing food home from Japan?,"Japan Customs — Customs Answer 9006, animal quarantine for travellers",https://www.customs.go.jp/tetsuzuki/c-answer/sonota/9006_jr.htm,"At the time of writing, the service noted that **export quarantine certificates for pork and wild-boar products were suspended** following domestic cases of classical swine fever. Confirm the current status before publication — this changes.",,,
029,029_inbound_packing-for-summer.md,Q. What do people get wrong about packing for summer in Japan?,Fire and Disaster Management Agency — heat illness information (ambulance transport statistics),https://www.fdma.go.jp/disaster/heatstroke/,Figures from FDMA's 2025 heat-illness statistics. Confirm before publication.,,,
029,029_inbound_packing-for-summer.md,Q. What do people get wrong about packing for summer in Japan?,Ministry of the Environment — heat illness prevention information site,https://www.wbgt.env.go.jp/,Figures from FDMA's 2025 heat-illness statistics. Confirm before publication.,,,
029,029_inbound_packing-for-summer.md,Q. What do people get wrong about packing for summer in Japan?,Japan Meteorological Agency — UV information,https://www.data.jma.go.jp/gmd/env/uvhp/,Figures from FDMA's 2025 heat-illness statistics. Confirm before publication.,,,
034,034_inbound_humidity.md,Q. What do people get wrong about humidity in Japan?,Fire and Disaster Management Agency — heat illness ambulance statistics,https://www.fdma.go.jp/disaster/heatstroke/,Confirm figures against the FDMA heat-illness page before publication.,,,
034,034_inbound_humidity.md,Q. What do people get wrong about humidity in Japan?,Ministry of the Environment — heat illness prevention information site,https://www.wbgt.env.go.jp/,Confirm figures against the FDMA heat-illness page before publication.,,,
034,034_inbound_humidity.md,Q. What do people get wrong about humidity in Japan?,Japan Meteorological Agency — climate statistics,https://www.data.jma.go.jp/stats/etrn/,Confirm figures against the FDMA heat-illness page before publication.,,,
039,039_inbound_onsen-etiquette.md,Q. What do people get wrong about onsen etiquette in Japan?,"Ministry of the Environment, notice on contraindications and bathing precautions under Hot Spring Act Art. 18 (1 July 2014)",https://www.env.go.jp/nature/onsen/pdf/2-5_p_11.pdf,Confirm wording against the Ministry of the Environment notice (環自総発第1407012号) before publication.,,,
039,039_inbound_onsen-etiquette.md,Q. What do people get wrong about onsen etiquette in Japan?,Ministry of the Environment — Hot Spring Act notices and guidelines,https://www.env.go.jp/nature/onsen/docs/index.html,Confirm wording against the Ministry of the Environment notice (環自総発第1407012号) before publication.,,,
039,039_inbound_onsen-etiquette.md,Q. What do people get wrong about onsen etiquette in Japan?,"Japan Tourism Agency survey on tattooed bathers (2015), as reported by Nikkei",https://www.nikkei.com/article/DGXLASDG22H1Q_S5A021C1000000/,Confirm wording against the Ministry of the Environment notice (環自総発第1407012号) before publication.,,,
044,044_inbound_tattoos-and-bathing.md,Q. What do people get wrong about tattoos and bathing in Japan?,"Nikkei, ""56% of facilities refuse tattooed bathers — first Japan Tourism Agency survey"" (2015)",https://www.nikkei.com/article/DGXLASDG22H1Q_S5A021C1000000/,Survey figures as reported by Nikkei (October 2015) and Travel Voice (March 2016). Confirm against Japan Tourism Agency material before publication.,,,
044,044_inbound_tattoos-and-bathing.md,Q. What do people get wrong about tattoos and bathing in Japan?,"Travel Voice, ""Japan Tourism Agency publishes response examples for tattooed foreign bathers"" (17 March 2016)",https://www.travelvoice.jp/20160317-63167,Survey figures as reported by Nikkei (October 2015) and Travel Voice (March 2016). Confirm against Japan Tourism Agency material before publication.,,,
044,044_inbound_tattoos-and-bathing.md,Q. What do people get wrong about tattoos and bathing in Japan?,Japan Tourism Agency,https://www.mlit.go.jp/kankocho/,Survey figures as reported by Nikkei (October 2015) and Travel Voice (March 2016). Confirm against Japan Tourism Agency material before publication.,,,
049,049_inbound_tap-water.md,Q. What do people get wrong about tap water in Japan?,Ministry of the Environment — water quality standard items and values,https://www.env.go.jp/water/water_supply/kijun/kijunchi.html,Confirm the current parameter count (51 vs 52) and the 2025 revision on the Ministry of the Environment's page before publication.,,,
049,049_inbound_tap-water.md,Q. What do people get wrong about tap water in Japan?,Ministry of the Environment — outline of the 2025 revision to the Ordinance on Water Quality Standards (8 August 2025),https://www.env.go.jp/content/000334172.pdf,Confirm the current parameter count (51 vs 52) and the 2025 revision on the Ministry of the Environment's page before publication.,,,
049,049_inbound_tap-water.md,Q. What do people get wrong about tap water in Japan?,"Ministry of Land, Infrastructure, Transport and Tourism — on the transfer of water supply administration",https://www.mlit.go.jp/statistics/file000004/html/n2745c01.html,Confirm the current parameter count (51 vs 52) and the 2025 revision on the Ministry of the Environment's page before publication.,,,
054,054_inbound_souvenir-choices.md,Q. What do people get wrong about souvenir choices in Japan?,"Teikoku Databank, ""100-yen shop industry survey (fiscal 2025 outlook)""",https://www.tdb.co.jp/report/industry/20260402-100yenshop25y/,Market figure from Teikoku Databank (April 2026). Confirm before publication.,,,
054,054_inbound_souvenir-choices.md,Q. What do people get wrong about souvenir choices in Japan?,"Animal Quarantine Service, MAFF — souvenir meat products (taking out of Japan)",https://www.maff.go.jp/aqs/tetuzuki/product/aq1.html,Market figure from Teikoku Databank (April 2026). Confirm before publication.,,,
054,054_inbound_souvenir-choices.md,Q. What do people get wrong about souvenir choices in Japan?,Japan Customs — passenger clearance,https://www.customs.go.jp/english/summary/passenger.htm,Market figure from Teikoku Databank (April 2026). Confirm before publication.,,,
059,059_inbound_tax-free-shopping.md,Q. What do people get wrong about tax-free shopping in Japan?,National Tax Agency — consumption tax exemption for foreign visitors,https://www.nta.go.jp/taxes/shiraberu/taxanswer/shohi/6551.htm,"Confirm dates, thresholds and the refund procedure with the National Tax Agency before publication. **This article may be read after the change takes effect — state clearly which system applies.**",,,
059,059_inbound_tax-free-shopping.md,Q. What do people get wrong about tax-free shopping in Japan?,Japan Tourism Agency — tax-free shop information,https://www.mlit.go.jp/kankocho/tax-free/,"Confirm dates, thresholds and the refund procedure with the National Tax Agency before publication. **This article may be read after the change takes effect — state clearly which system applies.**",,,
059,059_inbound_tax-free-shopping.md,Q. What do people get wrong about tax-free shopping in Japan?,Japan Customs,https://www.customs.go.jp/english/,"Confirm dates, thresholds and the refund procedure with the National Tax Agency before publication. **This article may be read after the change takes effect — state clearly which system applies.**",,,
064,064_inbound_customs-on-the-way-home.md,Q. What do people get wrong about customs on the way home from Japan?,"Animal Quarantine Service, MAFF — souvenir meat products (taking out of Japan)",https://www.maff.go.jp/aqs/tetuzuki/product/aq1.html,"At the time of writing, export quarantine certificates for **pork and wild-boar products were suspended** following domestic classical swine fever cases. Confirm current status before publication.",,,
064,064_inbound_customs-on-the-way-home.md,Q. What do people get wrong about customs on the way home from Japan?,"Animal Quarantine Service, MAFF — list of countries accepting meat exports from Japan",https://www.maff.go.jp/aqs/hou/require/export_meat_list.html,"At the time of writing, export quarantine certificates for **pork and wild-boar products were suspended** following domestic classical swine fever cases. Confirm current status before publication.",,,
064,064_inbound_customs-on-the-way-home.md,Q. What do people get wrong about customs on the way home from Japan?,Japan Customs — Customs Answer 9006,https://www.customs.go.jp/tetsuzuki/c-answer/sonota/9006_jr.htm,"At the time of writing, export quarantine certificates for **pork and wild-boar products were suspended** following domestic classical swine fever cases. Confirm current status before publication.",,,
069,069_inbound_rubbish-bins.md,Q. What do people get wrong about rubbish bins in Japan?,"Japan Tourism Agency, ""Survey on the reception environment for foreign visitors"" (FY2025 results, April 2026)",https://www.mlit.go.jp/kankocho/content/001998584.pdf,Survey figures from the Japan Tourism Agency (April 2026 release). Confirm before publication.,,,
069,069_inbound_rubbish-bins.md,Q. What do people get wrong about rubbish bins in Japan?,Japan Tourism Agency press release (2026),https://www.mlit.go.jp/kankocho/news08_00039.html,Survey figures from the Japan Tourism Agency (April 2026 release). Confirm before publication.,,,
069,069_inbound_rubbish-bins.md,Q. What do people get wrong about rubbish bins in Japan?,"Ministry of the Environment — municipal waste survey (FY2023, 1,741 municipalities)",https://www.env.go.jp/recycle/waste_tech/ippan/r5/data/env_press.pdf,Survey figures from the Japan Tourism Agency (April 2026 release). Confirm before publication.,,,
074,074_inbound_sorting-rubbish.md,Q. What do people get wrong about sorting rubbish in Japan?,"Ministry of the Environment, FY2023 municipal waste survey — press release (27 March 2025)",https://www.env.go.jp/recycle/waste_tech/ippan/r5/data/env_press.pdf,Figures from the Ministry of the Environment's FY2023 survey release (27 March 2025). Confirm before publication.,,,
074,074_inbound_sorting-rubbish.md,Q. What do people get wrong about sorting rubbish in Japan?,Ministry of the Environment — waste statistics index,https://www.env.go.jp/recycle/waste/wastetoukei_index.html,Figures from the Ministry of the Environment's FY2023 survey release (27 March 2025). Confirm before publication.,,,
074,074_inbound_sorting-rubbish.md,Q. What do people get wrong about sorting rubbish in Japan?,Municipal websites publish local sorting rules and collection calendars,,Figures from the Ministry of the Environment's FY2023 survey release (27 March 2025). Confirm before publication.,,,
079,079_inbound_sunscreen-labels.md,Q. What do people get wrong about sunscreen labels in Japan?,Japan Cosmetic Industry Association — UV protection measurement standards,https://www.jcia.org/,The 2 mg/cm² standard is widely documented; actual-use figures come from dermatology and cosmetics information sites. Confirm with Japan Cosmetic Industry Association material before publication.,,,
079,079_inbound_sunscreen-labels.md,Q. What do people get wrong about sunscreen labels in Japan?,Ministry of the Environment — Ultraviolet Radiation Health Manual,https://www.env.go.jp/chemi/uv/uv_manual.html,The 2 mg/cm² standard is widely documented; actual-use figures come from dermatology and cosmetics information sites. Confirm with Japan Cosmetic Industry Association material before publication.,,,
079,079_inbound_sunscreen-labels.md,Q. What do people get wrong about sunscreen labels in Japan?,Japanese Dermatological Association,https://www.dermatol.or.jp/qa/,The 2 mg/cm² standard is widely documented; actual-use figures come from dermatology and cosmetics information sites. Confirm with Japan Cosmetic Industry Association material before publication.,,,
084,084_inbound_spf-and-pa.md,Q. What do people get wrong about SPF and PA in Japan?,Japan Cosmetic Industry Association — UV protection measurement standards,https://www.jcia.org/,Test standard and actual-use figures from dermatology and industry sources. Confirm with Japan Cosmetic Industry Association material before publication.,,,
084,084_inbound_spf-and-pa.md,Q. What do people get wrong about SPF and PA in Japan?,Ministry of the Environment — Ultraviolet Radiation Health Manual,https://www.env.go.jp/chemi/uv/uv_manual.html,Test standard and actual-use figures from dermatology and industry sources. Confirm with Japan Cosmetic Industry Association material before publication.,,,
084,084_inbound_spf-and-pa.md,Q. What do people get wrong about SPF and PA in Japan?,Japanese Dermatological Association,https://www.dermatol.or.jp/qa/,Test standard and actual-use figures from dermatology and industry sources. Confirm with Japan Cosmetic Industry Association material before publication.,,,
089,089_inbound_cosmetics-labels.md,Q. What do people get wrong about cosmetics labels in Japan?,"Ministry of Health, Labour and Welfare, notice on the scope of cosmetic efficacy claims (薬食発0721第1号, 21 July 2011)",https://www.mhlw.go.jp/file/06-Seisakujouhou-11120000-Iyakushokuhinkyoku/kesyouhin_hanni_20111.pdf,Confirm the notice reference (薬食発0721第1号) before publication.,,,
089,089_inbound_cosmetics-labels.md,Q. What do people get wrong about cosmetics labels in Japan?,"Society of Cosmetic Chemists of Japan — glossary, ""sensitive skin""",https://www.sccj-ifscc.com/library/glossary_detail/1465,Confirm the notice reference (薬食発0721第1号) before publication.,,,
089,089_inbound_cosmetics-labels.md,Q. What do people get wrong about cosmetics labels in Japan?,Japan Cosmetic Industry Association,https://www.jcia.org/,Confirm the notice reference (薬食発0721第1号) before publication.,,,
094,094_inbound_expiry-dates-on-cosmetics.md,Q. What do people get wrong about expiry dates on cosmetics in Japan?,Japan Cosmetic Industry Association — Cosmetics Q&A,https://www.jcia.org/user/public/faq,Rule as described by the Japan Cosmetic Industry Association FAQ and legal commentaries. Confirm before publication.,,,
094,094_inbound_expiry-dates-on-cosmetics.md,Q. What do people get wrong about expiry dates on cosmetics in Japan?,"Ministry of Health, Labour and Welfare — cosmetics and quasi-drugs",https://www.mhlw.go.jp/stf/seisakunitsuite/bunya/kenkou_iryou/iyakuhin/keshouhin/index.html,Rule as described by the Japan Cosmetic Industry Association FAQ and legal commentaries. Confirm before publication.,,,
094,094_inbound_expiry-dates-on-cosmetics.md,Q. What do people get wrong about expiry dates on cosmetics in Japan?,National Consumer Affairs Center of Japan,https://www.kokusen.go.jp/,Rule as described by the Japan Cosmetic Industry Association FAQ and legal commentaries. Confirm before publication.,,,
099,099_inbound_skincare-product-names.md,Q. What do people get wrong about skincare product names in Japan?,"Ministry of Health, Labour and Welfare, notice on the scope of cosmetic efficacy claims (薬食発0721第1号, 21 July 2011)",https://www.mhlw.go.jp/file/06-Seisakujouhou-11120000-Iyakushokuhinkyoku/kesyouhin_hanni_20111.pdf,Notice reference 薬食発0721第1号. Confirm before publication.,,,
099,099_inbound_skincare-product-names.md,Q. What do people get wrong about skincare product names in Japan?,"Society of Cosmetic Chemists of Japan — glossary, ""transepidermal water loss""",https://www.sccj-ifscc.com/library/glossary_detail/487,Notice reference 薬食発0721第1号. Confirm before publication.,,,
099,099_inbound_skincare-product-names.md,Q. What do people get wrong about skincare product names in Japan?,Japan Cosmetic Industry Association,https://www.jcia.org/,Notice reference 薬食発0721第1号. Confirm before publication.,,,
141,141_inbound_ic-cards.md,"Q. What do people get wrong about IC cards (Suica, PASMO) in Japan?",JR East — Welcome Suica,https://www.jreast.co.jp/multi/en/welcomesuica/,"Launch dates, validity periods and refund rules with JR East (Welcome Suica page) and PASMO before publication. Service details changed in 2023 and 2025 and may change again.",,,
141,141_inbound_ic-cards.md,"Q. What do people get wrong about IC cards (Suica, PASMO) in Japan?",JR East — Welcome Suica Mobile (app),https://www.jreast.co.jp/multi/en/welcomesuica/mobile/,"Launch dates, validity periods and refund rules with JR East (Welcome Suica page) and PASMO before publication. Service details changed in 2023 and 2025 and may change again.",,,
141,141_inbound_ic-cards.md,"Q. What do people get wrong about IC cards (Suica, PASMO) in Japan?",PASMO — PASMO PASSPORT and information for visitors,https://www.pasmo.co.jp/visitors/en/,"Launch dates, validity periods and refund rules with JR East (Welcome Suica page) and PASMO before publication. Service details changed in 2023 and 2025 and may change again.",,,
141,141_inbound_ic-cards.md,"Q. What do people get wrong about IC cards (Suica, PASMO) in Japan?",Japan Tourism Agency — transport information for visitors,https://www.mlit.go.jp/kankocho/en/,"Launch dates, validity periods and refund rules with JR East (Welcome Suica page) and PASMO before publication. Service details changed in 2023 and 2025 and may change again.",,,
142,142_inbound_coin-lockers-and-luggage-forwarding.md,Q. What do people get wrong about coin lockers and luggage forwarding in Japan?,JR East — Coin lockers (English),https://www.jreast.co.jp/e/stations/lockers.html,Locker prices and sizes vary by operator and station; forwarding prices change annually. Check the JR East locker page and Yamato Transport's TA-Q-BIN English page before publication.,,,
142,142_inbound_coin-lockers-and-luggage-forwarding.md,Q. What do people get wrong about coin lockers and luggage forwarding in Japan?,Yamato Transport — TA-Q-BIN for travellers,https://www.kuronekoyamato.co.jp/en/,Locker prices and sizes vary by operator and station; forwarding prices change annually. Check the JR East locker page and Yamato Transport's TA-Q-BIN English page before publication.,,,
142,142_inbound_coin-lockers-and-luggage-forwarding.md,Q. What do people get wrong about coin lockers and luggage forwarding in Japan?,Japan Tourism Agency — Hands-free travel,https://www.mlit.go.jp/kankocho/en/,Locker prices and sizes vary by operator and station; forwarding prices change annually. Check the JR East locker page and Yamato Transport's TA-Q-BIN English page before publication.,,,
143,143_inbound_bringing-medicine-into-japan.md,Q. What do people get wrong about bringing medicine into Japan?,"Ministry of Health, Labour and Welfare — Bringing medicines for personal use into Japan (English)",https://www.mhlw.go.jp/english/policy/health-medical/pharmaceuticals/01.html,"Confirm quantities and the current procedure name (""Import Confirmation"", formerly Yakkan Shoumei) with the MHLW English page before publication. This area changes and the consequences of an error are severe.",,,
143,143_inbound_bringing-medicine-into-japan.md,Q. What do people get wrong about bringing medicine into Japan?,"Ministry of Health, Labour and Welfare — Import Confirmation application (Yakkan Shoumei)",https://www.mhlw.go.jp/english/policy/health-medical/pharmaceuticals/dl/01.pdf,"Confirm quantities and the current procedure name (""Import Confirmation"", formerly Yakkan Shoumei) with the MHLW English page before publication. This area changes and the consequences of an error are severe.",,,
143,143_inbound_bringing-medicine-into-japan.md,Q. What do people get wrong about bringing medicine into Japan?,Narcotics Control Department — Bringing narcotics into Japan,https://www.ncd.mhlw.go.jp/en/application2.html,"Confirm quantities and the current procedure name (""Import Confirmation"", formerly Yakkan Shoumei) with the MHLW English page before publication. This area changes and the consequences of an error are severe.",,,
143,143_inbound_bringing-medicine-into-japan.md,Q. What do people get wrong about bringing medicine into Japan?,Japan Customs — Prohibited and restricted items,https://www.customs.go.jp/english/summary/prohibit.htm,"Confirm quantities and the current procedure name (""Import Confirmation"", formerly Yakkan Shoumei) with the MHLW English page before publication. This area changes and the consequences of an error are severe.",,,
144,144_inbound_vending-machines.md,Q. What do people get wrong about vending machines in Japan?,Japan Vending System Manufacturers Association — Vending machine population survey,https://www.jvma.or.jp/information/information_3.html,Machine counts with the Japan Vending System Manufacturers Association's annual survey; prices are observed 2025 ranges.,,,
144,144_inbound_vending-machines.md,Q. What do people get wrong about vending machines in Japan?,Ministry of the Environment — PET bottle recycling,https://www.env.go.jp/en/recycle/,Machine counts with the Japan Vending System Manufacturers Association's annual survey; prices are observed 2025 ranges.,,,
144,144_inbound_vending-machines.md,Q. What do people get wrong about vending machines in Japan?,Japan Tourism Agency — Practical information,https://www.mlit.go.jp/kankocho/en/,Machine counts with the Japan Vending System Manufacturers Association's annual survey; prices are observed 2025 ranges.,,,
145,145_inbound_allergy-labelling.md,Q. What do people get wrong about allergy labelling on Japanese food?,Consumer Affairs Agency — Food allergen labelling (English summary),https://www.caa.go.jp/en/policy/food_labeling/,The walnut enforcement date and the macadamia addition with the Consumer Affairs Agency's allergen labelling page before publication.,,,
145,145_inbound_allergy-labelling.md,Q. What do people get wrong about allergy labelling on Japanese food?,Consumer Affairs Agency — 食品表示基準 アレルゲン（特定原材料等）,https://www.caa.go.jp/policies/policy/food_labeling/food_sanitation/allergy/,The walnut enforcement date and the macadamia addition with the Consumer Affairs Agency's allergen labelling page before publication.,,,
145,145_inbound_allergy-labelling.md,Q. What do people get wrong about allergy labelling on Japanese food?,Japan National Tourism Organization — Dietary restrictions and allergy cards,https://www.japan.travel/en/plan/,The walnut enforcement date and the macadamia addition with the Consumer Affairs Agency's allergen labelling page before publication.,,,
146,146_inbound_tipping-and-restaurant-etiquette.md,Q. What do people get wrong about tipping and restaurant etiquette in Japan?,National Tax Agency — Consumption tax rates and tax-inclusive price display,https://www.nta.go.jp/english/taxes/consumption_tax/,Tax-inclusive pricing rules with the National Tax Agency; otoshi price ranges are observational.,,,
146,146_inbound_tipping-and-restaurant-etiquette.md,Q. What do people get wrong about tipping and restaurant etiquette in Japan?,Japan National Tourism Organization — Dining etiquette,https://www.japan.travel/en/guide/dining-etiquette/,Tax-inclusive pricing rules with the National Tax Agency; otoshi price ranges are observational.,,,
146,146_inbound_tipping-and-restaurant-etiquette.md,Q. What do people get wrong about tipping and restaurant etiquette in Japan?,Japan Tourism Agency — Guidance for visitors,https://www.mlit.go.jp/kankocho/en/,Tax-inclusive pricing rules with the National Tax Agency; otoshi price ranges are observational.,,,
147,147_inbound_over-the-counter-medicine.md,Q. What do people get wrong about over-the-counter medicine in Japan?,"Ministry of Health, Labour and Welfare — OTC medicine classification (一般用医薬品の区分)",https://www.mhlw.go.jp/stf/seisakunitsuite/bunya/0000092820.html,Class assignments change as products are reclassified; confirm examples with the MHLW OTC classification list before publication. Dose comparisons are indicative.,,,
147,147_inbound_over-the-counter-medicine.md,Q. What do people get wrong about over-the-counter medicine in Japan?,"Ministry of Health, Labour and Welfare — Multilingual guide for pharmacies",https://www.mhlw.go.jp/stf/seisakunitsuite/bunya/kenkou_iryou/iyakuhin/index.html,Class assignments change as products are reclassified; confirm examples with the MHLW OTC classification list before publication. Dose comparisons are indicative.,,,
147,147_inbound_over-the-counter-medicine.md,Q. What do people get wrong about over-the-counter medicine in Japan?,Japan Association of Chain Drug Stores — Store finder (English),https://www.jacds.gr.jp/,Class assignments change as products are reclassified; confirm examples with the MHLW OTC classification list before publication. Dose comparisons are indicative.,,,
148,148_inbound_power-plugs-and-voltage.md,Q. What do people get wrong about power plugs and voltage in Japan?,Agency for Natural Resources and Energy — Electricity frequency in Japan (50 Hz / 60 Hz),https://www.enecho.meti.go.jp/en/,Frequency boundary and voltage with the Agency for Natural Resources and Energy; plug details with the Japan Electrical Safety & Environment Technology Laboratories (JET).,,,
148,148_inbound_power-plugs-and-voltage.md,Q. What do people get wrong about power plugs and voltage in Japan?,Japan Electrical Safety & Environment Technology Laboratories (JET),https://www.jet.or.jp/en/,Frequency boundary and voltage with the Agency for Natural Resources and Energy; plug details with the Japan Electrical Safety & Environment Technology Laboratories (JET).,,,
148,148_inbound_power-plugs-and-voltage.md,Q. What do people get wrong about power plugs and voltage in Japan?,Japan National Tourism Organization — Electricity and plugs,https://www.japan.travel/en/plan/,Frequency boundary and voltage with the Agency for Natural Resources and Energy; plug details with the Japan Electrical Safety & Environment Technology Laboratories (JET).,,,
149,149_inbound_sim-esim-and-pocket-wifi.md,"Q. What do people get wrong about SIM cards, eSIM and pocket Wi-Fi in Japan?",Ministry of Internal Affairs and Communications — Mobile services for foreign visitors,https://www.soumu.go.jp/main_sosiki/joho_tsusin/eng/,Prices are observed 2025 ranges. 3G shutdown dates with each carrier's announcement before publication.,,,
149,149_inbound_sim-esim-and-pocket-wifi.md,"Q. What do people get wrong about SIM cards, eSIM and pocket Wi-Fi in Japan?",Japan National Tourism Organization — Internet and Wi-Fi,https://www.japan.travel/en/plan/wifi-and-connectivity/,Prices are observed 2025 ranges. 3G shutdown dates with each carrier's announcement before publication.,,,
149,149_inbound_sim-esim-and-pocket-wifi.md,"Q. What do people get wrong about SIM cards, eSIM and pocket Wi-Fi in Japan?",NTT Docomo / KDDI / SoftBank — network and 3G termination notices (English),https://www.docomo.ne.jp/english/,Prices are observed 2025 ranges. 3G shutdown dates with each carrier's announcement before publication.,,,
150,150_inbound_coin-laundries.md,Q. What do people get wrong about coin laundries in Japan?,"Ministry of Health, Labour and Welfare — Survey of self-service laundries (コインオペレーションクリーニング営業施設)",https://www.mhlw.go.jp/stf/seisakunitsuite/bunya/kenkou_iryou/kenkou/seikatsu-eisei/,"Laundry counts with the MHLW ""コインオペレーションクリーニング営業施設"" survey; prices are observed 2025 ranges.",,,
150,150_inbound_coin-laundries.md,Q. What do people get wrong about coin laundries in Japan?,Consumer Affairs Agency — Care labelling (JIS L0001),https://www.caa.go.jp/policies/policy/representation/household_goods/laundry_symbols.html,"Laundry counts with the MHLW ""コインオペレーションクリーニング営業施設"" survey; prices are observed 2025 ranges.",,,
150,150_inbound_coin-laundries.md,Q. What do people get wrong about coin laundries in Japan?,Japan National Tourism Organization — Laundry while travelling,https://www.japan.travel/en/plan/,"Laundry counts with the MHLW ""コインオペレーションクリーニング営業施設"" survey; prices are observed 2025 ranges.",,,
201,201_inbound_supermarkets.md,Q. What do people get wrong about Japanese supermarkets?,Japan Supermarket Association — Supermarket census (スーパーマーケット年次統計調査),https://www.super.or.jp/,Store counts with the Japan Supermarket Association and Japan Franchise Association; bag-charge date with the Ministry of the Environment.,,,
201,201_inbound_supermarkets.md,Q. What do people get wrong about Japanese supermarkets?,Ministry of the Environment — Plastic bag charge (レジ袋有料化) from 1 July 2020,https://plastics-smart.env.go.jp/rejibukuro-charge/,Store counts with the Japan Supermarket Association and Japan Franchise Association; bag-charge date with the Ministry of the Environment.,,,
201,201_inbound_supermarkets.md,Q. What do people get wrong about Japanese supermarkets?,National Tax Agency — Tax-inclusive price display,https://www.nta.go.jp/english/taxes/consumption_tax/,Store counts with the Japan Supermarket Association and Japan Franchise Association; bag-charge date with the Ministry of the Environment.,,,
202,202_inbound_department-stores-and-depachika.md,Q. What do people get wrong about department stores and depachika?,Japan Department Stores Association — Sales statistics and duty-free sales reports,https://www.depart.or.jp/,Sales figures with the Japan Department Stores Association's monthly and annual reports; the tax-free rules change on 1 November 2026 (see the tax-free article).,,,
202,202_inbound_department-stores-and-depachika.md,Q. What do people get wrong about department stores and depachika?,Japan Tourism Agency — Consumption trends of international visitors,https://www.mlit.go.jp/kankocho/en/,Sales figures with the Japan Department Stores Association's monthly and annual reports; the tax-free rules change on 1 November 2026 (see the tax-free article).,,,
202,202_inbound_department-stores-and-depachika.md,Q. What do people get wrong about department stores and depachika?,National Tax Agency — Tax-free shopping for visitors,https://www.nta.go.jp/taxes/shiraberu/taxanswer/shohi/6551.htm,Sales figures with the Japan Department Stores Association's monthly and annual reports; the tax-free rules change on 1 November 2026 (see the tax-free article).,,,
203,203_inbound_home-centres.md,Q. What do people get wrong about Japanese home centres (DIY stores)?,Japan DIY Home Centre Association — Industry statistics (日本DIY・ホームセンター協会),https://www.diy.or.jp/,Store count and sales with the Japan DIY Home Centre Association's annual data.,,,
203,203_inbound_home-centres.md,Q. What do people get wrong about Japanese home centres (DIY stores)?,"Ministry of Agriculture, Forestry and Fisheries — Plant Protection Station: taking plants and seeds abroad",https://www.maff.go.jp/pps/,Store count and sales with the Japan DIY Home Centre Association's annual data.,,,
203,203_inbound_home-centres.md,Q. What do people get wrong about Japanese home centres (DIY stores)?,Japan Customs — Restrictions on exports for travellers,https://www.customs.go.jp/english/,Store count and sales with the Japan DIY Home Centre Association's annual data.,,,
204,204_inbound_consumption-tax.md,Q. What do people get wrong about consumption tax in Japan?,National Tax Agency — Consumption tax: rates and reduced rate system,https://www.nta.go.jp/english/taxes/consumption_tax/,Rates and dates with the National Tax Agency; accommodation tax rates with each city's official page.,,,
204,204_inbound_consumption-tax.md,Q. What do people get wrong about consumption tax in Japan?,National Tax Agency — Tax-inclusive price display (総額表示),https://www.nta.go.jp/taxes/shiraberu/zeimokubetsu/shohi/kaisei/,Rates and dates with the National Tax Agency; accommodation tax rates with each city's official page.,,,
204,204_inbound_consumption-tax.md,Q. What do people get wrong about consumption tax in Japan?,Kyoto City — Accommodation tax (宿泊税),https://www.city.kyoto.lg.jp/gyozai/,Rates and dates with the National Tax Agency; accommodation tax rates with each city's official page.,,,
205,205_inbound_carry-on-rules.md,Q. What do people get wrong about carry-on rules on Japanese flights and trains?,JR Central — Oversized baggage on the Tokaido Shinkansen (特大荷物スペースつき座席),https://global.jr-central.co.jp/en/info/oversized-baggage/,Airline size/weight limits with JAL and ANA; Shinkansen rule details with JR Central's oversized-baggage page. Airlines change limits.,,,
205,205_inbound_carry-on-rules.md,Q. What do people get wrong about carry-on rules on Japanese flights and trains?,Japan Airlines — Carry-on baggage (domestic),https://www.jal.co.jp/jp/en/dom/baggage/carry-on/,Airline size/weight limits with JAL and ANA; Shinkansen rule details with JR Central's oversized-baggage page. Airlines change limits.,,,
205,205_inbound_carry-on-rules.md,Q. What do people get wrong about carry-on rules on Japanese flights and trains?,All Nippon Airways — Carry-on baggage (domestic),https://www.ana.co.jp/en/jp/guide/boarding-procedures/baggage/domestic/carry-on/,Airline size/weight limits with JAL and ANA; Shinkansen rule details with JR Central's oversized-baggage page. Airlines change limits.,,,
206,206_inbound_face-masks.md,Q. What do people get wrong about face masks in Japan?,"Ministry of Health, Labour and Welfare — Mask wearing (マスクの着用について), change of 13 March 2023",https://www.mhlw.go.jp/stf/seisakunitsuite/bunya/kansenshou/mask.html,The 13 March 2023 change with the MHLW mask page; market and survey figures with industry associations and press surveys.,,,
206,206_inbound_face-masks.md,Q. What do people get wrong about face masks in Japan?,Japan Hygiene Products Industry Association — Mask production and market statistics,https://www.jhpia.or.jp/,The 13 March 2023 change with the MHLW mask page; market and survey figures with industry associations and press surveys.,,,
206,206_inbound_face-masks.md,Q. What do people get wrong about face masks in Japan?,Ministry of the Environment — Pollen information and hay fever,https://www.env.go.jp/chemi/anzen/kafun/,The 13 March 2023 change with the MHLW mask page; market and survey figures with industry associations and press surveys.,,,
207,207_inbound_hotel-amenities.md,Q. What do people get wrong about Japanese hotel rooms and amenities?,"Ministry of the Environment — Act on Promotion of Resource Circulation for Plastics (April 2022), hotel amenities",https://plastic-circulation.env.go.jp/,The plastics law provisions with the Ministry of the Environment; room sizes are typical ranges.,,,
207,207_inbound_hotel-amenities.md,Q. What do people get wrong about Japanese hotel rooms and amenities?,Japan Tourism Agency — Accommodation statistics and hotel categories,https://www.mlit.go.jp/kankocho/en/,The plastics law provisions with the Ministry of the Environment; room sizes are typical ranges.,,,
207,207_inbound_hotel-amenities.md,Q. What do people get wrong about Japanese hotel rooms and amenities?,Japan Ryokan and Hotel Association — Guide to staying at a ryokan,https://www.ryokan.or.jp/english/,The plastics law provisions with the Ministry of the Environment; room sizes are typical ranges.,,,
208,208_inbound_reading-a-menu.md,Q. What do people get wrong about reading a Japanese menu?,Japan National Tourism Organization — Dining and menu guidance,https://www.japan.travel/en/guide/dining-etiquette/,Vocabulary is standard; allergen labelling on restaurant menus is voluntary (see the allergy labelling article).,,,
208,208_inbound_reading-a-menu.md,Q. What do people get wrong about reading a Japanese menu?,Consumer Affairs Agency — Allergen labelling (restaurants: voluntary),https://www.caa.go.jp/policies/policy/food_labeling/food_sanitation/allergy/,Vocabulary is standard; allergen labelling on restaurant menus is voluntary (see the allergy labelling article).,,,
208,208_inbound_reading-a-menu.md,Q. What do people get wrong about reading a Japanese menu?,Japan Tourism Agency — Multilingual menu support project,https://www.mlit.go.jp/kankocho/en/,Vocabulary is standard; allergen labelling on restaurant menus is voluntary (see the allergy labelling article).,,,
209,209_inbound_queueing-and-reservations.md,Q. What do people get wrong about queueing and reservations in Japan?,Japan National Tourism Organization — Etiquette and manners,https://www.japan.travel/en/guide/etiquette/,Specific attraction booking systems change yearly; check each official site.,,,
209,209_inbound_queueing-and-reservations.md,Q. What do people get wrong about queueing and reservations in Japan?,Japan Tourism Agency — Measures on no-shows at restaurants (ノーショー対策),https://www.mlit.go.jp/kankocho/,Specific attraction booking systems change yearly; check each official site.,,,
209,209_inbound_queueing-and-reservations.md,Q. What do people get wrong about queueing and reservations in Japan?,Association of Japanese Private Railways — Escalator safety campaign,https://www.mintetsu.or.jp/,Specific attraction booking systems change yearly; check each official site.,,,
210,210_inbound_sizing-differences.md,Q. What do people get wrong about clothing and shoe sizes in Japan?,Japanese Standards Association — JIS S 5037 (shoe sizes) and JIS L 4004/4005 (clothing sizes),https://www.jsa.or.jp/,Conversion tables are approximations; brands vary. JIS references with the Japanese Standards Association.,,,
210,210_inbound_sizing-differences.md,Q. What do people get wrong about clothing and shoe sizes in Japan?,Japan Consumer Affairs Agency — Household goods labelling (sizes and fibre content),https://www.caa.go.jp/policies/policy/representation/household_goods/,Conversion tables are approximations; brands vary. JIS references with the Japanese Standards Association.,,,
210,210_inbound_sizing-differences.md,Q. What do people get wrong about clothing and shoe sizes in Japan?,Japan National Tourism Organization — Shopping guide,https://www.japan.travel/en/guide/shopping/,Conversion tables are approximations; brands vary. JIS references with the Japanese Standards Association.,,,
261,261_inbound_packing-for-winter.md,Q. What do people get wrong about packing for a Japanese winter?,Japan Meteorological Agency — Climatological normals by city (1991–2020),https://www.data.jma.go.jp/stats/etrn/,Temperatures with JMA climatological normals (1991–2020); indoor figures are typical ranges.,,,
261,261_inbound_packing-for-winter.md,Q. What do people get wrong about packing for a Japanese winter?,Sapporo City — Winter walking safety (冬の歩行安全) and slip-prevention guidance,https://www.city.sapporo.jp/,Temperatures with JMA climatological normals (1991–2020); indoor figures are typical ranges.,,,
261,261_inbound_packing-for-winter.md,Q. What do people get wrong about packing for a Japanese winter?,Japan National Tourism Organization — Winter travel and clothing,https://www.japan.travel/en/plan/,Temperatures with JMA climatological normals (1991–2020); indoor figures are typical ranges.,,,
262,262_inbound_packing-for-the-rainy-season.md,Q. What do people get wrong about the rainy season (tsuyu) for travellers?,Japan Meteorological Agency — Rainy season onset and end dates (梅雨入り・梅雨明け),https://www.data.jma.go.jp/cpd/baiu/,Normals and typical rainy-season dates with the Japan Meteorological Agency.,,,
262,262_inbound_packing-for-the-rainy-season.md,Q. What do people get wrong about the rainy season (tsuyu) for travellers?,Japan Meteorological Agency — Climatological normals (Tokyo),https://www.data.jma.go.jp/stats/etrn/,Normals and typical rainy-season dates with the Japan Meteorological Agency.,,,
262,262_inbound_packing-for-the-rainy-season.md,Q. What do people get wrong about the rainy season (tsuyu) for travellers?,Japan National Tourism Organization — Travelling in the rainy season,https://www.japan.travel/en/plan/,Normals and typical rainy-season dates with the Japan Meteorological Agency.,,,
263,263_inbound_public-baths-sento.md,Q. What do people get wrong about sentō (public bathhouses)?,Tokyo Sentō Association (東京都浴場組合) — Bathing etiquette and price notice,https://www.1010.or.jp/,Sentō counts with the Japan Sentō Association and Tokyo Sentō Association; Tokyo prices with the Tokyo Metropolitan Government's annual price notice.,,,
263,263_inbound_public-baths-sento.md,Q. What do people get wrong about sentō (public bathhouses)?,"Ministry of Health, Labour and Welfare — Public Bathhouse Act (公衆浴場法)",https://www.mhlw.go.jp/stf/seisakunitsuite/bunya/kenkou_iryou/kenkou/seikatsu-eisei/,Sentō counts with the Japan Sentō Association and Tokyo Sentō Association; Tokyo prices with the Tokyo Metropolitan Government's annual price notice.,,,
263,263_inbound_public-baths-sento.md,Q. What do people get wrong about sentō (public bathhouses)?,Japan Sentō Association — Number of bathhouses by year,https://www.sento.or.jp/,Sentō counts with the Japan Sentō Association and Tokyo Sentō Association; Tokyo prices with the Tokyo Metropolitan Government's annual price notice.,,,
264,264_inbound_eating-while-walking.md,Q. What do people get wrong about eating while walking in Japan?,"Kamakura City — Ordinance on public manners (鎌倉市公共の場所におけるマナーの向上に関する条例, 2019)",https://www.city.kamakura.kanagawa.jp/,The Kamakura ordinance date and wording with Kamakura City; Nishiki Market's request with the market association.,,,
264,264_inbound_eating-while-walking.md,Q. What do people get wrong about eating while walking in Japan?,Kyoto City — Tourism manners (Nishiki Market and Gion guidance),https://www.city.kyoto.lg.jp/,The Kamakura ordinance date and wording with Kamakura City; Nishiki Market's request with the market association.,,,
264,264_inbound_eating-while-walking.md,Q. What do people get wrong about eating while walking in Japan?,Japan National Tourism Organization — Etiquette,https://www.japan.travel/en/guide/etiquette/,The Kamakura ordinance date and wording with Kamakura City; Nishiki Market's request with the market association.,,,
265,265_inbound_convenience-store-food.md,Q. What do people get wrong about convenience-store food and onigiri?,Japan Franchise Association — Convenience store statistics (コンビニエンスストア統計),https://www.jfa-fc.or.jp/,Store counts with the Japan Franchise Association; prices are 2025 ranges.,,,
265,265_inbound_convenience-store-food.md,Q. What do people get wrong about convenience-store food and onigiri?,Consumer Affairs Agency — Date labelling: consumption-by vs best-before,https://www.caa.go.jp/policies/policy/food_labeling/food_sanitation/expiration_date/,Store counts with the Japan Franchise Association; prices are 2025 ranges.,,,
265,265_inbound_convenience-store-food.md,Q. What do people get wrong about convenience-store food and onigiri?,"Ministry of Agriculture, Forestry and Fisheries — Food loss reduction at retailers",https://www.maff.go.jp/j/shokusan/recycle/syoku_loss/,Store counts with the Japan Franchise Association; prices are 2025 ranges.,,,
266,266_inbound_instant-noodles.md,Q. What do people get wrong about instant noodles in Japan?,World Instant Noodles Association — Global demand statistics,https://instantnoodles.org/en/noodles/demand/table/,Consumption figures with the World Instant Noodles Association; sodium figures from product labels.,,,
266,266_inbound_instant-noodles.md,Q. What do people get wrong about instant noodles in Japan?,"Ministry of Health, Labour and Welfare — Dietary Reference Intakes 2025 (sodium)",https://www.mhlw.go.jp/stf/newpage_44138.html,Consumption figures with the World Instant Noodles Association; sodium figures from product labels.,,,
266,266_inbound_instant-noodles.md,Q. What do people get wrong about instant noodles in Japan?,Consumer Affairs Agency — Food labelling standards (nutrition labelling),https://www.caa.go.jp/policies/policy/food_labeling/nutrient_declearation/,Consumption figures with the World Instant Noodles Association; sodium figures from product labels.,,,
267,267_inbound_matcha-products.md,Q. What do people get wrong about matcha and matcha products?,"Ministry of Agriculture, Forestry and Fisheries — Tea production statistics (茶をめぐる情勢)",https://www.maff.go.jp/j/seisan/tokusan/cha/ocha.html,Production figures with MAFF tea statistics; shortage reports with producer announcements (2024–25); caffeine figures with the Standard Tables of Food Composition.,,,
267,267_inbound_matcha-products.md,Q. What do people get wrong about matcha and matcha products?,Japan Tea Central Public Interest Incorporated Association — Types of Japanese tea,https://www.nihon-cha.or.jp/,Production figures with MAFF tea statistics; shortage reports with producer announcements (2024–25); caffeine figures with the Standard Tables of Food Composition.,,,
267,267_inbound_matcha-products.md,Q. What do people get wrong about matcha and matcha products?,MEXT — Standard Tables of Food Composition in Japan (caffeine in tea),https://www.mext.go.jp/a_menu/syokuhinseibun/mext_00001.html,Production figures with MAFF tea statistics; shortage reports with producer announcements (2024–25); caffeine figures with the Standard Tables of Food Composition.,,,
268,268_inbound_vegetarian-and-halal-options.md,"Q. What do people get wrong about vegetarian, vegan and halal food in Japan?","Japan Tourism Agency — Guide for vegetarian and vegan visitors (飲食事業者等におけるベジタリアン・ヴィーガン対応ガイド, 2020)",https://www.mlit.go.jp/kankocho/,JTA visitor estimates and restaurant guide with the Japan Tourism Agency; halal certification bodies with the organisations listed.,,,
268,268_inbound_vegetarian-and-halal-options.md,"Q. What do people get wrong about vegetarian, vegan and halal food in Japan?",Japan National Tourism Organization — Dietary restrictions,https://www.japan.travel/en/plan/,JTA visitor estimates and restaurant guide with the Japan Tourism Agency; halal certification bodies with the organisations listed.,,,
268,268_inbound_vegetarian-and-halal-options.md,"Q. What do people get wrong about vegetarian, vegan and halal food in Japan?",Japan Halal Association — Certification standards,https://jhalal.com/,JTA visitor estimates and restaurant guide with the Japan Tourism Agency; halal certification bodies with the organisations listed.,,,
269,269_inbound_postal-services-shipping-home.md,Q. What do people get wrong about posting souvenirs home from Japan?,"Japan Post — International mail: services, rates and prohibited items (English)",https://www.post.japanpost.jp/int/index_en.html,Rates and services with Japan Post's international mail rate finder (they change yearly); prohibited items with both Japan Post and the destination's customs authority.,,,
269,269_inbound_postal-services-shipping-home.md,Q. What do people get wrong about posting souvenirs home from Japan?,Japan Post — International Mail My Page (electronic customs declaration),https://www.post.japanpost.jp/intmypage/,Rates and services with Japan Post's international mail rate finder (they change yearly); prohibited items with both Japan Post and the destination's customs authority.,,,
269,269_inbound_postal-services-shipping-home.md,Q. What do people get wrong about posting souvenirs home from Japan?,Japan Customs — Export procedures for travellers,https://www.customs.go.jp/english/,Rates and services with Japan Post's international mail rate finder (they change yearly); prohibited items with both Japan Post and the destination's customs authority.,,,
270,270_inbound_sales-seasons-and-lucky-bags.md,Q. What do people get wrong about sales seasons and fukubukuro in Japan?,Japan Department Stores Association — New Year sales and fukubukuro press information,https://www.depart.or.jp/,Sale timing varies by retailer; fukubukuro practices with department-store announcements each December.,,,
270,270_inbound_sales-seasons-and-lucky-bags.md,Q. What do people get wrong about sales seasons and fukubukuro in Japan?,National Tax Agency — Tax-free shopping conditions,https://www.nta.go.jp/taxes/shiraberu/taxanswer/shohi/6551.htm,Sale timing varies by retailer; fukubukuro practices with department-store announcements each December.,,,
270,270_inbound_sales-seasons-and-lucky-bags.md,Q. What do people get wrong about sales seasons and fukubukuro in Japan?,Japan National Tourism Organization — Shopping in Japan: seasons and sales,https://www.japan.travel/en/guide/shopping/,Sale timing varies by retailer; fukubukuro practices with department-store announcements each December.,,,
321,321_inbound_japanese-toilets.md,Q. What do people get wrong about Japanese toilets (washlets)?,Cabinet Office — Consumer Confidence Survey: household penetration of durable goods (温水洗浄便座),https://www.esri.cao.go.jp/jp/stat/shouhi/shouhi.html,Household penetration with the Cabinet Office's Consumer Confidence Survey (durable goods); button labels vary by manufacturer.,,,
321,321_inbound_japanese-toilets.md,Q. What do people get wrong about Japanese toilets (washlets)?,Japan Sanitary Equipment Industry Association — Bidet toilet usage guide,https://www.sanitary-net.com/,Household penetration with the Cabinet Office's Consumer Confidence Survey (durable goods); button labels vary by manufacturer.,,,
321,321_inbound_japanese-toilets.md,Q. What do people get wrong about Japanese toilets (washlets)?,Japan National Tourism Organization — Using toilets in Japan,https://www.japan.travel/en/plan/,Household penetration with the Cabinet Office's Consumer Confidence Survey (durable goods); button labels vary by manufacturer.,,,
322,322_inbound_train-etiquette.md,Q. What do people get wrong about train etiquette in Japan?,JR East — Passenger statistics by station and line,https://www.jreast.co.jp/passenger/,Passenger figures with JR East and Tokyo Metro; women-only car hours vary by line.,,,
322,322_inbound_train-etiquette.md,Q. What do people get wrong about train etiquette in Japan?,Tokyo Metro — Manners and women-only cars,https://www.tokyometro.jp/en/,Passenger figures with JR East and Tokyo Metro; women-only car hours vary by line.,,,
322,322_inbound_train-etiquette.md,Q. What do people get wrong about train etiquette in Japan?,Association of Japanese Private Railways — Train manners campaign,https://www.mintetsu.or.jp/,Passenger figures with JR East and Tokyo Metro; women-only car hours vary by line.,,,
323,323_inbound_taxis-in-japan.md,Q. What do people get wrong about taxis in Japan?,"Ministry of Land, Infrastructure, Transport and Tourism — Taxi fares and the 2024 ""Japan-style ride-share"" scheme",https://www.mlit.go.jp/jidosha/,Fare figures with the Tokyo Hire-Taxi Association and MLIT fare notices; ride-share rules with MLIT's 2024 announcements.,,,
323,323_inbound_taxis-in-japan.md,Q. What do people get wrong about taxis in Japan?,Tokyo Hire-Taxi Association — Fares and how to ride,https://www.taxi-tokyo.or.jp/english/,Fare figures with the Tokyo Hire-Taxi Association and MLIT fare notices; ride-share rules with MLIT's 2024 announcements.,,,
323,323_inbound_taxis-in-japan.md,Q. What do people get wrong about taxis in Japan?,Japan National Tourism Organization — Getting around by taxi,https://www.japan.travel/en/plan/getting-around/,Fare figures with the Tokyo Hire-Taxi Association and MLIT fare notices; ride-share rules with MLIT's 2024 announcements.,,,
324,324_inbound_earthquakes-for-visitors.md,Q. What do people get wrong about earthquakes as a visitor to Japan?,Japan Meteorological Agency — Earthquake Early Warning and seismic intensity scale (English),https://www.jma.go.jp/jma/en/Activities/eew.html,Alert thresholds and intensity definitions with the JMA; tsunami guidance with the Cabinet Office; the 1981 standard with MLIT.,,,
324,324_inbound_earthquakes-for-visitors.md,Q. What do people get wrong about earthquakes as a visitor to Japan?,Cabinet Office — Disaster preparedness: what to do in an earthquake and tsunami,https://www.bousai.go.jp/kyoiku/keigen/gensai/index.html,Alert thresholds and intensity definitions with the JMA; tsunami guidance with the Cabinet Office; the 1981 standard with MLIT.,,,
324,324_inbound_earthquakes-for-visitors.md,Q. What do people get wrong about earthquakes as a visitor to Japan?,"Japan Tourism Agency — ""Safety tips"" app for visitors",https://www.mlit.go.jp/kankocho/en/,Alert thresholds and intensity definitions with the JMA; tsunami guidance with the Cabinet Office; the 1981 standard with MLIT.,,,
325,325_inbound_typhoon-season.md,Q. What do people get wrong about typhoon season for travellers?,Japan Meteorological Agency — Typhoon information and statistics (English),https://www.jma.go.jp/jma/en/Activities/typhoon.html,Landfall statistics with the JMA's typhoon database; planned-suspension practice with JR East/West announcements.,,,
325,325_inbound_typhoon-season.md,Q. What do people get wrong about typhoon season for travellers?,JR East — Planned suspension (計画運休) policy and announcements,https://www.jreast.co.jp/e/,Landfall statistics with the JMA's typhoon database; planned-suspension practice with JR East/West announcements.,,,
325,325_inbound_typhoon-season.md,Q. What do people get wrong about typhoon season for travellers?,Cabinet Office — Evacuation information levels (警戒レベル),https://www.bousai.go.jp/oukyu/hinankankoku/,Landfall statistics with the JMA's typhoon database; planned-suspension practice with JR East/West announcements.,,,
326,326_inbound_smoking-rules.md,Q. What do people get wrong about smoking rules in Japan?,"Ministry of Health, Labour and Welfare — Amended Health Promotion Act: measures against passive smoking (2020)",https://www.mhlw.go.jp/stf/seisakunitsuite/bunya/0000189195.html,The 2020 amendment details with MHLW; ward ordinances with each municipality; smoking rates with the latest National Health and Nutrition Survey.,,,
326,326_inbound_smoking-rules.md,Q. What do people get wrong about smoking rules in Japan?,Tokyo Metropolitan Government — Ordinance to Prevent Passive Smoking,https://www.hokeniryo.metro.tokyo.lg.jp/kensui/kitsuen/,The 2020 amendment details with MHLW; ward ordinances with each municipality; smoking rates with the latest National Health and Nutrition Survey.,,,
326,326_inbound_smoking-rules.md,Q. What do people get wrong about smoking rules in Japan?,"Ministry of Health, Labour and Welfare — National Health and Nutrition Survey (smoking rates)",https://www.mhlw.go.jp/stf/newpage_47433.html,The 2020 amendment details with MHLW; ward ordinances with each municipality; smoking rates with the latest National Health and Nutrition Survey.,,,
327,327_inbound_temple-and-shrine-etiquette.md,Q. What do people get wrong about temple and shrine etiquette?,Agency for Cultural Affairs — Religious Yearbook (宗教年鑑): numbers of shrines and temples,https://www.bunka.go.jp/tokei_hakusho_shuppan/hakusho_nenjihokokusho/shukyo_nenkan/,Site counts with the Agency for Cultural Affairs Religious Yearbook; Gion rules with the local council.,,,
327,327_inbound_temple-and-shrine-etiquette.md,Q. What do people get wrong about temple and shrine etiquette?,Association of Shinto Shrines (Jinja Honchō) — How to visit a shrine (English),https://www.jinjahoncho.or.jp/en/,Site counts with the Agency for Cultural Affairs Religious Yearbook; Gion rules with the local council.,,,
327,327_inbound_temple-and-shrine-etiquette.md,Q. What do people get wrong about temple and shrine etiquette?,Japan National Tourism Organization — Temple and shrine etiquette,https://www.japan.travel/en/guide/temple-shrine-etiquette/,Site counts with the Agency for Cultural Affairs Religious Yearbook; Gion rules with the local council.,,,
328,328_inbound_staying-at-a-ryokan.md,Q. What do people get wrong about staying at a ryokan?,Japan Ryokan and Hotel Association — How to enjoy a ryokan stay (English),https://www.ryokan.or.jp/english/,Price ranges are typical; conventions with the Japan Ryokan and Hotel Association.,,,
328,328_inbound_staying-at-a-ryokan.md,Q. What do people get wrong about staying at a ryokan?,Japan Tourism Agency — Accommodation guidance for visitors,https://www.mlit.go.jp/kankocho/en/,Price ranges are typical; conventions with the Japan Ryokan and Hotel Association.,,,
328,328_inbound_staying-at-a-ryokan.md,Q. What do people get wrong about staying at a ryokan?,Japan National Tourism Organization — Staying at a ryokan,https://www.japan.travel/en/guide/ryokan/,Price ranges are typical; conventions with the Japan Ryokan and Hotel Association.,,,
329,329_inbound_driving-in-japan.md,Q. What do people get wrong about driving in Japan?,"National Police Agency — Driving in Japan with a foreign licence (International Driving Permit, translations)",https://www.npa.go.jp/policies/application/license_renewal/,Licence acceptance with the National Police Agency and JAF; toll rates with NEXCO; fatality figures with the NPA's annual statistics.,,,
329,329_inbound_driving-in-japan.md,Q. What do people get wrong about driving in Japan?,Japan Automobile Federation (JAF) — Licence translations and driving rules for visitors (English),https://english.jaf.or.jp/,Licence acceptance with the National Police Agency and JAF; toll rates with NEXCO; fatality figures with the NPA's annual statistics.,,,
329,329_inbound_driving-in-japan.md,Q. What do people get wrong about driving in Japan?,NEXCO — Expressway tolls and the Japan Expressway Pass,https://www.driveplaza.com/trip/drawari/japan_expressway_pass/,Licence acceptance with the National Police Agency and JAF; toll rates with NEXCO; fatality figures with the NPA's annual statistics.,,,
330,330_inbound_wagashi-and-seasonal-sweets.md,Q. What do people get wrong about wagashi (Japanese sweets)?,Japan Wagashi Association (全国和菓子協会) — Types and seasons of wagashi,https://www.wagashi.or.jp/,Category definitions with the Japan Wagashi Association; seasonal items vary by region and shop.,,,
330,330_inbound_wagashi-and-seasonal-sweets.md,Q. What do people get wrong about wagashi (Japanese sweets)?,Consumer Affairs Agency — Allergen labelling (mandatory and recommended items),https://www.caa.go.jp/policies/policy/food_labeling/food_sanitation/allergy/,Category definitions with the Japan Wagashi Association; seasonal items vary by region and shop.,,,
330,330_inbound_wagashi-and-seasonal-sweets.md,Q. What do people get wrong about wagashi (Japanese sweets)?,Agency for Cultural Affairs — Japanese food culture and annual customs,https://www.bunka.go.jp/english/,Category definitions with the Japan Wagashi Association; seasonal items vary by region and shop.,,,
381,381_inbound_pollen-season-for-visitors.md,Q. What do people get wrong about pollen season as a visitor to Japan?,Ministry of the Environment — Pollen information and hay fever manual (花粉症環境保健マニュアル),https://www.env.go.jp/chemi/anzen/kafun/,Prevalence figures with the Japanese Society of Otorhinolaryngology's nationwide survey; season dates with the Ministry of the Environment's pollen information; the 2023 plan with the Cabinet Office.,,,
381,381_inbound_pollen-season-for-visitors.md,Q. What do people get wrong about pollen season as a visitor to Japan?,"Cabinet Office — Pollen allergy countermeasures (花粉症対策の全体像, 2023)",https://www.kantei.go.jp/jp/singi/kafun/index.html,Prevalence figures with the Japanese Society of Otorhinolaryngology's nationwide survey; season dates with the Ministry of the Environment's pollen information; the 2023 plan with the Cabinet Office.,,,
381,381_inbound_pollen-season-for-visitors.md,Q. What do people get wrong about pollen season as a visitor to Japan?,Japan Weather Association — Pollen forecast (tenki.jp),https://tenki.jp/pollen/,Prevalence figures with the Japanese Society of Otorhinolaryngology's nationwide survey; season dates with the Ministry of the Environment's pollen information; the 2023 plan with the Cabinet Office.,,,
382,382_inbound_toiletries-to-buy-locally.md,Q. What do people get wrong about buying toiletries in Japan?,Japan Association of Chain Drug Stores — Store information for visitors,https://www.jacds.gr.jp/,Product availability is observational; tax-free rules with the National Tax Agency.,,,
382,382_inbound_toiletries-to-buy-locally.md,Q. What do people get wrong about buying toiletries in Japan?,National Tax Agency — Tax-free shopping (consumables),https://www.nta.go.jp/taxes/shiraberu/taxanswer/shohi/6551.htm,Product availability is observational; tax-free rules with the National Tax Agency.,,,
382,382_inbound_toiletries-to-buy-locally.md,Q. What do people get wrong about buying toiletries in Japan?,Japan National Tourism Organization — Practical travel information,https://www.japan.travel/en/plan/,Product availability is observational; tax-free rules with the National Tax Agency.,,,
383,383_inbound_shoes-off-situations.md,Q. What do people get wrong about when to take shoes off in Japan?,Japan National Tourism Organization — Etiquette: removing shoes,https://www.japan.travel/en/guide/etiquette/,These are conventions; temple and castle rules are posted at each site.,,,
383,383_inbound_shoes-off-situations.md,Q. What do people get wrong about when to take shoes off in Japan?,Japan Ryokan and Hotel Association — Manners at a ryokan,https://www.ryokan.or.jp/english/,These are conventions; temple and castle rules are posted at each site.,,,
383,383_inbound_shoes-off-situations.md,Q. What do people get wrong about when to take shoes off in Japan?,"Agency for Cultural Affairs — Visiting cultural properties (temples, castles)",https://www.bunka.go.jp/english/,These are conventions; temple and castle rules are posted at each site.,,,
384,384_inbound_ekiben-station-bento.md,Q. What do people get wrong about ekiben (station bento)?,Japan Railway Ekiben Association (一般社団法人日本鉄道構内営業中央会) — Ekiben information,https://www.ekiben.or.jp/,The 1885 origin is the conventional account; product lists with the Japan Railway Ekiben Association; the end of Tokaido trolley service with JR Central (October 2023).,,,
384,384_inbound_ekiben-station-bento.md,Q. What do people get wrong about ekiben (station bento)?,JR Central — End of on-board sales on the Tokaido Shinkansen (2023),https://global.jr-central.co.jp/en/,The 1885 origin is the conventional account; product lists with the Japan Railway Ekiben Association; the end of Tokaido trolley service with JR Central (October 2023).,,,
384,384_inbound_ekiben-station-bento.md,Q. What do people get wrong about ekiben (station bento)?,JR East — Ekibenya Matsuri at Tokyo Station,https://www.jreast.co.jp/e/,The 1885 origin is the conventional account; product lists with the Japan Railway Ekiben Association; the end of Tokaido trolley service with JR Central (October 2023).,,,
385,385_inbound_convenience-store-services.md,Q. What do people get wrong about what a Japanese convenience store can do?,Seven Bank — International cards accepted at ATMs (English),https://www.sevenbank.co.jp/intlcard/,ATM fees and limits with Seven Bank / Lawson Bank; service availability varies by store and chain.,,,
385,385_inbound_convenience-store-services.md,Q. What do people get wrong about what a Japanese convenience store can do?,Japan Franchise Association — Convenience store statistics and services,https://www.jfa-fc.or.jp/,ATM fees and limits with Seven Bank / Lawson Bank; service availability varies by store and chain.,,,
385,385_inbound_convenience-store-services.md,Q. What do people get wrong about what a Japanese convenience store can do?,Yamato Transport — TA-Q-BIN drop-off at convenience stores,https://www.kuronekoyamato.co.jp/en/,ATM fees and limits with Seven Bank / Lawson Bank; service availability varies by store and chain.,,,
386,386_inbound_japanese-addresses-and-finding-places.md,Q. What do people get wrong about Japanese addresses and finding a place?,Ministry of Internal Affairs and Communications — Residential address indication system (住居表示制度),https://www.soumu.go.jp/main_sosiki/jichi_gyousei/,Address system with the Ministry of Internal Affairs and Communications (住居表示制度); postal codes with Japan Post.,,,
386,386_inbound_japanese-addresses-and-finding-places.md,Q. What do people get wrong about Japanese addresses and finding a place?,Japan Post — Postal code search (郵便番号検索),https://www.post.japanpost.jp/zipcode/,Address system with the Ministry of Internal Affairs and Communications (住居表示制度); postal codes with Japan Post.,,,
386,386_inbound_japanese-addresses-and-finding-places.md,Q. What do people get wrong about Japanese addresses and finding a place?,Kyoto City — Understanding Kyoto addresses (通り名),https://www.city.kyoto.lg.jp/,Address system with the Ministry of Internal Affairs and Communications (住居表示制度); postal codes with Japan Post.,,,
387,387_inbound_shinkansen-tickets-and-rail-passes.md,Q. What do people get wrong about Shinkansen tickets and rail passes?,"JR Group — Japan Rail Pass official site (prices, rules, Nozomi supplement)",https://japanrailpass.net/en/,Fares and pass prices with JR Group's Japan Rail Pass site and JR Central; regional pass prices change yearly.,,,
387,387_inbound_shinkansen-tickets-and-rail-passes.md,Q. What do people get wrong about Shinkansen tickets and rail passes?,JR Central — Smart EX online booking (English),https://smart-ex.jp/en/,Fares and pass prices with JR Group's Japan Rail Pass site and JR Central; regional pass prices change yearly.,,,
387,387_inbound_shinkansen-tickets-and-rail-passes.md,Q. What do people get wrong about Shinkansen tickets and rail passes?,JR East — Rail passes for visitors and eki-net booking,https://www.jreast.co.jp/multi/en/pass/,Fares and pass prices with JR Group's Japan Rail Pass site and JR Central; regional pass prices change yearly.,,,
388,388_inbound_peak-travel-periods.md,"Q. What do people get wrong about Golden Week, Obon and New Year travel?",Cabinet Office — National holidays (国民の祝日について),https://www8.cao.go.jp/chosei/shukujitsu/gaiyou.html,Holiday dates with the Cabinet Office's list of national holidays; passenger figures with JR Group's seasonal reports.,,,
388,388_inbound_peak-travel-periods.md,"Q. What do people get wrong about Golden Week, Obon and New Year travel?","JR Group — Passenger volumes during Golden Week, Obon and New Year (seasonal press releases)",https://www.jreast.co.jp/press/,Holiday dates with the Cabinet Office's list of national holidays; passenger figures with JR Group's seasonal reports.,,,
388,388_inbound_peak-travel-periods.md,"Q. What do people get wrong about Golden Week, Obon and New Year travel?",Japan Tourism Agency — Accommodation statistics (宿泊旅行統計調査),https://www.mlit.go.jp/kankocho/tokei_hakusyo/shukuhakutokei.html,Holiday dates with the Cabinet Office's list of national holidays; passenger figures with JR Group's seasonal reports.,,,
389,389_inbound_cherry-blossom-and-autumn-leaves.md,Q. What do people get wrong about cherry blossom and autumn foliage timing?,Japan Meteorological Agency — Cherry blossom first-bloom and full-bloom records (さくらの開花・満開日),https://www.data.jma.go.jp/sakura/data/,Bloom dates with the JMA's phenological records (さくらの開花日) and JMC forecasts; foliage timing with the same providers.,,,
389,389_inbound_cherry-blossom-and-autumn-leaves.md,Q. What do people get wrong about cherry blossom and autumn foliage timing?,Japan Meteorological Corporation — Cherry blossom and autumn foliage forecasts (English),https://n-kishou.com/corp/news-contents/sakura/,Bloom dates with the JMA's phenological records (さくらの開花日) and JMC forecasts; foliage timing with the same providers.,,,
389,389_inbound_cherry-blossom-and-autumn-leaves.md,Q. What do people get wrong about cherry blossom and autumn foliage timing?,Japan National Tourism Organization — Cherry blossom and autumn leaves guides,https://www.japan.travel/en/guide/cherry-blossom-forecast/,Bloom dates with the JMA's phenological records (さくらの開花日) and JMC forecasts; foliage timing with the same providers.,,,
390,390_inbound_photography-etiquette.md,Q. What do people get wrong about photography etiquette in Japan?,Kyoto City — Tourism manners and Gion photography rules (観光マナー),https://www.city.kyoto.lg.jp/,Gion rules with the Gion district council and Kyoto City; the 2023 voyeurism statute with the Ministry of Justice; drone rules with MLIT.,,,
390,390_inbound_photography-etiquette.md,Q. What do people get wrong about photography etiquette in Japan?,"Ministry of Justice — Act on punishment of photographing sexual images etc. (性的姿態撮影等処罰法, 2023)",https://www.moj.go.jp/,Gion rules with the Gion district council and Kyoto City; the 2023 voyeurism statute with the Ministry of Justice; drone rules with MLIT.,,,
390,390_inbound_photography-etiquette.md,Q. What do people get wrong about photography etiquette in Japan?,"Ministry of Land, Infrastructure, Transport and Tourism — Drone (unmanned aircraft) rules",https://www.mlit.go.jp/koku/koku_tk10_000003.html,Gion rules with the Gion district council and Kyoto City; the 2023 voyeurism statute with the Ministry of Justice; drone rules with MLIT.,,,
441,441_inbound_travelling-with-children.md,Q. What do people get wrong about travelling in Japan with children?,JR East — Fares for children (English),https://www.jreast.co.jp/e/,Fare rules with JR East and each operator; #8000 with MHLW; hotel child policies vary.,,,
441,441_inbound_travelling-with-children.md,Q. What do people get wrong about travelling in Japan with children?,"Ministry of Health, Labour and Welfare — Children's medical telephone consultation #8000",https://www.mhlw.go.jp/topics/2006/10/tp1010-3.html,Fare rules with JR East and each operator; #8000 with MHLW; hotel child policies vary.,,,
441,441_inbound_travelling-with-children.md,Q. What do people get wrong about travelling in Japan with children?,Japan National Tourism Organization — Travelling with children,https://www.japan.travel/en/plan/,Fare rules with JR East and each operator; #8000 with MHLW; hotel child policies vary.,,,
442,442_inbound_accessible-travel.md,Q. What do people get wrong about accessible travel in Japan?,"Ministry of Land, Infrastructure, Transport and Tourism — Barrier-free policy and statistics (バリアフリー)",https://www.mlit.go.jp/sogoseisaku/barrierfree/,Station accessibility figures with MLIT's barrier-free statistics; hotel room requirements with the 2019 amendment to the Barrier-Free Act enforcement order.,,,
442,442_inbound_accessible-travel.md,Q. What do people get wrong about accessible travel in Japan?,Japan National Tourism Organization — Accessible travel in Japan,https://www.japan.travel/en/accessible/,Station accessibility figures with MLIT's barrier-free statistics; hotel room requirements with the 2019 amendment to the Barrier-Free Act enforcement order.,,,
442,442_inbound_accessible-travel.md,Q. What do people get wrong about accessible travel in Japan?,JR East — Assistance for passengers with disabilities (English),https://www.jreast.co.jp/e/customer_support/,Station accessibility figures with MLIT's barrier-free statistics; hotel room requirements with the 2019 amendment to the Barrier-Free Act enforcement order.,,,
443,443_inbound_lost-property.md,Q. What do people get wrong about lost property in Japan?,"Tokyo Metropolitan Police Department — Lost and found (English), online search of found items",https://www.keishicho.metro.tokyo.lg.jp/multilingual/english/,Tokyo figures with the Tokyo Metropolitan Police Department's annual lost-property statistics; retention periods with the Lost Property Act.,,,
443,443_inbound_lost-property.md,Q. What do people get wrong about lost property in Japan?,JR East — Lost and found (English),https://www.jreast.co.jp/e/customer_support/lost.html,Tokyo figures with the Tokyo Metropolitan Police Department's annual lost-property statistics; retention periods with the Lost Property Act.,,,
443,443_inbound_lost-property.md,Q. What do people get wrong about lost property in Japan?,National Police Agency — Lost Property Act overview (遺失物法),https://www.npa.go.jp/,Tokyo figures with the Tokyo Metropolitan Police Department's annual lost-property statistics; retention periods with the Lost Property Act.,,,
444,444_inbound_atms-and-cash-withdrawal.md,Q. What do people get wrong about withdrawing cash in Japan?,Seven Bank — International cards at Seven Bank ATMs (English),https://www.sevenbank.co.jp/intlcard/,ATM acceptance and fees with Seven Bank and Japan Post Bank; cashless ratio with METI's annual figures.,,,
444,444_inbound_atms-and-cash-withdrawal.md,Q. What do people get wrong about withdrawing cash in Japan?,Japan Post Bank — ATM service for overseas cards (English),https://www.jp-bank.japanpost.jp/en/,ATM acceptance and fees with Seven Bank and Japan Post Bank; cashless ratio with METI's annual figures.,,,
444,444_inbound_atms-and-cash-withdrawal.md,Q. What do people get wrong about withdrawing cash in Japan?,"Ministry of Economy, Trade and Industry — Cashless payment ratio statistics",https://www.meti.go.jp/policy/mono_info_service/cashless/,ATM acceptance and fees with Seven Bank and Japan Post Bank; cashless ratio with METI's annual figures.,,,
445,445_inbound_dining-alone-and-counter-culture.md,Q. What do people get wrong about eating alone in Japan?,Statistics Bureau of Japan — 2020 Population Census (household composition),https://www.stat.go.jp/data/kokusei/2020/,Household figures with the 2020 census; solo-eating surveys are private polls.,,,
445,445_inbound_dining-alone-and-counter-culture.md,Q. What do people get wrong about eating alone in Japan?,"Ministry of Agriculture, Forestry and Fisheries — Survey on eating habits (孤食・共食)",https://www.maff.go.jp/j/syokuiku/,Household figures with the 2020 census; solo-eating surveys are private polls.,,,
445,445_inbound_dining-alone-and-counter-culture.md,Q. What do people get wrong about eating alone in Japan?,Japan National Tourism Organization — Dining in Japan,https://www.japan.travel/en/guide/dining-etiquette/,Household figures with the 2020 census; solo-eating surveys are private polls.,,,
446,446_inbound_buying-electronics-and-cameras.md,Q. What do people get wrong about buying electronics and cameras in Japan?,National Tax Agency — Tax-free shopping for visitors (general goods),https://www.nta.go.jp/taxes/shiraberu/taxanswer/shohi/6551.htm,Tax-free procedure with the National Tax Agency; battery rules with your airline; model-specific details with the manufacturer.,,,
446,446_inbound_buying-electronics-and-cameras.md,Q. What do people get wrong about buying electronics and cameras in Japan?,"Ministry of Land, Infrastructure, Transport and Tourism (Civil Aviation Bureau) — Lithium batteries on aircraft",https://www.mlit.go.jp/koku/15_bf_000006.html,Tax-free procedure with the National Tax Agency; battery rules with your airline; model-specific details with the manufacturer.,,,
446,446_inbound_buying-electronics-and-cameras.md,Q. What do people get wrong about buying electronics and cameras in Japan?,Japan Customs — Duty on returning residents' purchases (your home customs applies),https://www.customs.go.jp/english/,Tax-free procedure with the National Tax Agency; battery rules with your airline; model-specific details with the manufacturer.,,,
447,447_inbound_japanese-hospitals-for-visitors.md,Q. What do people get wrong about seeing a doctor in Japan as a visitor?,Japan National Tourism Organization — Medical institutions search and Japan Visitor Hotline,https://www.jnto.go.jp/emergency/eng/mi_guide.html,Hotline number and clinic search with JNTO; fee schedule and the surcharge for uninsured foreign patients with MHLW guidance; #7119 coverage with FDMA.,,,
447,447_inbound_japanese-hospitals-for-visitors.md,Q. What do people get wrong about seeing a doctor in Japan as a visitor?,"Ministry of Health, Labour and Welfare — Guidance for medical institutions receiving foreign patients (訪日外国人旅行者等への医療提供)",https://www.mhlw.go.jp/stf/seisakunitsuite/bunya/0000173230.html,Hotline number and clinic search with JNTO; fee schedule and the surcharge for uninsured foreign patients with MHLW guidance; #7119 coverage with FDMA.,,,
447,447_inbound_japanese-hospitals-for-visitors.md,Q. What do people get wrong about seeing a doctor in Japan as a visitor?,Fire and Disaster Management Agency — #7119 emergency consultation,https://www.fdma.go.jp/mission/enrichment/appropriate/appropriate007.html,Hotline number and clinic search with JNTO; fee schedule and the surcharge for uninsured foreign patients with MHLW guidance; #7119 coverage with FDMA.,,,
448,448_inbound_ryokan-and-hotel-cancellation-rules.md,Q. What do people get wrong about hotel and restaurant cancellation rules in Japan?,"Ministry of Economy, Trade and Industry — Guidelines on restaurant no-shows (No show 対策レポート, 2018)",https://www.meti.go.jp/press/2018/11/20181101003/20181101003.html,METI no-show guidance (2018) and industry estimates; individual property policies always govern.,,,
448,448_inbound_ryokan-and-hotel-cancellation-rules.md,Q. What do people get wrong about hotel and restaurant cancellation rules in Japan?,Consumer Affairs Agency — Consumer Contract Act (cancellation charges),https://www.caa.go.jp/policies/policy/consumer_system/consumer_contract_act/,METI no-show guidance (2018) and industry estimates; individual property policies always govern.,,,
448,448_inbound_ryokan-and-hotel-cancellation-rules.md,Q. What do people get wrong about hotel and restaurant cancellation rules in Japan?,Japan Ryokan and Hotel Association — Standard terms and conditions (宿泊約款),https://www.ryokan.or.jp/english/,METI no-show guidance (2018) and industry estimates; individual property policies always govern.,,,
449,449_inbound_tattoos-gyms-and-pools.md,"Q. What do people get wrong about tattoos at gyms, pools and beaches in Japan?","Japan Tourism Agency — Guidance to bathing facilities on tattooed visitors (入れ墨がある外国人旅行者の入浴に関する対応, 2016)",https://www.mlit.go.jp/kankocho/,The 2020 Supreme Court ruling; JTA guidance (2016); venue policies change — check each.,,,
449,449_inbound_tattoos-gyms-and-pools.md,"Q. What do people get wrong about tattoos at gyms, pools and beaches in Japan?",Supreme Court of Japan — Decision on tattooing and the Medical Practitioners Act (2020),https://www.courts.go.jp/,The 2020 Supreme Court ruling; JTA guidance (2016); venue policies change — check each.,,,
449,449_inbound_tattoos-gyms-and-pools.md,"Q. What do people get wrong about tattoos at gyms, pools and beaches in Japan?",Japan National Tourism Organization — Tattoo-friendly onsen and bathing information,https://www.japan.travel/en/guide/onsen-etiquette/,The 2020 Supreme Court ruling; JTA guidance (2016); venue policies change — check each.,,,
450,450_inbound_gift-wrapping-and-omiyage-etiquette-for-visitors.md,Q. What do people get wrong about buying omiyage and having gifts wrapped in Japan?,Japan National Tourism Organization — Souvenirs and omiyage culture,https://www.japan.travel/en/guide/shopping/,Market size estimates are industry figures; customs rules with your destination.,,,
450,450_inbound_gift-wrapping-and-omiyage-etiquette-for-visitors.md,Q. What do people get wrong about buying omiyage and having gifts wrapped in Japan?,National Tax Agency — Tax-free shopping (consumables),https://www.nta.go.jp/taxes/shiraberu/taxanswer/shohi/6551.htm,Market size estimates are industry figures; customs rules with your destination.,,,
450,450_inbound_gift-wrapping-and-omiyage-etiquette-for-visitors.md,Q. What do people get wrong about buying omiyage and having gifts wrapped in Japan?,"Ministry of Agriculture, Forestry and Fisheries — Animal and plant quarantine: taking food out of Japan",https://www.maff.go.jp/aqs/,Market size estimates are industry figures; customs rules with your destination.,,,
501,501_inbound_cycling-rules-for-visitors.md,"Q. Can I rent a bicycle in Japan, and what are the rules I might not expect?",National Police Agency — Bicycle safety rules and the 2024 amendments to the Road Traffic Act,https://www.npa.go.jp/bureau/traffic/bicycle/,Penalty amounts under the November 2024 Road Traffic Act amendment; helmet rule (April 2023); share-cycle prices per operator app.,,,
501,501_inbound_cycling-rules-for-visitors.md,"Q. Can I rent a bicycle in Japan, and what are the rules I might not expect?",Tokyo Metropolitan Police — Bicycle riding rules and impound (removal) procedures,https://www.keishicho.metro.tokyo.lg.jp/kotsu/jikoboshi/bicycle/,Penalty amounts under the November 2024 Road Traffic Act amendment; helmet rule (April 2023); share-cycle prices per operator app.,,,
501,501_inbound_cycling-rules-for-visitors.md,"Q. Can I rent a bicycle in Japan, and what are the rules I might not expect?",Japan Tourism Agency / JNTO — Cycling in Japan (rules for visitors),https://www.japan.travel/en/guide/cycling/,Penalty amounts under the November 2024 Road Traffic Act amendment; helmet rule (April 2023); share-cycle prices per operator app.,,,
502,502_inbound_climbing-mount-fuji-safely.md,Q. Can anyone climb Mount Fuji? What do first-timers get wrong?,"Official Mt. Fuji Climbing website (Yamanashi and Shizuoka prefectures, Ministry of the Environment) — rules, fees, trail status",https://www.fujisan-climb.jp/en/,"2025 fee (¥4,000) and Yoshida gate hours/cap with the official climbing site; climber numbers and altitude-sickness share with prefectural reports.",,,
502,502_inbound_climbing-mount-fuji-safely.md,Q. Can anyone climb Mount Fuji? What do first-timers get wrong?,"Yamanashi Prefecture — Yoshida Trail regulations 2024–2025 (gate hours, daily cap, fee)",https://www.pref.yamanashi.jp/english/,"2025 fee (¥4,000) and Yoshida gate hours/cap with the official climbing site; climber numbers and altitude-sickness share with prefectural reports.",,,
502,502_inbound_climbing-mount-fuji-safely.md,Q. Can anyone climb Mount Fuji? What do first-timers get wrong?,Japan Meteorological Agency — Mountain weather and warnings,https://www.jma.go.jp/jma/indexe.html,"2025 fee (¥4,000) and Yoshida gate hours/cap with the official climbing site; climber numbers and altitude-sickness share with prefectural reports.",,,
503,503_inbound_beaches-and-swimming-safety.md,"Q. Are Japanese beaches safe for swimming? Jellyfish, rip currents and the rules","Japan Coast Guard — Marine leisure safety (rip currents, seasonal hazards)",https://www.kaiho.mlit.go.jp/e/,Annual water-death figures with National Police Agency statistics; number of designated beaches with the Ministry of the Environment; jellyfish first aid with Okinawa prefectural guidance.,,,
503,503_inbound_beaches-and-swimming-safety.md,"Q. Are Japanese beaches safe for swimming? Jellyfish, rip currents and the rules",Ministry of the Environment — Bathing beach water quality survey (designated beaches),https://www.env.go.jp/water/,Annual water-death figures with National Police Agency statistics; number of designated beaches with the Ministry of the Environment; jellyfish first aid with Okinawa prefectural guidance.,,,
503,503_inbound_beaches-and-swimming-safety.md,"Q. Are Japanese beaches safe for swimming? Jellyfish, rip currents and the rules",Okinawa Prefecture — Dangerous marine animals (habu-kurage) first aid,https://www.pref.okinawa.jp/english/,Annual water-death figures with National Police Agency statistics; number of designated beaches with the Ministry of the Environment; jellyfish first aid with Okinawa prefectural guidance.,,,
504,504_inbound_snow-country-and-winter-sports.md,"Q. Visiting Japan in winter: what do people get wrong about snow, skiing and getting around?",Japan Meteorological Agency — Snow depth statistics and heavy-snow warnings,https://www.jma.go.jp/jma/indexe.html,Snowfall averages and Sapporo fall-injury counts with JMA and Sapporo City data; lift-pass and rescue cost ranges with current resort and insurer information.,,,
504,504_inbound_snow-country-and-winter-sports.md,"Q. Visiting Japan in winter: what do people get wrong about snow, skiing and getting around?","Sapporo City — Winter walking safety (""Tsuru-tsuru"" ice information)",https://tsurutsuru.jp/,Snowfall averages and Sapporo fall-injury counts with JMA and Sapporo City data; lift-pass and rescue cost ranges with current resort and insurer information.,,,
504,504_inbound_snow-country-and-winter-sports.md,"Q. Visiting Japan in winter: what do people get wrong about snow, skiing and getting around?",Japan Avalanche Network — Backcountry advisories and resort rules,https://nadare.jp/,Snowfall averages and Sapporo fall-injury counts with JMA and Sapporo City data; lift-pass and rescue cost ranges with current resort and insurer information.,,,
505,505_inbound_restaurant-hours-and-last-orders.md,"Q. Why did the restaurant turn me away at 8:30 pm? Opening hours, last orders and closing days in Japan","Japan National Tourism Organization — Dining in Japan: hours, reservations and etiquette",https://www.japan.travel/en/guide/dining-etiquette/,"Typical hour patterns are editorial generalisations; verify with current listings. Seasonal closure periods (Golden Week, Obon, New Year) vary by establishment.",,,
505,505_inbound_restaurant-hours-and-last-orders.md,"Q. Why did the restaurant turn me away at 8:30 pm? Opening hours, last orders and closing days in Japan","Ministry of Health, Labour and Welfare — Restaurant licensing and business-hours framework (Food Sanitation Act)",https://www.mhlw.go.jp/english/,"Typical hour patterns are editorial generalisations; verify with current listings. Seasonal closure periods (Golden Week, Obon, New Year) vary by establishment.",,,
505,505_inbound_restaurant-hours-and-last-orders.md,"Q. Why did the restaurant turn me away at 8:30 pm? Opening hours, last orders and closing days in Japan","Tabelog — Restaurant listing standards (opening hours, teikyūbi)",https://tabelog.com/en/,"Typical hour patterns are editorial generalisations; verify with current listings. Seasonal closure periods (Golden Week, Obon, New Year) vary by establishment.",,,
506,506_inbound_sake-shochu-and-drinking-rules.md,"Q. What should visitors know about drinking in Japan? Sake, shōchū, the legal age and where you can drink",National Police Agency — Drink-driving penalties and the Road Traffic Act,https://www.npa.go.jp/english/,Shibuya ordinance hours (2024) with the city; drink-driving thresholds and penalties with the NPA; ABV ranges with the NTA liquor classifications.,,,
506,506_inbound_sake-shochu-and-drinking-rules.md,"Q. What should visitors know about drinking in Japan? Sake, shōchū, the legal age and where you can drink",Shibuya City — Ordinance restricting street drinking in the Shibuya station area (2024),https://www.city.shibuya.tokyo.jp/,Shibuya ordinance hours (2024) with the city; drink-driving thresholds and penalties with the NPA; ABV ranges with the NTA liquor classifications.,,,
506,506_inbound_sake-shochu-and-drinking-rules.md,"Q. What should visitors know about drinking in Japan? Sake, shōchū, the legal age and where you can drink","National Tax Agency — Liquor tax classifications (sake, shōchū, beer categories)",https://www.nta.go.jp/english/,Shibuya ordinance hours (2024) with the city; drink-driving thresholds and penalties with the NPA; ABV ranges with the NTA liquor classifications.,,,
507,507_inbound_oversized-luggage-on-shinkansen.md,Q. Can I take a big suitcase on the shinkansen? The oversized-baggage rule,"JR Central — Oversized baggage on the Tokaido Shinkansen (rules, reservation, fee)",https://global.jr-central.co.jp/en/info/oversized-baggage/,"Current fee (¥1,000) and the exact list of lines with JR Central/West/Kyushu pages; check whether Hokuriku extension segments have adopted the rule.",,,
507,507_inbound_oversized-luggage-on-shinkansen.md,Q. Can I take a big suitcase on the shinkansen? The oversized-baggage rule,JR West — Oversized baggage on the Sanyo and Hokuriku Shinkansen,https://www.westjr.co.jp/global/en/ticket/guide/baggage/,"Current fee (¥1,000) and the exact list of lines with JR Central/West/Kyushu pages; check whether Hokuriku extension segments have adopted the rule.",,,
507,507_inbound_oversized-luggage-on-shinkansen.md,Q. Can I take a big suitcase on the shinkansen? The oversized-baggage rule,JR Kyushu — Baggage rules on the Kyushu and Nishi-Kyushu Shinkansen,https://www.jrkyushu.co.jp/english/,"Current fee (¥1,000) and the exact list of lines with JR Central/West/Kyushu pages; check whether Hokuriku extension segments have adopted the rule.",,,
508,508_inbound_vacation-rentals-and-minpaku-rules.md,"Q. Renting a house or apartment in Japan (Airbnb, minpaku): what do visitors get wrong?",Japan Tourism Agency — Private Lodging Business Act (Minpaku Shinpō) portal and registration lookup,https://www.mlit.go.jp/kankocho/minpaku/en/,Kyoto residential-zone dates and the 800 m host-residence rule with the city; 180-night cap and passport-copy requirement with the JTA portal.,,,
508,508_inbound_vacation-rentals-and-minpaku-rules.md,"Q. Renting a house or apartment in Japan (Airbnb, minpaku): what do visitors get wrong?",Kyoto City — Minpaku ordinance (residential-zone period limits),https://www.city.kyoto.lg.jp/,Kyoto residential-zone dates and the 800 m host-residence rule with the city; 180-night cap and passport-copy requirement with the JTA portal.,,,
508,508_inbound_vacation-rentals-and-minpaku-rules.md,"Q. Renting a house or apartment in Japan (Airbnb, minpaku): what do visitors get wrong?","Ministry of Health, Labour and Welfare — Hotel Business Act and guest registration requirements",https://www.mhlw.go.jp/english/,Kyoto residential-zone dates and the 800 m host-residence rule with the city; 180-night cap and passport-copy requirement with the JTA portal.,,,
509,509_inbound_emergency-numbers-and-police-boxes.md,"Q. What are the emergency numbers in Japan, and what is a kōban?",National Police Agency — How to call the police (110) and the kōban system,https://www.npa.go.jp/english/,Kōban and chūzaisho counts with the NPA; #7119 coverage areas with the FDMA; the JNTO hotline number with the JNTO page.,,,
509,509_inbound_emergency-numbers-and-police-boxes.md,"Q. What are the emergency numbers in Japan, and what is a kōban?",Fire and Disaster Management Agency — Calling 119 in Japan (multilingual guide),https://www.fdma.go.jp/en/,Kōban and chūzaisho counts with the NPA; #7119 coverage areas with the FDMA; the JNTO hotline number with the JNTO page.,,,
509,509_inbound_emergency-numbers-and-police-boxes.md,"Q. What are the emergency numbers in Japan, and what is a kōban?",Japan National Tourism Organization — Japan Visitor Hotline and emergency information,https://www.japan.travel/en/plan/emergencies/,Kōban and chūzaisho counts with the NPA; #7119 coverage areas with the FDMA; the JNTO hotline number with the JNTO page.,,,
510,510_inbound_knives-and-fragile-souvenirs.md,Q. Buying a Japanese kitchen knife or ceramics: how do I get them home?,"Ministry of Land, Infrastructure, Transport and Tourism — Prohibited items in carry-on baggage (knives, blades)",https://www.mlit.go.jp/koku/15_bf_000006.html,Blade-length rule (6 cm) with the NPA; EMS prices and knife shipping restrictions with Japan Post and destination-country customs; 2026 tax-free changes with the NTA.,,,
510,510_inbound_knives-and-fragile-souvenirs.md,Q. Buying a Japanese kitchen knife or ceramics: how do I get them home?,National Police Agency — Swords and Firearms Control Law / carrying blades in public,https://www.npa.go.jp/english/,Blade-length rule (6 cm) with the NPA; EMS prices and knife shipping restrictions with Japan Post and destination-country customs; 2026 tax-free changes with the NTA.,,,
510,510_inbound_knives-and-fragile-souvenirs.md,Q. Buying a Japanese kitchen knife or ceramics: how do I get them home?,Japan Post — EMS international shipping of goods (prohibited and restricted items),https://www.post.japanpost.jp/int/ems/index_en.html,Blade-length rule (6 cm) with the NPA; EMS prices and knife shipping restrictions with Japan Post and destination-country customs; 2026 tax-free changes with the NTA.,,,
581,581_inbound_qr-payment-apps-for-visitors.md,Q. Can visitors use PayPay and other QR-code payment apps in Japan?,"Japan Tourism Agency / JNTO — Payment methods in Japan for visitors (cash, cards, IC cards, QR)",https://www.japan.travel/en/plan/money/,Current sign-up rules for PayPay and other domestic wallets; the list of Alipay+ partner wallets; Welcome Suica availability and the status of foreign-card top-ups in Apple Wallet.,,,
581,581_inbound_qr-payment-apps-for-visitors.md,Q. Can visitors use PayPay and other QR-code payment apps in Japan?,PayPay Corporation — Merchant acceptance of Alipay+ and overseas wallets,https://paypay.ne.jp/,Current sign-up rules for PayPay and other domestic wallets; the list of Alipay+ partner wallets; Welcome Suica availability and the status of foreign-card top-ups in Apple Wallet.,,,
581,581_inbound_qr-payment-apps-for-visitors.md,Q. Can visitors use PayPay and other QR-code payment apps in Japan?,JR East — Welcome Suica and Mobile Suica for visitors,https://www.jreast.co.jp/multi/en/welcomesuica/,Current sign-up rules for PayPay and other domestic wallets; the list of Alipay+ partner wallets; Welcome Suica availability and the status of foreign-card top-ups in Apple Wallet.,,,
582,582_inbound_highway-and-overnight-buses.md,Q. Are Japan's highway and overnight buses worth it? What visitors get wrong,"Ministry of Land, Infrastructure, Transport and Tourism — Intercity bus safety regulations and passenger statistics",https://www.mlit.go.jp/jidosha/,"Fare ranges with current operator listings (Willer, JR Bus); annual passenger figure with MLIT statistics; terminal names and stop locations for the current season.",,,
582,582_inbound_highway-and-overnight-buses.md,Q. Are Japan's highway and overnight buses worth it? What visitors get wrong,Nihon Bus Association — Highway bus guide (Kosoku Bus Net),https://www.bus.or.jp/,"Fare ranges with current operator listings (Willer, JR Bus); annual passenger figure with MLIT statistics; terminal names and stop locations for the current season.",,,
582,582_inbound_highway-and-overnight-buses.md,Q. Are Japan's highway and overnight buses worth it? What visitors get wrong,Japan National Tourism Organization — Travelling by highway bus,https://www.japan.travel/en/guide/highway-buses/,"Fare ranges with current operator listings (Willer, JR Bus); annual passenger figure with MLIT statistics; terminal names and stop locations for the current season.",,,
583,583_inbound_ferries-and-island-hopping.md,"Q. How do ferries work in Japan? Island-hopping, car ferries and the long-distance routes","Ministry of Land, Infrastructure, Transport and Tourism — Ferry routes and maritime passenger services (Maritime Bureau)",https://www.mlit.go.jp/maritime/,Fare ranges and voyage times with current operator timetables; JR Pass ferry coverage; Ogasawara sailing frequency.,,,
583,583_inbound_ferries-and-island-hopping.md,"Q. How do ferries work in Japan? Island-hopping, car ferries and the long-distance routes",Japan Long Course Ferry Service Association — Long-distance ferry routes and operators,https://www.jlc-ferry.jp/,Fare ranges and voyage times with current operator timetables; JR Pass ferry coverage; Ogasawara sailing frequency.,,,
583,583_inbound_ferries-and-island-hopping.md,"Q. How do ferries work in Japan? Island-hopping, car ferries and the long-distance routes",Japan National Tourism Organization — Ferries and island travel,https://www.japan.travel/en/guide/ferries/,Fare ranges and voyage times with current operator timetables; JR Pass ferry coverage; Ogasawara sailing frequency.,,,
584,584_inbound_capsule-hotels-and-manga-cafes.md,"Q. Capsule hotels, manga cafés and other places to sleep cheap in Japan: what should visitors know?","Ministry of Health, Labour and Welfare — Hotel Business Act (simple lodging category, capsule hotels)",https://www.mhlw.go.jp/stf/seisakunitsuite/bunya/kenkou_iryou/kenkou/seikatsu-eisei/,Price ranges with current listings; the age/curfew rules for net cafés under local youth-protection ordinances; women-only floor availability by chain.,,,
584,584_inbound_capsule-hotels-and-manga-cafes.md,"Q. Capsule hotels, manga cafés and other places to sleep cheap in Japan: what should visitors know?",Japan Complex Café Association — Manga/internet café industry standards and youth protection rules,https://www.jcca.ne.jp/,Price ranges with current listings; the age/curfew rules for net cafés under local youth-protection ordinances; women-only floor availability by chain.,,,
584,584_inbound_capsule-hotels-and-manga-cafes.md,"Q. Capsule hotels, manga cafés and other places to sleep cheap in Japan: what should visitors know?",Japan National Tourism Organization — Accommodation types in Japan,https://www.japan.travel/en/plan/accommodation/,Price ranges with current listings; the age/curfew rules for net cafés under local youth-protection ordinances; women-only floor availability by chain.,,,
585,585_inbound_game-centres-and-capsule-toys.md,"Q. Game centres, crane games and gachapon: how do visitors play without wasting money?",National Police Agency — Entertainment Business Act: amusement machine prize value guidance,https://www.npa.go.jp/,"The prize-value guidance figure (approx. ¥1,000) and its legal basis; youth curfew hours by prefecture; current play prices at major chains.",,,
585,585_inbound_game-centres-and-capsule-toys.md,"Q. Game centres, crane games and gachapon: how do visitors play without wasting money?",Japan Amusement Industry Association — Prize game operating guidelines,https://jaia.jp/,"The prize-value guidance figure (approx. ¥1,000) and its legal basis; youth curfew hours by prefecture; current play prices at major chains.",,,
585,585_inbound_game-centres-and-capsule-toys.md,"Q. Game centres, crane games and gachapon: how do visitors play without wasting money?",Japan National Tourism Organization — Game centres and arcades for visitors,https://www.japan.travel/en/guide/arcades/,"The prize-value guidance figure (approx. ¥1,000) and its legal basis; youth curfew hours by prefecture; current play prices at major chains.",,,
586,586_inbound_watching-sumo-and-baseball.md,"Q. How do I get tickets for sumo and baseball in Japan, and what should I expect?",Japan Sumo Association — Official ticket information (Ticket Oosumo) and tournament schedule,https://sumo.pia.jp/en/,Sale dates and prices with the current tournament announcement; stadium-specific rules on outside food and balloons; NPB season dates for the year.,,,
586,586_inbound_watching-sumo-and-baseball.md,"Q. How do I get tickets for sumo and baseball in Japan, and what should I expect?",Nippon Professional Baseball — Schedule and ticket information,https://npb.jp/eng/,Sale dates and prices with the current tournament announcement; stadium-specific rules on outside food and balloons; NPB season dates for the year.,,,
586,586_inbound_watching-sumo-and-baseball.md,"Q. How do I get tickets for sumo and baseball in Japan, and what should I expect?",National Police Agency — Act on Ensuring Proper Ticket Resale (2019),https://www.npa.go.jp/,Sale dates and prices with the current tournament announcement; stadium-specific rules on outside food and balloons; NPB season dates for the year.,,,
587,587_inbound_fireworks-festivals-hanabi.md,"Q. How do Japanese fireworks festivals work, and how do visitors get a good spot?",Japan National Tourism Organization — Summer fireworks festivals (calendar and access),https://www.japan.travel/en/guide/fireworks-festivals/,"Dates, shell counts and attendance figures with each festival's official site for the current year; reserved-seat sale windows and prices.",,,
587,587_inbound_fireworks-festivals-hanabi.md,"Q. How do Japanese fireworks festivals work, and how do visitors get a good spot?",Nagaoka Fireworks Foundation — Official festival information and reserved seating,https://nagaokamatsuri.com/,"Dates, shell counts and attendance figures with each festival's official site for the current year; reserved-seat sale windows and prices.",,,
587,587_inbound_fireworks-festivals-hanabi.md,"Q. How do Japanese fireworks festivals work, and how do visitors get a good spot?","Tokyo Metropolitan Government / Sumida River Fireworks Festival Executive Committee — Official site (dates, viewing areas, cancellation rules)",https://www.sumidagawa-hanabi.com/,"Dates, shell counts and attendance figures with each festival's official site for the current year; reserved-seat sale windows and prices.",,,
588,588_inbound_nightlife-safety-and-touts.md,"Q. Is Japan's nightlife safe? Touts, ""bottakuri"" bars and how to avoid being overcharged","Tokyo Metropolitan Police — Warning on ""bottakuri"" bars in Shinjuku and Roppongi; Shinjuku Ward anti-touting ordinance",https://www.keishicho.metro.tokyo.lg.jp/kurashi/,"Ordinance years (Shinjuku 2016, Osaka 2014) and their exact scope; current embassy advisories; typical reported charge ranges from police releases.",,,
588,588_inbound_nightlife-safety-and-touts.md,"Q. Is Japan's nightlife safe? Touts, ""bottakuri"" bars and how to avoid being overcharged",U.S. Embassy in Japan — Safety message on drink spiking and credit-card fraud in Roppongi and Kabukicho,https://jp.usembassy.gov/services/,"Ordinance years (Shinjuku 2016, Osaka 2014) and their exact scope; current embassy advisories; typical reported charge ranges from police releases.",,,
588,588_inbound_nightlife-safety-and-touts.md,"Q. Is Japan's nightlife safe? Touts, ""bottakuri"" bars and how to avoid being overcharged",Osaka Prefecture — Ordinance on prevention of nuisance touting (Minami / Kita districts),https://www.pref.osaka.lg.jp/,"Ordinance years (Shinjuku 2016, Osaka 2014) and their exact scope; current embassy advisories; typical reported charge ranges from police releases.",,,
589,589_inbound_business-etiquette-meishi.md,"Q. Visiting Japan for work: business cards, meetings and the etiquette that matters",JETRO (Japan External Trade Organization) — Business etiquette and communication in Japan,https://www.jetro.go.jp/en/invest/setting_up/,Etiquette norms are editorial synthesis; verify Cool Biz period and any JETRO guidance wording before publication.,,,
589,589_inbound_business-etiquette-meishi.md,"Q. Visiting Japan for work: business cards, meetings and the etiquette that matters",Ministry of Foreign Affairs of Japan — Web Japan: Business customs,https://web-japan.org/,Etiquette norms are editorial synthesis; verify Cool Biz period and any JETRO guidance wording before publication.,,,
589,589_inbound_business-etiquette-meishi.md,"Q. Visiting Japan for work: business cards, meetings and the etiquette that matters",Ministry of the Environment — Cool Biz campaign (office dress code May–September),https://ondankataisaku.env.go.jp/coolchoice/coolbiz/,Etiquette norms are editorial synthesis; verify Cool Biz period and any JETRO guidance wording before publication.,,,
590,590_inbound_leaving-japan-departure-checklist.md,"Q. Leaving Japan: the departure tax, airport timing, tax-free checks and what visitors forget","Ministry of Finance / Japan Customs — Departure procedures: tax-free goods verification, cash declaration",https://www.customs.go.jp/english/,Last-train times and fares with current timetables; the 2026 tax-free refund-at-departure change with the NTA; power-bank rules with the airline and MLIT.,,,
590,590_inbound_leaving-japan-departure-checklist.md,"Q. Leaving Japan: the departure tax, airport timing, tax-free checks and what visitors forget","National Tax Agency — International Tourist Tax (¥1,000) and the consumption tax exemption system for visitors",https://www.nta.go.jp/english/taxes/consumption_tax/,Last-train times and fares with current timetables; the 2026 tax-free refund-at-departure change with the NTA; power-bank rules with the airline and MLIT.,,,
590,590_inbound_leaving-japan-departure-checklist.md,"Q. Leaving Japan: the departure tax, airport timing, tax-free checks and what visitors forget",JR East — Suica refund procedures; Welcome Suica terms,https://www.jreast.co.jp/multi/en/welcomesuica/,Last-train times and fares with current timetables; the 2026 tax-free refund-at-departure change with the NTA; power-bank rules with the airline and MLIT.,,,
