記事番号,棚,ファイル名,確認が必要な記述,検出バッチ,確認結果（OK／要修正）,確認者,確認日
001,beauty,001_beauty_cleansing.md,「W洗顔」が日本独自の習慣であること、および「生え際・あご・小鼻のまわりは残りやすい場所として知られている」という記述の出典。,jr_000,,,
001,beauty,001_beauty_cleansing.md,出典の日本皮膚科学会「皮膚科Q&A」URL https://www.dermatol.or.jp/qa/ の現存。検索では一般市民向けページとして https://www.dermatol.or.jp/public/ は確認できたが /qa/ は確認できなかった。公開前に要確認（006も同じURLを使用）。,jr_000,,,
002,health,002_health_napping.md,『健康づくりのための睡眠指針2014』の原文表現「午後の早い時刻に30分以内の短い昼寝」の逐語一致（一次資料PDFに到達できず、検索回数上限に到達）。,jr_000,,,
002,health,002_health_napping.md,『睡眠ガイド2023』本文における昼寝の記述の逐語表現（高齢者「30分以上の長い昼寝は避ける」は二次情報2件で一致。成人向けの昼寝記述の有無は未確認）。出典1つ目は最終版PDFではなくMHLWの睡眠対策インデックスページ、2つ目は「（案）」資料である点も要確認。,jr_000,,,
003,trend,003_trend_batch-cooking.md,厚労省パンフレット pamph01_05.pdf の本文（10℃以下／−15℃以下／中心部75℃1分以上／温め直し75℃以上／「時間が経ちすぎたら捨てる」）の逐語一致。URLの現存と自治体サイト経由の温度目安は確認済みだが、PDF本体は未閲覧。,jr_000,,,
005,wisdom,005_wisdom_taking-shoes-off-indoors.md,「Picture scrolls from the Heian period (794–1185) already show footwear being removed before entering residences」。nippon.com等の二次情報では同趣旨の記述があるが、一次史料・学術出典は未確認。,jr_000,,,
005,wisdom,005_wisdom_taking-shoes-off-indoors.md,出典3の Web Japan（外務省）URL https://web-japan.org/kidsweb/explore/housing/q1.html の現存とページ内容。,jr_000,,,
006,beauty,006_beauty_skincare-order.md,朝夜の基本手順（洗顔→化粧水→乳液→日焼け止め等）が日本皮膚科学会の情報に由来するか。検索では化粧品会社・医療機関サイトでの紹介のみ確認でき、学会の一次資料は確認できなかった（記事内の【要検証】と同じ論点）。,jr_000,,,
007,health,007_health_pillow-height.md,出典に挙げた e-ヘルスネット「快眠と生活習慣」および『睡眠ガイド2023』に、枕の高さに関する記述があるかどうか（本文の数値を支える出典として妥当か）。,jr_001,,,
007,health,007_health_pillow-height.md,枕の高さの目安（仰向け約1〜6cm／横向き約4〜10cm／うつ伏せ約0.5〜3cm）。寝具メーカー系の解説記事では仰向け約1〜6cm・横向き約4〜10cmが確認できたが、各社公式資料そのものは特定できていない。うつ伏せの0.5〜3cmは裏取りできなかった。,jr_001,,,
008,trend,008_trend_using-the-fridge.md,「庫内には最大で20℃以上の温度差」。表の数値（野菜室8℃〜冷凍室−20℃）からは約28℃差となり、記述と表の対応が緩い。一次出典なし。,jr_001,,,
008,trend,008_trend_using-the-fridge.md,出典URL https://www.mhlw.go.jp/topics/bukyoku/iyaku/syoku-anzen/dl/pamph01_05.pdf の生存・内容。厚労省の該当解説ページは https://www.mhlw.go.jp/stf/seisakunitsuite/bunya/kenkou_iryou/shokuhin/syokuchu/01_00006.html で確認でき、「冷蔵庫は10℃以下、冷凍庫は−15℃以下」「詰めすぎない（目安は7割）」も確認できた。,jr_001,,,
008,trend,008_trend_using-the-fridge.md,出典に挙げたJEMA「電気冷蔵庫」ページ（https://www.jema-net.or.jp/living/reizouko/index.html）が、記事の温度帯を裏づける記載を含むか。,jr_001,,,
008,trend,008_trend_using-the-fridge.md,誤解6「停電しても数時間なら平気」に対する具体的な温度上昇の速さ（何時間でどの程度上がるか）の根拠。,jr_001,,,
010,wisdom,010_wisdom_storage-in-narrow-spaces.md,"""Urban figures are lower."" 都市部の具体的な数値（東京都等）は確認していない。",jr_001,,,
011,beauty,011_beauty_storing-cosmetics.md,「開封後は数か月から1年以内に使い切る」。日本化粧品工業会Q&Aは「開封後は早めに使いきる」と案内しているが、具体的な月数は二次情報（化粧水・乳液で6か月〜1年等）にとどまる。,jr_001,,,
011,beauty,011_beauty_storing-cosmetics.md,出典の国民生活センターはトップページURLのみで、化粧品に関する具体的な注意喚起ページが特定されていない。,jr_001,,,
012,health,012_health_bedroom-temperature.md,「湿度60%程度を目安に」の根拠。睡眠関連の二次資料では40〜60%、事務所衛生基準規則では40〜70%とされており、出典と基準値の対応が未確認。,jr_001,,,
012,health,012_health_bedroom-temperature.md,『睡眠ガイド2023』の「睡眠時の室温13〜29℃」「夏場26〜28℃」。二次資料では13〜29℃という記述が見られる一方、13〜28℃とする二次資料もあり、一次資料での確認ができていない。,jr_001,,,
013,trend,013_trend_making-dashi.md,昆布は高温で煮立て続けるとぬめりや雑味が出やすく、かつお節は長く煮ると香りが飛びやすい（定説だが、公的・学術的な一次資料での裏づけは取れなかった）,jr_002,,,
013,trend,013_trend_making-dashi.md,水出し（昆布を水に浸けるだけ）の手軽さ、および「だしがらを使う調理法が各地の家庭で受け継がれてきた」という記述（農水省「うちの郷土料理」の該当ページを特定できていない）,jr_002,,,
015,wisdom,015_wisdom_refill-packs.md,2023年・2024年の容器包装プラスチック使用量の最新値（環境年報Vol.49の本文にアクセスできず、数値を取得できなかった）,jr_002,,,
015,wisdom,015_wisdom_refill-packs.md,"Manufacturers generally advise emptying, washing and drying the container before refilling（メーカー各社の表示に基づく一般化。JSDAの公的な一般案内は確認できなかった）",jr_002,,,
016,beauty,016_beauty_cosmetics-expiry.md,「冷蔵すれば開封後の期間を延ばせるわけではない」（合理的だが、公的資料での明示的な記述を確認できなかった）,jr_002,,,
017,health,017_health_phone-before-bed.md,屋外の光が数万ルクス、室内照明は数百ルクス、画面はさらに弱い、という桁の比較（一般論としては妥当だが、記事が挙げる出典で確認できていない）,jr_002,,,
017,health,017_health_phone-before-bed.md,睡眠ガイド2023の該当箇所の逐語表現（原文PDFに到達できず、二次資料の要約でのみ確認）,jr_002,,,
018,trend,018_trend_pan-care.md,「急な温度変化が変形・加工のはがれの原因になる」「加工がはがれたら買い替え」の公的な裏づけ（メーカー案内としては一般的）,jr_002,,,
018,trend,018_trend_pan-care.md,国民生活センターおよびNITEが調理器具（ふっ素樹脂加工フライパン）に関する注意喚起を出しているか、具体的なページの特定,jr_002,,,
020,wisdom,020_wisdom_furoshiki.md,「風呂敷」の語源＝足利義満の大湯殿説。製造元・辞典類では広く一致するが一次史料は確認できず、風炉（茶の湯）由来説など諸説がある旨は本文に反映されていない。,jr_003,,,
020,wisdom,020_wisdom_furoshiki.md,出典3点（METI・環境省・宮井株式会社）の本文内容そのものは未読（go.jp到達不可）。METIのレジ袋有料化ページのタイトル・URLと2020年7月1日開始は検索で一致を確認済み。,jr_003,,,
020,wisdom,020_wisdom_furoshiki.md,室町時代の年代表記（1336–1573）。一般的な区分と一致するが公的資料での確認は未了。,jr_003,,,
021,fashion,021_fashion_pilling.md,「柔軟剤で摩擦をやわらげる働きは期待される」——柔軟剤とピリング発生率の関係を示す公的・試験機関資料は確認できなかった。,jr_003,,,
021,fashion,021_fashion_pilling.md,「短い繊維を使ったものほど毛玉ができやすい」——業界解説では一般的だが、試験機関の一次資料での裏取りは未了。,jr_003,,,
021,fashion,021_fashion_pilling.md,出典3点目の消費者庁「家庭用品品質表示法（繊維製品）」が本文のどの記述を支えているのか不明。本文に混用率表示への言及がない。,jr_003,,,
022,health,022_health_morning-light.md,"体内時計リセットの目安「2,500ルクス以上」——睡眠クリニック・高照度光療法の解説で広く使われる値だが、厚労省『健康づくりのための睡眠ガイド2023』や学会資料に同じ数値があるかは未確認。",jr_003,,,
022,health,022_health_morning-light.md,出典に挙げた『健康づくりのための睡眠ガイド2023』（2024年2月公表、現行最新版であることは確認済み）が、本文のどの記述を支えるかは未確認。,jr_003,,,
022,health,022_health_morning-light.md,照度表（晴天5万〜10万／曇天約1万／室内数百ルクス）——二次情報では一致するが、公的機関の一次資料での確認は未了。,jr_003,,,
023,trend,023_trend_microwave-tips.md,「電子レンジは食品中の水分を動かして温めるため、水分の多い部分ほど早く温まる」——原理としては妥当だが公的資料での裏取りは未了。,jr_003,,,
023,trend,023_trend_microwave-tips.md,国民生活センターの「2020年4月〜2025年12月・5年9か月・521件」および2026年3月25日公表——検索スニペットでは数値・期間・日付とも一致。発表資料PDF本体は未読。,jr_003,,,
025,wisdom,025_wisdom_tenugui.md,「legal in any hand luggage」——手荷物規則は航空会社・国により異なり、断定の根拠が不明。,jr_003,,,
025,wisdom,025_wisdom_tenugui.md,「夏の相対湿度が恒常的に70%超」——東京の8月平均相対湿度は約75%との二次情報があるが、気象庁統計での直接確認は未了（出典URL data.jma.go.jp/stats/etrn/ 自体は存在する）。,jr_003,,,
025,wisdom,025_wisdom_tenugui.md,出典のMETI「伝統的工芸品」ページ（URLは実在を確認）が手ぬぐい／注染を含むかは未確認。手ぬぐい自体は経産大臣指定伝統的工芸品の一覧に見当たらない可能性があり、出典と本文の対応関係の再確認が必要。,jr_003,,,
025,wisdom,025_wisdom_tenugui.md,寸法「約90×35cm」——製造元の一般的な記載は約90×約36cm。35cmも実売品の範囲内だが幅は33〜38cmと幅がある。,jr_003,,,
026,fashion,026_fashion_knitwear-washing.md,「平干し」＝四角の中に横線という記号の形状。消費者庁の記号一覧原文で未確認（吊り干しが縦線・平干しが横線という一般解説とは一致）。,jr_004,,,
026,fashion,026_fashion_knitwear-washing.md,基本記号は5つ（洗濯・漂白・乾燥・アイロン・クリーニング）という整理。消費者庁は改正後を「7分類43種類」と説明しており、原文での基本記号の数え方を要確認。,jr_004,,,
027,health,027_health_body-clock.md,「約24.2時間」が日本薬学会「概日リズム」（word00678）に記載されているか。同ページの説明は「約24時間」で、24.2という具体値は確認できず。24.2時間（24.18時間）は別の研究報告に基づく値。,jr_004,,,
027,health,027_health_body-clock.md,『健康づくりのための睡眠ガイド2023』が「規則的な生活リズム」を重視しているという要約の原文対応（同ガイドが2024年2月公表であることは確認済み）。,jr_004,,,
028,trend,028_trend_seasonal-food.md,「文部科学省の食品成分表に季節別の値が載っている食材は一部」という記述。成分表は2020年版（八訂）＋2023年増補が最新で、九訂は検討段階。季節別収載の範囲は原文未確認。,jr_004,,,
028,trend,028_trend_seasonal-food.md,東京都中央卸売市場が「野菜・果物の月別の入荷数量と価格」を公表している点の原文確認（市場統計情報の月報・年報の存在とURLは確認済み）。,jr_004,,,
030,wisdom,030_wisdom_single-purpose-kitchen-tools.md,90.86 m² の定義（居住世帯のある住宅全体の1住宅当たり延べ面積か、持ち家・借家別か）。令和5年住宅・土地統計調査の値であることは確認済み。,jr_004,,,
031,fashion,031_fashion_leather-shoe-care.md,「業界の目安は10回履いたら1回」のクリーム塗布頻度は複数の靴専門メディアで一致（月1回または10回履いたら1回）だが、メーカー公式資料での裏取りは未実施。,jr_004,,,
031,fashion,031_fashion_leather-shoe-care.md,「足の汗は1日にコップ1杯（約200mL）」の一次資料。確認できたのは商業メディア・靴店の解説のみで、公的機関・学会の資料は未確認。,jr_004,,,
031,fashion,031_fashion_leather-shoe-care.md,エステー「革靴を長持ちさせるためのお手入れ方法を教えてください」（products.st-c.co.jp/plus/question/answer/42.html）の内容と本文の対応。未検証。,jr_004,,,
031,fashion,031_fashion_leather-shoe-care.md,出典に挙げた消費者庁「家庭用品品質表示法（雑貨工業品）」が靴クリーム・靴墨等を対象としているか。検索上限に達し未検証。対象品目でなければ出典と本文が対応しない可能性がある。,jr_004,,,
032,health,032_health_hydration.md,「推進運動の目的は、熱中症や脳梗塞などの予防です」——運動の趣旨として二次情報で整合するが、原文の文言は未確認。,jr_005,,,
032,health,032_health_hydration.md,「日本の食事摂取基準には、水分の摂取量に関する指標は設けられていません。」——参照した版（2020年版か2025年版か）が本文・出典とも不明。検索枠を使い切ったため未確認。現行版（令和7年度から適用される版）の記載を原文で要確認。,jr_005,,,
032,health,032_health_hydration.md,出典PDF https://www.mhlw.go.jp/file/06-Seisakujouhou-10900000-Kenkoukyoku/0000087038.pdf の生存とその中身（2.5L／1.0L／1.2L／0.3Lの内訳表）。内訳の数値そのものは複数の二次情報で一致を確認済み。,jr_005,,,
033,trend,033_trend_regional-cuisine.md,"2022年3月以降にデータベースの品目数が1,365から増えていないか。2025〜2026年の更新情報は検索で確認できなかった。",jr_005,,,
033,trend,033_trend_regional-cuisine.md,「家庭での調理、飲食店のメニュー、食品メーカーの商品開発、研究に使えるよう公開」——農水省の利用想定の文言は原文未確認。,jr_005,,,
035,wisdom,035_wisdom_indoor-drying.md,「Air conditioning in dry mode plus a circulating fan is the common combination」「気流のほうが温度より効く」——公的・企業研究の裏付け未確認。,jr_005,,,
035,wisdom,035_wisdom_indoor-drying.md,「五時間」の一次情報。花王の公表資料に5時間という記載があるかは確認できず、消費者向け記事にのみ見られる。,jr_005,,,
036,fashion,036_fashion_care-labels.md,旧JIS L0217が22種類であること。2016年12月1日のJIS L0001が41種類であることは2024年改正で「2種類増えて43種類」という記述から逆算して整合するが、22種類は一次情報で未確認。,jr_005,,,
036,fashion,036_fashion_care-labels.md,桶の中の数字が30・40・50・60・70・95の6種であること（2024年改正後に手洗い30℃記号が加わった影響を含む）。,jr_005,,,
037,health,037_health_desk-posture.md,令和3年12月1日の一部改正以降、2022〜2026年に追加の改正がないか。,jr_005,,,
037,health,037_health_desk-posture.md,誤解4の「画面上端が目の高さ付近」および「ガイドラインは視距離についても目安を示しています」——ガイドライン原文の表現（おおむね40cm以上等）は未確認。,jr_005,,,
038,trend,038_trend_brewing-coffee.md,「味の劣化の主因は焙煎で表面に出たコーヒーオイルの酸化」という因果の断定。油脂成分の酸化が関与することは複数の解説にあるが、主因と断定する一次情報を確認できず。,jr_006,,,
038,trend,038_trend_brewing-coffee.md,キーコーヒーの当該ページが「豆約1か月・粉約2週間」と記載しているか。検索スニペットでは常温未開封で数日〜1週間、密閉常温で10日程度、冷凍で1か月以上という別の数値が示されており、本文の数値と一致しない可能性がある。,jr_006,,,
038,trend,038_trend_brewing-coffee.md,抽出温度90〜95℃（注ぎ始め95℃、終わり90℃程度）が全日本コーヒー協会の案内かどうか。協会ページの本文を確認できず。業界一般では92〜96℃とする記述が多く、範囲としては矛盾しない。,jr_006,,,
040,wisdom,040_wisdom_the-rainy-season.md,北海道は梅雨の対象地域として発表されない、という記述（気象庁は北海道と小笠原諸島について梅雨入り・明けを発表しないとされるが、一次情報で未確認）。,jr_006,,,
040,wisdom,040_wisdom_the-rainy-season.md,梅雨が稲作の用水・ダム貯水の観点で必要という記述の一次情報（農林水産省資料）。,jr_006,,,
040,wisdom,040_wisdom_the-rainy-season.md,気象庁の梅雨入り・梅雨明けページのURL（https://www.data.jma.go.jp/cpd/baiu/）が現在も有効か。2024〜2026年に気象庁サイトの再編があり得るため要確認。,jr_006,,,
041,fashion,041_fashion_indoor-drying.md,「モラクセラ菌は人の常在菌で、皮脂や水分を栄養にして増える」という説明の一次情報（花王の公表資料）。,jr_006,,,
042,health,042_health_bath-temperature.md,「湯温41℃以下・10分まで」の現行の出典ページ。複数の二次情報と消費者庁の過去の注意喚起で確認できたが、最新（令和7年12月23日）の注意喚起でも同じ目安が維持されているかは未確認。,jr_006,,,
042,health,042_health_bath-temperature.md,"令和6年データ（浴槽内での溺死及び溺水7,776人、うち65歳以上7,363人）が、記事の表と同じ区分（65歳以上の不慮の溺死及び溺水の総数／家や居住施設の浴槽）で示されているか。区分が異なるため、そのまま置き換えられるかは原文確認が必要。",jr_006,,,
043,trend,043_trend_storing-rice.md,「春〜夏は精米後1か月以内、秋〜冬は2か月以内」「長くても45日以内」という業界の案内の出典（記事中に該当する出典の記載がない）。,jr_006,,,
043,trend,043_trend_storing-rice.md,冷蔵庫の野菜室での保存が常温より保存期間を延ばすという記述の一次情報。,jr_006,,,
043,trend,043_trend_storing-rice.md,消費者庁「食品表示に関する情報」ページが本文のどの記述に対応しているか（本文に食品表示に関する記述がなく、出典と本文が対応していない可能性）。,jr_006,,,
043,trend,043_trend_storing-rice.md,農林水産省「こどもそうだん」ページ（https://www.maff.go.jp/j/heya/kodomo_sodan/0006/01.html）が現在も存在し、「1か月くらいが目安」と記載しているか。検索予算を使い切ったため未確認。,jr_006,,,
045,wisdom,045_wisdom_seasonal-food.md,"ALIC's ""Vegetan"" URL https://vegetan.alic.go.jp/price-trends/changes-arrivals-prices.html — the English-looking path is unusual for a go.jp site and was not verified. Also unverified: that Vegetan covers exactly the Tokyo, Nagoya, Osaka and Fukuoka central markets (it may cover a different or wider set of markets).",jr_007,,,
045,wisdom,045_wisdom_seasonal-food.md,"MAFF's ""Fruit and Vegetable Wholesale Market Survey"" (青果物卸売市場調査) is still an ongoing MAFF statistic available via e-Stat, at https://www.maff.go.jp/j/tokei/kouhyou/seika_orosi/ . The survey may have been discontinued or merged into another MAFF statistic; the URL and the current status of the survey were not verified (web search budget exhausted).",jr_007,,,
045,wisdom,045_wisdom_seasonal-food.md,"Misunderstanding 4: ""Composition varies with variety, growing method and storage. This cannot be stated as a rule."" — the Standard Tables of Food Composition in Japan (日本食品標準成分表2020年版(八訂)、増補2023年) does list separate summer/winter values for some vegetables (e.g. spinach vitamin C), which partly qualifies this statement. Not checked against the current edition.",jr_007,,,
045,wisdom,045_wisdom_seasonal-food.md,Tokyo Metropolitan Central Wholesale Market statistics URL https://www.shijou.metro.tokyo.lg.jp/torihiki/geppo/ and the claim that it publishes both monthly and annual arrivals/price statistics for fruit and vegetables.,jr_007,,,
046,beauty,046_beauty_toner.md,"SCCJ glossary entry ID 487 (https://www.sccj-ifscc.com/library/glossary_detail/487) resolves to the 化粧品用語集 and the TEWL definition — the page and the TEWL content were confirmed by search snippets, but the exact wording ""値が低いほど角層のバリア機能が高い"" is an inversion of SCCJ's phrasing (""肌荒れをするとTEWLの増加が観察される"") and should be checked against the original.",jr_007,,,
046,beauty,046_beauty_toner.md,日本皮膚科学会「皮膚科Q&A」 https://www.dermatol.or.jp/qa/ is listed as a source but no statement in the article is clearly attributed to it; the correspondence between source and text is unverified.,jr_007,,,
047,health,047_health_bath-vs-shower.md,"「湯温41℃以下、湯につかる時間は10分まで」 — matched the 消費者庁 guidance summary in search snippets, but the exact wording in the cited PDF (令和2年11月19日) was not opened and confirmed.",jr_007,,,
048,trend,048_trend_storing-bread.md,"誤解4「凍ったまま焼くほうが、水分が飛びにくい」 — no primary source located; presented as ""とされています"".",jr_007,,,
048,trend,048_trend_storing-bread.md,"誤解5 mould: ""見える部分だけの問題とは限りません"" — the underlying claim (mould hyphae/mycotoxins extend beyond the visible spot in soft foods) was not verified against a MAFF/MHLW page.",jr_007,,,
048,trend,048_trend_storing-bread.md,"農林水産省 https://www.maff.go.jp/j/syouan/ and 厚生労働省 食中毒 https://www.mhlw.go.jp/stf/seisakunitsuite/bunya/kenkou_iryou/shokuhin/syokuchu/ — generic top pages; also note that from April 2024 食品衛生基準行政 moved from MHLW to 消費者庁, so the MHLW food-hygiene URLs may have been reorganised. Not verified.",jr_007,,,
050,wisdom,050_wisdom_the-concept-of-shun.md,"""A shun can last a couple of weeks"" — no public source located for a typical shun window length; presented as a general statement.",jr_007,,,
050,wisdom,050_wisdom_the-concept-of-shun.md,MAFF washoku/food-culture URL https://www.maff.go.jp/j/keikaku/syokubunka/ and the ALIC Vegetan URL (same as in 045) were not verified.,jr_007,,,
051,beauty,051_beauty_sunscreen.md,「実際の使用量は適量の4分の1程度」——化粧品情報サイトでは広く流通する数字だが、一次情報（学会論文・公的調査）の出典を特定できなかった。,jr_008,,,
051,beauty,051_beauty_sunscreen.md,「平均0.56gで理論値の半分程度」——この0.56gという具体値の出所を特定できず。検索では0.3〜0.5g程度という記述が多い。公開前に原典の明示が必要。,jr_008,,,
051,beauty,051_beauty_sunscreen.md,「曇天でも紫外線は晴天時のかなりの割合が届く」——環境省マニュアルに該当記述があるとされるが、PDF本文を開けないため割合（快晴比60%等）を確認できず。,jr_008,,,
051,beauty,051_beauty_sunscreen.md,「顔全体に必要な量の目安は0.7〜0.9g」——一般には「約0.8g（500円玉大）」とされ範囲内だが、公的資料での裏付けは未確認。,jr_008,,,
052,health,052_health_sleep-length.md,「高齢者については、床の上で過ごす時間が長くなりすぎないことにも触れられている」——検索結果のスニペットでは整合するが、ガイド原文の該当箇所は未確認。,jr_008,,,
052,health,052_health_sleep-length.md,日本栄養士会の記事URL /trends/2023/342.html ——公表は2024年2月だがパスが2023年。年度表記か誤リンクか未確認。,jr_008,,,
052,health,052_health_sleep-length.md,日本睡眠学会の解説資料 https://jssr.jp/files/nexus/20250925-02.pdf ——ファイル名の日付（2025-09-25）と『睡眠ガイド2023』（2024年2月策定）の関係を確認できず。URLの生存確認が必要。,jr_008,,,
053,trend,053_trend_storing-vegetables.md,「冷蔵室の温度（2〜5℃）」「野菜室が約3〜8℃」——一般的な家庭用冷蔵庫の設定として妥当な範囲だが、JIS等の一次情報で未確認。,jr_008,,,
053,trend,053_trend_storing-vegetables.md,出典の厚生労働省PDF（pamph01_05.pdf「家庭でできる食中毒予防の6つのポイント」）——URLの生存と、本文（野菜の保存温度）との対応が未確認。本文に食中毒予防の記述はほぼなく、出典として対応が弱い可能性。,jr_008,,,
055,wisdom,055_wisdom_dashi.md,"MAFF ""Our Regional Cuisine"" database (maff.go.jp/j/keikaku/syokubunka/k_ryouri/) ——本文のだし・うま味相乗効果の記述との対応が未確認。",jr_008,,,
056,beauty,056_beauty_how-often-to-wash-face.md,厚生労働省「化粧品の効能の範囲の改正について」（薬食発0721第1号）のPDF URL ——通知番号は平成23年7月21日付と一致すると思われるが、検索枠を使い切ったため未検証。本文に効能の範囲への言及がなく、出典としての対応も弱い。,jr_008,,,
057,health,057_health_caffeine.md,「めまい、心拍数の増加、興奮、不安、震え、不眠」という症状の列挙がファクトシート原文の記述と一致するか。,jr_009,,,
057,health,057_health_caffeine.md,「カフェインレス製品にも微量に含まれることがある」という記述の公的な裏付け。,jr_009,,,
057,health,057_health_caffeine.md,食品安全委員会ファクトシートが子ども（3〜10歳）・青少年（10〜18歳）に「1日3mg/kg体重」を紹介しているという対応関係。EFSAの評価では3mg/kg体重/日だが、同ファクトシートはカナダ保健省の年齢別上限（4〜6歳45mg/日、13歳以上2.5mg/kg体重/日など）も併記しており、どちらを引いているか原文確認が必要。,jr_009,,,
058,trend,058_trend_storing-eggs.md,「サルモネラの増殖に必要な鉄分が卵黄にしかない」「卵黄膜が破れて卵白に鉄分が移るまでの期間を日数と温度の関係式で計算する」という機序の説明。卵白のオボトランスフェリンによる鉄の捕捉が実際の機序であり、原文（高橋モデル）との一致を要確認。,jr_009,,,
058,trend,058_trend_storing-eggs.md,「生食期限の上限21日」に家庭の冷蔵庫での7日間が含まれるという内訳。,jr_009,,,
060,wisdom,060_wisdom_repair-over-replace.md,Claim that repair is 'treated as waste prevention' within the Ministry of the Environment's circular-economy targets — no specific policy document was located; the cited env.go.jp/recycle/ landing page does not evidence it.,jr_009,,,
060,wisdom,060_wisdom_repair-over-replace.md,"Claim that shoe-repair counters, knife-sharpening and alteration shops 'remain common' and that repair infrastructure 'never went away' — no statistic (e.g. METI business-census counts of repair establishments) was found to support it.",jr_009,,,
061,beauty,061_beauty_pore-care.md,「毛穴には括約筋がない」「立毛筋は毛穴の口を閉じるものではない」という構造の説明が、日本皮膚科学会の公表資料で裏付けられるか（記事自身も要検証としている）。,jr_009,,,
061,beauty,061_beauty_pore-care.md,化粧品の効能の範囲が「56項目」であること、および根拠通知が薬食発0721第1号（平成23年7月21日）が最新であること。その後の改正の有無を要確認。,jr_009,,,
061,beauty,061_beauty_pore-care.md,毛穴が目立つ原因として「皮脂の分泌、加齢による皮膚のゆるみ、汚れの蓄積、乾燥」を皮膚科医が挙げているという出典。,jr_009,,,
062,health,062_health_stiff-shoulders.md,e-Stat 第98表のURL（sid=0002041040）は令和4年調査の表。2025年調査に更新する場合は対応する新しい表IDへの差し替えが必要。,jr_009,,,
062,health,062_health_stiff-shoulders.md,情報機器作業ガイドラインの「1時間を超えて続けない」という記述。原文は令和元年7月12日基発0712第3号（令和3年12月1日改正）で「一連続作業時間が1時間を超えないようにし」とされており、引用元PDF（000539603.pdf）が改正後版かどうかの確認が必要。,jr_009,,,
063,trend,063_trend_freezing-tips.md,一般社団法人 日本冷凍食品協会のURL https://www.reishokukyo.or.jp/ と、同協会資料が最大氷結晶生成帯・30分の記述を支持すること,jr_010,,,
063,trend,063_trend_freezing-tips.md,冷凍室はある程度詰まっているほうが温度が安定しやすい、というメーカー案内（具体的なメーカー資料を特定できず）,jr_010,,,
063,trend,063_trend_freezing-tips.md,出典URL https://www.mhlw.go.jp/topics/bukyoku/iyaku/syoku-anzen/dl/pamph01_05.pdf が現在も有効で、記述（−15℃以下、再冷凍を避ける）が同PDF内にあること（go.jp接続不可）,jr_010,,,
063,trend,063_trend_freezing-tips.md,農林水産省 https://www.maff.go.jp/j/syouan/ が「食品の保存に関する情報」のページとして適切か（syouan は消費・安全局のトップ階層で、保存情報の直接のページではない可能性）,jr_010,,,
065,wisdom,065_wisdom_mould-prevention.md,ラベルの体裁「framed white box（白地の枠囲み）」の規定。まぜるな＝黄地に黒縁28ポイント、危険＝赤42ポイントは確認できたが、白地枠囲みの要件は未確認,jr_010,,,
065,wisdom,065_wisdom_mould-prevention.md,漂白剤も同じ表示義務の対象か。記事の出典は zakka_06（住宅用又は家具用の洗浄剤）のみで、漂白剤は雑貨工業品品質表示規程の別項目（item_003）,jr_010,,,
066,beauty,066_beauty_skin-type.md,「別の調査では約6割、20代では約7割」の具体的な調査主体・年（ナリス化粧品等と記事は示唆するが特定できず）,jr_010,,,
066,beauty,066_beauty_skin-type.md,「皮膚科の教科書に項目はなく」という記述の裏付け,jr_010,,,
066,beauty,066_beauty_skin-type.md,日本皮膚科学会「皮膚科Q&A」 https://www.dermatol.or.jp/qa/ に敏感肌に関する該当項目があるか,jr_010,,,
067,health,067_health_eye-strain.md,ガイドラインに記載の照度・視距離の具体的数値（令和3年改正で照度の取扱いが変更されているため、改正後の数値の確認が必須）,jr_010,,,
067,health,067_health_eye-strain.md,ブルーライトに関する学会等の見解（日本眼科学会ほか6団体の見解文書など）を出典に加えられるか,jr_010,,,
067,health,067_health_eye-strain.md,公益財団法人 日本眼科学会 https://www.nichigan.or.jp/ の法人格表記とURLの対応（日本眼科医会 gankaikai.or.jp との混同がないか）,jr_010,,,
068,trend,068_trend_defrosting-tips.md,「冷蔵庫でゆっくり戻すほうがドリップを抑えられる」という記述の公的な裏付け,jr_010,,,
068,trend,068_trend_defrosting-tips.md,厚生労働省パンフレット「下準備」項の逐語（冷蔵庫の中か電子レンジ／気密性の容器に入れて流水／冷凍・解凍の繰り返し）が記事の箇条書きと一致すること（go.jp接続不可）,jr_010,,,
070,wisdom,070_wisdom_cleaning-order.md,"""Dust falls, so cleaning runs top-down and far-to-near"" and the dry-before-wet rule — practical convention, no authoritative source cited or found.",jr_011,,,
070,wisdom,070_wisdom_cleaning-order.md,"The exact wording of the CAA labelling guidance page zakka_06.html (住宅用又は家具用の洗浄剤) — the page exists and covers this category, but the 1.0 ppm threshold text was read from secondary summaries, not the page itself.",jr_011,,,
070,wisdom,070_wisdom_cleaning-order.md,Tokyo Fire Department page on accidents involving household detergents (https://www.tfd.metro.tokyo.lg.jp/lfe/nichijo/detergent.html) — URL could not be confirmed to exist; no figure in the body is attributed to it.,jr_011,,,
071,beauty,071_beauty_dry-skin.md,"""TEWL の値が低いほど角層のバリア機能が高い"" — consistent with standard dermatological usage but not confirmed against a primary Japanese source.",jr_011,,,
071,beauty,071_beauty_dry-skin.md,SCCJ glossary entry for 経表皮水分蒸散量 at https://www.sccj-ifscc.com/library/glossary_detail/487 — entry ID not verified (no search budget remaining).,jr_011,,,
071,beauty,071_beauty_dry-skin.md,The humectant/occlusive table (グリセリン = 水系、ワセリン = 油系) — not checked against a cited primary source.,jr_011,,,
072,health,072_health_feeling-cold.md,"The ""女性が男性の2倍以上"" ratio for 「手足が冷える」 in the 2025 (令和7年) 国民生活基礎調査 — the survey is published, but the symptom-level figures were not retrieved.",jr_011,,,
072,health,072_health_feeling-cold.md,The ヘルスケアラボ (w-health.jp) statement that 冷え症 is not a Western-medicine diagnosis and has no clear diagnostic criteria — page not reachable; wording not confirmed.,jr_011,,,
072,health,072_health_feeling-cold.md,"Year, author and publication of the survey giving 26.6% / 55.1% — the figures are widely quoted with n=64 men / n=89 women, but the original study and its year were not identified.",jr_011,,,
073,trend,073_trend_sharpening-knives.md,"The core safety premise that a dull blade requires more force and therefore slips and causes cuts — widely repeated, but no public-body source was found stating it.",jr_011,,,
073,trend,073_trend_sharpening-knives.md,こども家庭庁 「挟む・切る・その他の事故」 at https://www.cfa.go.jp/policies/child-safety-actions/handbook/content-6 — URL not verified.,jr_011,,,
073,trend,073_trend_sharpening-knives.md,"消費者庁 Vol.612 「キッチンでの包丁などの刃物によるけがに注意！」(8 Dec 2022) — issue number, title and date not verified; search budget exhausted.",jr_011,,,
075,wisdom,075_wisdom_waste-separation.md,"That batteries, aerosols and sharp items are separated specifically to protect collection workers and vehicles — plausible and widely stated by municipalities, but no national source confirmed.",jr_011,,,
075,wisdom,075_wisdom_waste-separation.md,"Whether the FY2024 survey still counts 1,741 reporting municipalities (the general municipal count of 1,718 + 23 special wards was confirmed, but not the survey's own figure).",jr_011,,,
076,beauty,076_beauty_sensitive-skin.md,2005年医師アンケートで39.4%が「思い込み」と回答したという数値の出所。,jr_012,,,
076,beauty,076_beauty_sensitive-skin.md,「敏感肌は学術用語ではなく、医学的な定義もない」というSCCJ化粧品用語集の記述。出典URL https://www.sccj-ifscc.com/library/glossary_detail/1465 の実在と内容（検索枠を使い切ったため未確認）。,jr_012,,,
076,beauty,076_beauty_sensitive-skin.md,厚生労働省「化粧品の効能の範囲の改正について」（薬食発0721第1号）PDF URLの実在と、本記事の記述（低刺激表示・敏感肌用表示）との対応。本文は効能の範囲に直接言及していないため、出典として適切かも要検討。,jr_012,,,
076,beauty,076_beauty_sensitive-skin.md,日本皮膚科学会「皮膚科Q&A」https://www.dermatol.or.jp/qa/ が本文のどの記述を裏付けるか（トップページのみの提示で対応箇所が不明）。,jr_012,,,
076,beauty,076_beauty_sensitive-skin.md,自覚割合53.4%／約6割／20代約7割の各出所（調査主体・調査年・標本数）。,jr_012,,,
077,health,077_health_swelling.md,「必要な水分まで控えることは勧められていない」という記述の公的な裏付け（e-ヘルスネット等の該当ページ）。,jr_012,,,
077,health,077_health_swelling.md,「朝になっても引かない」を受診の目安とする基準の出典。,jr_012,,,
077,health,077_health_swelling.md,受診の目安の三分類（片脚だけ＝血栓・静脈／リンパ、両脚＋息苦しさ＝心臓、顔・全身＝腎臓）を学会資料・公的資料で確認すること。記事自体が【要検証】としている。,jr_012,,,
078,trend,078_trend_best-before.md,令和6年度推計における家庭系／事業系の比率と、2030年度目標（第2次基本方針で事業系は60%削減に引き上げ、家庭系は50%削減を維持）に対する達成状況。事業系は当初目標273万トンを令和4年度に8年前倒しで達成済みのため、「2030年度の削減目標には届いていません」という一括表現は、どの目標を指すか明示したほうがよい。,jr_012,,,
078,trend,078_trend_best-before.md,消費者庁『食品の期限表示制度の変遷等』（資料４、令和6年5月）PDF URLの実在（検索結果に同名資料の存在は確認できたが、URL文字列の一致は未確認）。,jr_012,,,
080,wisdom,080_wisdom_earthquake-preparation.md,"""at least 3 litres of drinking water per person per day"" and ""at least 3 days, ideally a week"" — the official guidance wording and which agency publishes it (Cabinet Office / 首相官邸 / 政府広報). Not verified.",jr_012,,,
080,wisdom,080_wisdom_earthquake-preparation.md,Misunderstanding 2: that Japanese authorities advise protecting your head and staying put until shaking stops rather than running outside. Plausible but no source checked.,jr_012,,,
080,wisdom,080_wisdom_earthquake-preparation.md,https://www.bousai.go.jp/ is given as a bare top-level URL and does not point at any specific page supporting the text.,jr_012,,,
081,beauty,081_beauty_morning-skincare-order.md,SPF・PA測定時の塗布量2mg/cm²、および顔全体で0.7〜0.9gという目安の一次資料（ISO 24444／日本化粧品工業連合会の測定基準）。,jr_012,,,
081,beauty,081_beauty_morning-skincare-order.md,「朝の顔にあるのは主に自分の皮脂」「べたつかない日はぬるま湯だけも選択肢」という記述の公的・学会的裏付け。,jr_012,,,
081,beauty,081_beauty_morning-skincare-order.md,化粧品の効能の範囲が56項目であること（薬食発0721第1号、平成23年7月21日）の原文確認。,jr_012,,,
081,beauty,081_beauty_morning-skincare-order.md,環境省『紫外線環境保健マニュアル』のURL https://www.env.go.jp/chemi/uv/uv_manual.html の実在と、最新版（2020年版があるとされる）かどうか。,jr_012,,,
082,health,082_health_rainy-season.md,「5〜10hPa程度の気圧低下でも起きやすくなる」— 二次情報では5hPa・6〜10hPaといった数値が別々の研究に由来して流通しており、どの研究の数値かを特定できませんでした。原典を示すか、数値を落としてください。,jr_013,,,
082,health,082_health_rainy-season.md,「これまでの天気と頭痛に関する研究は小規模なものが多く、一貫した結果を示す研究は行われていなかった」— 共同研究のプレスリリース記載とほぼ一致しますが、論文原典は未確認。,jr_013,,,
083,trend,083_trend_use-by.md,表中の消費期限・賞味期限の定義文が、消費者庁『食品期限表示の設定のためのガイドライン』（令和7年3月）本文の文言と逐語で対応するか（go.jpのPDFに到達できず未照合）。年月・改正の事実、2008年（平成20年）の「5日」区分解消、出典3本のURLは検索結果で裏づけ確認済み。,jr_013,,,
085,wisdom,085_wisdom_the-genkan.md,「Picture scrolls from the Heian period already show footwear being removed」— Web Japan（外務省）Kids Web Japanの当該ページに同趣旨の記述があることは確認。ただし具体的な絵巻名・年代の一次典拠は未確認。,jr_013,,,
086,beauty,086_beauty_night-skincare-order.md,「1日4回は洗いすぎ」— 1日2回と4回を比較した研究の存在は二次情報で言及されるが、ガイドライン本文・原論文を確認できず。,jr_013,,,
086,beauty,086_beauty_night-skincare-order.md,油分による「経表皮水分蒸散を抑える」の記述と、SCCJ用語集URL（glossary_detail/487）の対応。,jr_013,,,
087,health,087_health_summer-fatigue.md,"「57.1%が65歳以上」— 二次情報は「約57%」までしか確認できず、小数第1位まで未照合。発生場所「住居38.1%」と搬送人員100,510人（2025年5〜9月、2008年の統計開始以来初の10万人超）は確認済み。",jr_013,,,
087,health,087_health_summer-fatigue.md,環境省『熱中症環境保健マニュアル』の最新改訂年（出典URLはfull.pdfのみで版年の記載なし）。,jr_013,,,
087,health,087_health_summer-fatigue.md,表のI〜III度の症状列が『熱中症診療ガイドライン2024』本文の文言と対応するか（III度には血液凝固異常も含まれます）。,jr_013,,,
088,trend,088_trend_food-waste.md,「手前から取る」（てまえどり）が公的に呼びかけられている取り組みである旨。消費者庁・農水省の啓発として広く知られるが、一次資料での明示は未確認。,jr_014,,,
088,trend,088_trend_food-waste.md,消費者庁『食品ロス削減関係参考資料』（令和7年6月27日版）のURL（.../efforts/assets/consumer_education_cms201_250627_04.pdf）。検索では no-foodloss.caa.go.jp 配下の ..._250627_03.pdf が確認できたのみで、記載URLの実在とファイル番号を確認できず。令和6年度版（令和8年6月30日版）への差し替えも要検討。,jr_014,,,
090,wisdom,090_wisdom_tatami.md,JIS A 5902 が850 mm幅（団地間）を標準寸法区分として含むかどうか。確認できた区分は幅955/910/880 mm（95W・91W・88W）のみで、団地間は規格外の可能性がある。,jr_014,,,
090,wisdom,090_wisdom_tatami.md,MLIT住宅情報ページ https://www.mlit.go.jp/jutakukentiku/ が畳寸法に関する記述を含むか。不動産公正競争規約では1畳=1.62㎡以上とされるが、本文の根拠としての対応関係を確認できず。,jr_014,,,
090,wisdom,090_wisdom_tatami.md,団地間が「post-1950s public housing」由来である旨（日本住宅公団の団地規格に由来するとされるが、一次資料未確認）。,jr_014,,,
091,beauty,091_beauty_makeup-removal-order.md,「W洗顔不要」表示の製品に関する記述。業界表示慣行であり、公的な定義・基準は確認できず。,jr_014,,,
091,beauty,091_beauty_makeup-removal-order.md,「目のまわりは皮膚が薄い」旨の数値的裏付け（眼瞼皮膚の厚さ）。一次資料未確認。,jr_014,,,
091,beauty,091_beauty_makeup-removal-order.md,国民生活センター（https://www.kokusen.go.jp/）がクレンジング・洗顔の順番について具体的な注意喚起を出しているか。出典として掲げられているが、本文のどの記述に対応するか不明。,jr_014,,,
092,health,092_health_choosing-supplements.md,「健康食品」の安全性・有効性情報のURL https://hfnet.nibn.go.jp/ は現行として確認できたが、運営主体表記「国立研究開発法人 医薬基盤・健康・栄養研究所」が2026年9月時点で正しいか（英略称はNIBIOHN→NIBNに変更済み）。,jr_014,,,
092,health,092_health_choosing-supplements.md,紅麹関連製品による健康被害の原因物質・被害規模。本文は原因を特定していないため誤りではないが、「天然由来の原料で起きました」の記述の妥当性は一次資料で要確認。,jr_014,,,
093,trend,093_trend_prep-order.md,https://www.mhlw.go.jp/topics/bukyoku/iyaku/syoku-anzen/dl/pamph01_05.pdf の現行アクセス可否と最終更新年。検索結果には存在するが、2024年4月の食品衛生基準行政の消費者庁移管後にURL・所管が変わっていないか未確認。,jr_014,,,
093,trend,093_trend_prep-order.md,「切った面から乾燥・変色が進む食材がある」「下味は食材と調味料によって適した時間が違う」の具体的裏付け。一般的な調理知識だが公的出典なし。,jr_014,,,
095,wisdom,095_wisdom_futon-airing.md,Airing time by material: Cotton 2–4 h; synthetic 1.5–3 h; down about 1 h. 寝具業界・クリーニング各社の記事では概ね同水準（化繊は夏1〜1.5h／冬2〜3h等）だが、数値は事業者ごとにばらつきがあり、公的一次情報での裏付けは取れなかった。,jr_015,,,
095,wisdom,095_wisdom_futon-airing.md,"Recommended airing window 10:00–15:00, when humidity is lowest. 各社記事は「10〜15時」または「10〜14時」を挙げており一定しない。気象庁の統計での直接的な裏付けは未確認。",jr_015,,,
096,fashion,096_fashion_seasonal-wardrobe-change.md,「見えない皮脂や汗が、保管中の変色・においの原因になる」。一般に広く言われるが、掲載出典（消費者庁・国民生活センター・政府広報）の該当記述は未確認。,jr_015,,,
096,fashion,096_fashion_seasonal-wardrobe-change.md,防虫剤の併用不可に関する記述。国民生活センターのトップページのみが出典で、該当する個別の注意喚起資料は特定できていない。,jr_015,,,
098,trend,098_trend_meal-planning.md,環境省・消費者庁・農水省の令和6年度公表資料（総量461万トン／家庭系224万トン）は複数の二次情報で一致を確認したが、go.jpの原文は環境未到達のため未確認。,jr_015,,,
100,wisdom,100_wisdom_seasonal-bedding.md,「summer air routinely exceeds 60% humidity」。ダニの至適湿度60〜80%は複数の公的資料（愛知県衛生研究所等）で確認したが、日本の夏季湿度が日常的に60%を超えることの気象庁統計による裏付けは未確認。,jr_015,,,
100,wisdom,100_wisdom_seasonal-bedding.md,麻（リネン）・綿・い草パッドの吸放湿性、および羽毛が「空気を含んで軽く暖かい」という素材特性。寝具メーカーの解説が典拠で、公的・学術の一次情報は確認できていない。,jr_015,,,
101,fashion,101_fashion_washing-denim.md,「デニムには30または40の表示が多く見られます」——洗濯表示の分布に関する公的統計は見当たらない。,jr_016,,,
101,fashion,101_fashion_washing-denim.md,「家庭用冷凍庫の温度（−18℃前後）で菌が死滅するという公的な根拠は確認できません」——検索枠を使い切ったため厚労省等の一次資料で未確認（内容としては妥当な見込み）。,jr_016,,,
101,fashion,101_fashion_washing-denim.md,日陰つり干し記号の形状（四角の中に縦線＋左上に斜線）と、乾燥機禁止記号（四角に丸、×印）——JIS L0001:2024の図と要照合。,jr_016,,,
101,fashion,101_fashion_washing-denim.md,消費者庁 guide/fiber/（繊維製品品質表示規程）ページの内容と、組成・洗濯表示・表示者名の3項目という記述の対応。,jr_016,,,
102,fashion,102_fashion_yellowing-white-shirts.md,塩素系漂白剤が使える素材の範囲（白い綿・麻・ポリエステル等）と使えない素材（毛・絹・ナイロン・ポリウレタン）の公的出典。,jr_016,,,
102,fashion,102_fashion_yellowing-white-shirts.md,漂白記号が3区分（三角／三角に斜線2本／三角に×）であること——JIS L0001:2024の現行図で要確認。,jr_016,,,
102,fashion,102_fashion_yellowing-white-shirts.md,酸素系漂白剤のつけ置き上限「30分〜2時間」および粉末（過炭酸ナトリウム）が「40〜50℃程度」で働きが高まるという数値——製品表示・メーカー資料の確認が必要。,jr_016,,,
103,fashion,103_fashion_washing-sneakers.md,「コインランドリーにスニーカー専用洗濯機が置かれるようになり」という普及状況（記事自身も要検証と注記）。,jr_016,,,
103,fashion,103_fashion_washing-sneakers.md,「洗濯機メーカーの取扱説明書で靴の洗濯を禁じている機種もあります」——メーカー取説での裏づけ未取得。,jr_016,,,
103,fashion,103_fashion_washing-sneakers.md,ソール（ゴム）の黄変が「ゴムの酸化」によるものという機序の一次資料。,jr_016,,,
104,fashion,104_fashion_storing-bags.md,ピレスロイド系など衣類用防虫剤が合皮・金具・ラメを変色させるという記述の出典。,jr_016,,,
104,fashion,104_fashion_storing-bags.md,気象庁の東京の相対湿度平年値の実数（年・6月・7月・9月）——data.jma.go.jp に到達できず未確認。,jr_016,,,
104,fashion,104_fashion_storing-bags.md,除湿剤（塩化カルシウム等）の液漏れによる変色事例の出典。,jr_016,,,
105,fashion,105_fashion_jewellery-care.md,国民生活センター「アクセサリーによる皮膚障害」という表題の資料の実在とURL（記事は組織トップページを記載）。,jr_016,,,
105,fashion,105_fashion_jewellery-care.md,超音波洗浄が不可とされる石の範囲（真珠・エメラルド・オパール・接着留め）の公的または業界団体の出典。,jr_016,,,
105,fashion,105_fashion_jewellery-care.md,造幣局の品位区分に K10（417）が含まれるか——品位区分表の実物で要確認（K18/750、SV925、Pt900/Pt950 は確認済み）。,jr_016,,,
106,fashion,106_fashion_watch-care.md,「電池交換や2〜3年ごとの点検で交換」——日本時計協会は「電池交換時または定期点検時にパッキン交換を」と案内しているが、「2〜3年」という具体的な年数はJCWAの記載では確認できなかった（修理業者の案内では「2年に1回」が多い）。,jr_017,,,
106,fashion,106_fashion_watch-care.md,表の区分（日常生活用防水=3気圧、日常生活用強化防水=5気圧／10〜20気圧）の対応。JIS B 7021:2013本体は「1種防水時計（2気圧）」「2種防水時計（4気圧以上）」という区分で、表の呼称は業界慣行の整理。原典で対応関係の確認が必要。,jr_017,,,
107,fashion,107_fashion_fabric-softener.md,「柔軟剤は家庭用品品質表示法の対象で、成分・使用量の目安・使用上の注意の表示が義務づけられています」——雑貨工業品品質表示規程における衣料用柔軟仕上げ剤の表示義務項目を原典で要確認。,jr_017,,,
107,fashion,107_fashion_fabric-softener.md,「洗剤（陰イオン）と柔軟剤（陽イオン）は同時に入れると互いの働きを打ち消し合います」——一般に流布する説明だが、公的資料での裏付けは取れていない。,jr_017,,,
108,fashion,108_fashion_ironing.md,「やけどと火災の原因の多くは、余熱のあるアイロンの放置」——NITEがこの比率を示しているかは未確認。,jr_017,,,
108,fashion,108_fashion_ironing.md,出典「独立行政法人製品評価技術基盤機構（NITE）「アイロンの事故」https://www.nite.go.jp/jiko/chuikanki/ 」——/jiko/chuikanki/ 配下は注意喚起ちらし・ポスター等のディレクトリで、「アイロンの事故」という表題のページは特定できなかった。,jr_017,,,
109,fashion,109_fashion_mothproofing.md,「有効期間（製品により6か月〜1年）」——製品表示に基づく一般論で、業界資料での裏付けは取れていない。,jr_017,,,
109,fashion,109_fashion_mothproofing.md,「防虫剤の成分は空気より重く、上から下に広がる／衣類の一番上に置く」——メーカー・業界の案内と整合するが、公的資料での確認はできていない。,jr_017,,,
110,fashion,110_fashion_closet-humidity.md,「塩化カルシウム系除湿剤の1個あたり吸湿量（例：400〜800mL程度）」——製品表示に基づく範囲で、出典は未特定。,jr_017,,,
110,fashion,110_fashion_closet-humidity.md,出典「東京都保健医療局「塩素系洗浄剤・漂白剤の安全な使い方」https://www.hokeniryo.metro.tokyo.lg.jp/anzen/ensokei/ 」および「カビの発生を防ぐには」/kankyo/kankyo_eisei/jyuukankyo/indoor/kabi.html ——いずれもURLの実在を確認できなかった。,jr_017,,,
110,fashion,110_fashion_closet-humidity.md,東京の月平均相対湿度（6月・7月・9月で75%前後、冬は50%台）——気象庁の平年値ページ（nml_sfc_ym.php?prec_no=44&block_no=47662）の実数値を目視確認できていない。,jr_017,,,
111,fashion,111_fashion_static-electricity.md,厚生労働省「建築物環境衛生管理基準」の相対湿度40〜70%（本文・出典とも整合することを検索結果で確認済み。ただし原文未確認。なお温度基準は令和4年4月に17℃以上→18℃以上に改正されている点に留意）。,jr_018,,,
111,fashion,111_fashion_static-electricity.md,日本化学繊維協会「繊維の帯電性」 https://www.jcfa.gr.jp/ 。ドメインは日本化学繊維協会のものだが、帯電列を扱う該当ページの存在は確認できなかった。帯電列は日本繊維製品・クリーニング協議会（nichisenku.jp）やニッセンケン品質評価センターの資料の方が対応しやすい。,jr_018,,,
111,fashion,111_fashion_static-electricity.md,暖房中の室内は相対湿度30%前後まで下がる、という数値。「一般的な室内環境」としか示されておらず、出典未特定。,jr_018,,,
111,fashion,111_fashion_static-electricity.md,東京の1〜2月の月平均相対湿度は50%台（気象庁平年値）。出典URL（nml_sfc_ym.php?prec_no=44&block_no=47662）は東京の平年値ページとして正しいことを確認したが、湿度の実数値は go.jp に到達できず未確認。,jr_018,,,
112,fashion,112_fashion_duvet-care.md,干す頻度「月1〜2回」、片面1時間程度という具体値。日本羽毛製品協同組合の資料での裏づけは未確認（本文も断定値ではないと注記）。,jr_018,,,
112,fashion,112_fashion_duvet-care.md,洗う頻度「年1回程度」、ドライ溶剤が羽毛の油分を落としすぎるという説明。業界資料での明示は未確認。,jr_018,,,
113,fashion,113_fashion_washing-down-jackets.md,全国クリーニング生活衛生同業組合連合会「クリーニングの種類」 https://www.zenkuren.or.jp/ 。ドメインは正しいことを確認したが、該当ページの題名・URLは未特定（トップページのみ）。,jr_018,,,
113,fashion,113_fashion_washing-down-jackets.md,完全に乾くまで2〜3日という日数、水温「多くは30℃」。環境・製品による目安で、公的資料での裏づけは未確認。,jr_018,,,
114,fashion,114_fashion_preventing-colour-transfer.md,政府広報オンライン「衣替えの季節です。あなたは正しく洗濯していますか？」 https://www.gov-online.go.jp/article/201812/entry-9307.html はURL・題名とも実在することを確認。ただし本文の色移り記述との対応は原文未確認。,jr_018,,,
115,beauty,115_beauty_how-often-to-shampoo.md,シャンプーのお湯は38〜40℃程度、すすぎは洗う時間の倍、という目安。公的資料での裏づけは未確認（本文も「一般的な目安」「生活者の間で共有」と留保している）。,jr_018,,,
115,beauty,115_beauty_how-often-to-shampoo.md,頭皮の皮脂は顔のTゾーンより多い。商業サイトでは「Tゾーンの約2倍の皮脂腺」と広く紹介されているが、学会・公的資料での裏づけは未確認。,jr_018,,,
116,beauty,116_beauty_how-to-wear-perfume.md,「ウエスト・ひざの裏・足首につける」が日本で広く共有されているという記述の裏づけ。,jr_019,,,
116,beauty,116_beauty_how-to-wear-perfume.md,「日本では香水は化粧品として販売され、成分の全表示が義務づけられています」（薬機法第61条の全成分表示義務との対応）。,jr_019,,,
116,beauty,116_beauty_how-to-wear-perfume.md,賦香率区分ごとの持続時間（パルファン5〜7時間、オードトワレ3〜4時間など）の出典と数値。業界目安であり公的定義はない点は本文の注記どおり。,jr_019,,,
116,beauty,116_beauty_how-to-wear-perfume.md,香料と紫外線による光毒性（シミ・刺激）の公的出典。,jr_019,,,
117,beauty,117_beauty_hand-care.md,「コロナ禍でアルコール消毒の頻度が増え手荒れ相談が増えた」と言及する学会・行政資料の特定。,jr_019,,,
117,beauty,117_beauty_hand-care.md,化粧品で表示できる効能が56項目である点（薬食発0721第1号の別表第一は確認できたが、記事が挙げる3表現が別表の文言と一致するかは未確認）。,jr_019,,,
117,beauty,117_beauty_hand-care.md,厚労省が「流水と石けんによる手洗いを基本、アルコールは手洗いができないときの手段」としているという整理の一次資料上の文言。,jr_019,,,
118,beauty,118_beauty_antiperspirants.md,「制汗成分は汗腺の出口を一時的にふさぐ」「夜・入浴後の乾いた肌に塗るほうが働きやすい」という機序・使い方の出典。,jr_019,,,
118,beauty,118_beauty_antiperspirants.md,厚生労働省「医薬部外品の効能効果の範囲」の正確な通知番号とURL（記事のURLは化粧品・医薬部外品の一般ページを指しており、効能効果の範囲そのものではない可能性）。,jr_019,,,
118,beauty,118_beauty_antiperspirants.md,米国がん協会（ACS）のアルミニウムと乳がん・認知症に関する現時点（2025〜2026年）の見解。WebSearchの上限に達し未検証。,jr_019,,,
119,beauty,119_beauty_lip-balm.md,「開封後は1シーズン〜1年を目安」という使用期限の目安の根拠。,jr_019,,,
119,beauty,119_beauty_lip-balm.md,リップクリームのSPF表示が化粧品として認められている根拠（日本化粧品工業会のSPF測定法基準など）。,jr_019,,,
119,beauty,119_beauty_lip-balm.md,医薬品リップの区分が「第3類医薬品等」である点（製品により第2類の場合がないか）。,jr_019,,,
119,beauty,119_beauty_lip-balm.md,日本皮膚科学会「皮膚科Q&A　口唇の荒れ」ページの存在とURL（https://www.dermatol.or.jp/qa/ の実在を確認できず）。,jr_019,,,
120,beauty,120_beauty_mask-related-skin-trouble.md,「昼に1回交換する人が多い」「ガーゼを1枚挟む」など生活者の工夫に関する調査・出典。,jr_019,,,
120,beauty,120_beauty_mask-related-skin-trouble.md,「赤み・かゆみ・ぶつぶつが1〜2週間以上続く場合は受診」という期間の目安の出典。,jr_019,,,
121,health,121_health_weekend-sleep-catch-up.md,「国民健康・栄養調査」で1日の平均睡眠時間が6時間未満の成人が約4割、という割合の令和6年の実数（令和6年の概要は『6〜9時間確保できている者56.0%』という指標で公表されており、6時間未満単独の割合を検索スニペットから確定できず）。,jr_020,,,
121,health,121_health_weekend-sleep-catch-up.md,睡眠ガイド2023が「休日の起床時刻のずれは2時間以内」と明示的に数値で書いているか（複数の解説サイトは2時間以内としているが、確定版PDF本文を直接確認できず）。,jr_020,,,
121,health,121_health_weekend-sleep-catch-up.md,表の「昼寝は午後早めに30分以内」がガイドのどの年代（成人／高齢者）の記載に対応するか。解説記事では『30分以内・15時まで』とされるが原文未確認。,jr_020,,,
122,health,122_health_eating-before-bed.md,「夕食の開始時刻が21時以降の人の割合が、20〜40代の男性で高い傾向」という国民健康・栄養調査の記述。e-Statに『朝，昼，夕別にみた1日の食事状況』の表はあるが、21時以降の年代別割合を裏取りできず。最新年次での確認が必要。,jr_020,,,
122,health,122_health_eating-before-bed.md,睡眠ガイド2023が「就寝直前の食事は睡眠の質を下げる可能性」「アルコールは寝つきを早めても睡眠後半を浅くする」と記載している点（確定版PDFの該当箇所を直接確認できず）。,jr_020,,,
123,health,123_health_eating-order.md,「一口20〜30回噛む」目安が多くの自治体資料で紹介されているという記述の出典。,jr_020,,,
123,health,123_health_eating-order.md,「食事バランスガイド」が食べる順番を規定していないこと、および maff.go.jp/j/balance_guide/ が現行の掲載URLであること。,jr_020,,,
124,health,124_health_salt-intake.md,しょうゆ大さじ1（18g）約2.6g、味噌大さじ1（18g）約2.2g、カップ麺1食5〜6g、食パン6枚切り1枚約0.7g の各数値（成分表からの概算としては整合するが、原表での確認が必要）。,jr_020,,,
124,health,124_health_salt-intake.md,食品表示法に基づく栄養成分表示の完全施行が2020年4月であること（経過措置終了日の確認）。,jr_020,,,
125,health,125_health_skipping-breakfast.md,全国学力・学習状況調査で朝食摂取と正答率の関係が「継続的に」示されているという記述の最新年度での確認。,jr_020,,,
125,health,125_health_skipping-breakfast.md,文部科学省「早寝早起き朝ごはん」国民運動のURL（mext.go.jp/a_menu/shougai/asagohan/）が現行かどうか。,jr_020,,,
125,health,125_health_skipping-breakfast.md,朝食欠食率 20代男性『約3割』・20代女性『約2割』の年代別数値。令和5年概要は『男性20〜50歳代、女性20〜30歳代で20%超』とするのみで、20代単独の値と令和6年の値を確認できず。,jr_020,,,
126,health,126_health_pollen-season.md,「雨の翌日は落ちた分と合わせて多く飛ぶ」という記述の出典。,jr_021,,,
126,health,126_health_pollen-season.md,舌下免疫療法が保険適用で提供されているという記述（スギ・ダニの適応範囲、年齢要件を含む）。,jr_021,,,
126,health,126_health_pollen-season.md,関東のスギ花粉飛散が2月上旬〜4月、ヒノキが3月〜5月という期間。一次資料（環境省マニュアル2022の花粉カレンダー）で未確認。,jr_021,,,
127,health,127_health_winter-dryness.md,建築物環境衛生管理基準の相対湿度40〜70%。検索スニペットでは一致を確認したが一次資料（政省令本文）未確認。なお温度基準は2022年4月施行で17℃→18℃に改正済み。,jr_021,,,
127,health,127_health_winter-dryness.md,暖房中の無加湿室内が20〜30%台まで下がるという「一般的な実測」。出典不明。,jr_021,,,
127,health,127_health_winter-dryness.md,東京の1月の月平均相対湿度「約52%」（気象庁1991〜2020平年値）。気象庁の数値表に到達できず未確認（平年値は51%前後とみられる）。,jr_021,,,
128,health,128_health_daily-steps.md,「10分未満の細切れの活動でも合計で評価する」がガイド2023の現行の考え方であること。,jr_021,,,
128,health,128_health_daily-steps.md,"「2,000歩増やすだけでも健康上の利点がある」とガイド2023が引用しているという記述。ガイド本文での該当記載を未確認。",jr_021,,,
129,health,129_health_home-blood-pressure.md,「診察室と家庭で差がある場合、家庭血圧を優先すると明記」というガイドラインの記載（JSH2025本文で要確認）。,jr_021,,,
129,health,129_health_home-blood-pressure.md,家庭用血圧計がJIS規格や医療機器の認証を受けているという記述（該当規格名・区分の特定）。,jr_021,,,
130,health,130_health_annual-health-check.md,がん検診の費用が「自治体により無料〜数千円」であること、および国保加入者に受診券が届く運用（自治体差あり）。,jr_021,,,
130,health,130_health_annual-health-check.md,血糖・中性脂肪の検査で「10時間以上の絶食」が前提という記述の公的出典。,jr_021,,,
131,trend,131_trend_lunchbox-food-safety.md,「細菌の多くは10℃以下で増殖が遅くなり、−15℃以下で停止」「中心温度75℃で1分以上」「ノロウイルスは85〜90℃で90秒以上」— 厚労省の一般的な記述と整合するが、出典ページ（www1/houdou/0903/h0331-1.html）の原文と一文ずつ突き合わせられていない。,jr_022,,,
131,trend,131_trend_lunchbox-food-safety.md,「細菌は10〜60℃で増え、とくに30〜40℃で急増」の温度帯、および「車内やロッカーの直射日光下は50℃を超える」の数値の一次出典。,jr_022,,,
131,trend,131_trend_lunchbox-food-safety.md,農林水産省「お弁当づくりによる食中毒を予防するために」（maff.go.jp/j/syouan/seisaku/foodpoisoning/obento.html）の存在とURLの正確性。,jr_022,,,
132,trend,132_trend_water-bottle-care.md,「真空断熱構造の水筒は、多くが食洗機非対応」「カビは酸素系漂白剤」「塩素系漂白剤は不可」— メーカー取扱説明書ベースの一般論として妥当だが、公的資料での裏付けは取れていない。,jr_022,,,
132,trend,132_trend_water-bottle-care.md,出典3件目「消費者庁『水筒の内側の傷・はがれに注意』」— 同名の消費者庁公表資料を確認できず。URLも注意喚起の一覧ページで、記事の記述を裏付けるページではない。削除または差し替えを推奨。,jr_022,,,
133,trend,133_trend_reusing-frying-oil.md,「使用回数の目安は2〜4回」— 公的基準はなく、業界・メーカーの案内による。なお業務用の目安として厚生労働省の弁当・そうざいの衛生規範では『酸価2.5超』『発煙点170℃未満』で交換とされており、家庭向けの回数目安とは別基準。,jr_022,,,
133,trend,133_trend_reusing-frying-oil.md,「東京23区では…『燃やすごみ』が一般的」「回収拠点を設ける自治体も増えています」— 各区の案内で個別確認が必要。,jr_022,,,
133,trend,133_trend_reusing-frying-oil.md,出典の農林水産省「食用油の上手な使い方と捨て方」（maff.go.jp/j/syouan/seisaku/）、環境省「廃食用油のリサイクル」（env.go.jp/recycle/）、東京都環境局（kankyo.metro.tokyo.lg.jp/resource/）— いずれも上位ディレクトリのURLで、該当タイトルのページを特定できなかった。,jr_022,,,
134,trend,134_trend_storing-miso.md,「だし入り味噌は開封後の冷蔵が製品表示で求められることが多い」の裏付け（メーカー表示の網羅的確認）。,jr_022,,,
134,trend,134_trend_storing-miso.md,「白味噌は塩分が低く、赤味噌・豆味噌は高い傾向」— 日本食品標準成分表の値（甘みそ約6.1%、淡色辛みそ約12.4%、赤色辛みそ約13.0%、豆みそ約10.9%）では豆みそは赤色辛みそより低く、『豆味噌は高い』は一律には言いにくい。検索枠の都合で成分表の原典確認が未了のため要確認。,jr_022,,,
134,trend,134_trend_storing-miso.md,表面の白い結晶がチロシンであること、褐変がメイラード反応であること — 一般的説明として流通しているが、味噌業界団体の原典との照合が未了。,jr_022,,,
135,trend,135_trend_storing-soy-sauce.md,「未開封の賞味期限は1年半〜2年が多い」— 容器（ペット/瓶/密封ボトル）により異なり、個別確認が必要。,jr_022,,,
135,trend,135_trend_storing-soy-sauce.md,「産膜酵母は害は少ないとされるが風味を損ねる」の公的な裏付け。,jr_022,,,
135,trend,135_trend_storing-soy-sauce.md,「開封後（通常のボトル）は冷蔵で約1か月」— しょうゆ情報センターは『開封後1ヶ月以内に使い切るのが理想』としており本文と整合するが、キッコーマンはペットボトル品について『冷蔵で約2ヵ月』を使用目安としており、メーカーによって目安が異なる点を注記する余地がある。,jr_022,,,
136,trend,136_trend_natto.md,「1日1パック程度が一般的な目安として案内されています」の出典（業界団体・公的機関のどの資料か不明）,jr_023,,,
136,trend,136_trend_natto.md,タレ1袋の食塩相当量約0.5〜0.8g（1パック0.6g前後という民間情報はあるが、公的な範囲値は未確認）,jr_023,,,
136,trend,136_trend_natto.md,冷凍は可、自然解凍または冷蔵解凍で食感がやや変わる（公的な出典を確認できず）,jr_023,,,
136,trend,136_trend_natto.md,納豆の海外持ち込みは「多くの国で可能」「肉エキス入りのタレが制限されることがある」（国別検疫要件を確認できず）,jr_023,,,
137,trend,137_trend_pickles.md,たくあん2切れ（20g）で食塩相当量約0.7g（成分表のたくあん漬は塩押し・干し大根漬で値が異なるため要確認）,jr_023,,,
137,trend,137_trend_pickles.md,ぬか床表面の白い膜は産膜酵母で混ぜ込めば問題ない、という記述の公的出典,jr_023,,,
137,trend,137_trend_pickles.md,浅漬け2〜3%、キムチ2〜3%という塩分の目安（公的な基準値は未確認）,jr_023,,,
138,trend,138_trend_washing-rice.md,令和6年度の1人当たり米消費量53.4kgの確定値（食料需給表の確報表でe-Statの数値を要確認。令和4年度からの上昇は2024年の米需給の影響とみられる）,jr_023,,,
138,trend,138_trend_washing-rice.md,研ぐ回数（指を立てて軽く20回程度、2〜3回）、浸水時間（夏30分・冬1時間）、水は米の1.2倍（重量）という目安の一次出典,jr_023,,,
139,trend,139_trend_brewing-green-tea.md,「沸騰した湯を湯冷ましや別の器に移すごとに約10℃下がる」という温度低下の目安の出典,jr_023,,,
139,trend,139_trend_brewing-green-tea.md,日本茶業中央会「お茶のおいしい淹れ方」の具体的な湯温・茶葉量・抽出時間の一次資料（サイト内の該当ページを未確認）,jr_023,,,
139,trend,139_trend_brewing-green-tea.md,茶の生産量の「全国」値（作物統計は主産県調査のみの年があり、全国値は推計。全国換算で示すか主産県計で示すかの確認が必要）,jr_023,,,
140,trend,140_trend_cold-brew-hygiene.md,麦茶が「でんぷん・糖分を含むため細菌の栄養になる」という説明の公的出典,jr_023,,,
140,trend,140_trend_cold-brew-hygiene.md,麦茶は冷蔵1〜2日、水出し緑茶は1日、紅茶・ルイボスは1〜2日という日数の公的出典（東京都FAQは日数を明示していない）,jr_023,,,
151,wisdom,151_wisdom_the-kotatsu.md,Kotatsu running cost “roughly ¥15–50 per day” — no public source states this range; it is a derived estimate whose duty-cycle assumption is not given.,jr_024,,,
151,wisdom,151_wisdom_the-kotatsu.md,MLIT source URL https://www.mlit.go.jp/jutakukentiku/house/jutakukentiku_house_tk4_000103.html — could not confirm it is the page carrying the insulation-stock figures.,jr_024,,,
151,wisdom,151_wisdom_the-kotatsu.md,"“Sales remain steady, and compact one-person kotatsu … are a growth segment” — no shipment or sales statistics found.",jr_024,,,
151,wisdom,151_wisdom_the-kotatsu.md,"“Sleeping under it is the main cause of kotatsu-related harm” — NITE documents fire and low-temperature burn cases, but no breakdown was found ranking sleeping as the leading cause.",jr_024,,,
152,wisdom,152_wisdom_hot-water-bottles.md,"“A 2 L yutampo … uses roughly 0.2 kWh, or about ¥6” — arithmetic is consistent (2 L from ~20°C to boiling ≈ 0.19 kWh; × 31 yen/kWh ≈ ¥6), but no published source states it.",jr_024,,,
152,wisdom,152_wisdom_hot-water-bottles.md,"“The surface still sits at 40–50°C for hours” through a cover — plausible and consistent with advisories, but no measurement source found.",jr_024,,,
153,wisdom,153_wisdom_the-year-end-clean.md,"“Cold, dry December air means less pollen and fewer insects … rain is rare in eastern Japan” — broadly true of the Pacific-side winter but not sourced; note freezing water is a practical problem for outdoor window cleaning.",jr_024,,,
153,wisdom,153_wisdom_the-year-end-clean.md,“Municipal waste collection pauses … typically 31 December to 3 January” and “final collections before the 28th–30th” — varies by municipality; no national figure exists.,jr_024,,,
154,wisdom,154_wisdom_baking-soda-and-citric-acid.md,Tokyo Metropolitan Bureau of Public Health source URL https://www.hokeniryo.metro.tokyo.lg.jp/anzen/ensokei/ — could not confirm this path exists or covers chlorine-based cleaners.,jr_024,,,
154,wisdom,154_wisdom_baking-soda-and-citric-acid.md,"“Citric acid … corrodes marble, some natural stone, iron and aluminium” and “baking soda scratches acrylic, lacquer and some coated pans” — standard manufacturer advice, no authoritative source checked.",jr_024,,,
155,wisdom,155_wisdom_the-emergency-bag.md,Cabinet Office source URL https://www.bousai.go.jp/kyoiku/keigen/gensai/index.html — could not confirm it carries the emergency-bag and stockpile checklists.,jr_024,,,
155,wisdom,155_wisdom_the-emergency-bag.md,"Tokyo Bōsai URL https://www.bousai.metro.tokyo.lg.jp/1002147/index.html — not confirmed; note the guide was fully revised in 2023, so the edition year should be stated.",jr_024,,,
155,wisdom,155_wisdom_the-emergency-bag.md,"“Walk 2 km” test and “check it twice a year” — the 1 September / 1 March dates match 防災用品点検の日 (also 1 June and 1 December), but the 2 km figure is not from a public source.",jr_024,,,
155,wisdom,155_wisdom_the-emergency-bag.md,"“¥10 coins for payphones” — still sound advice (analogue payphones need coins, returned after the call), but digital payphones dial free once disaster free-calling is declared.",jr_024,,,
156,wisdom,156_wisdom_water-storage.md,"After the 2011 Great East Japan Earthquake, water supply outages lasted more than a week in many affected municipalities. Direction is right (2.3m households cut off; restoration took weeks to months in coastal Tohoku) but the specific 'more than a week in many municipalities' wording was not matched to a primary source.",jr_025,,,
156,wisdom,156_wisdom_water-storage.md,Cabinet Office URL https://www.bousai.go.jp/kyoiku/keigen/gensai/index.html — could not confirm this specific path carries the 3 L / 3-7 day stockpiling guidance (the 3 L per person per day figure itself is confirmed).,jr_025,,,
156,wisdom,156_wisdom_water-storage.md,"Long-term storage water (5-10-year) is simply thicker-walled bottles. Thicker walls are part of it, but long-life products also differ in sterilisation and filling; could not confirm the 'simply' framing from a maker or industry body.",jr_025,,,
156,wisdom,156_wisdom_water-storage.md,One bathtub is about 200 L. Typical Japanese tubs run roughly 180-200 L at full; not confirmed against a manufacturer or utility figure.,jr_025,,,
157,wisdom,157_wisdom_rolling-stock.md,'The same shelf covered households during the 2020 supply disruptions and typhoon-related shop closures' — plausible but no survey or official source located.,jr_025,,,
157,wisdom,157_wisdom_rolling-stock.md,Consumer Affairs Agency URL https://www.caa.go.jp/policies/policy/food_labeling/food_sanitation/expiration_date/ — path not confirmed; CAA has reorganised its food-labelling pages.,jr_025,,,
157,wisdom,157_wisdom_rolling-stock.md,Table quantities '21 meals' worth of staple (2 kg rice + packets)' and 'about 21 items of main dishes' attributed to the MAFF guide. The 2 kg rice per person per week figure checks out; the 21-meal / 21-item breakdown was not matched line-for-line to the guide.,jr_025,,,
158,wisdom,158_wisdom_ventilation-habits.md,"'Run the bathroom fan during and for 1-2 hours after bathing, door closed', attributed to Tokyo Metropolitan Government mould guidance. Not located. Also note the bureau's current name is the Bureau of Public Health and Medical Care (保健医療局), reorganised in 2023.",jr_025,,,
158,wisdom,158_wisdom_ventilation-habits.md,MHLW URL https://www.mhlw.go.jp/stf/seisakunitsuite/bunya/0000121431_00094.html — a COVID-era page; much of that material was reorganised or archived after COVID-19 moved to Class 5 in May 2023. Live status not confirmed. The 2020 notice itself is at /content/10900000/000640920.pdf.,jr_025,,,
158,wisdom,158_wisdom_ventilation-habits.md,"Target humidity 40-60% with mould accelerating above 70%, cited to 'various public health guidance'. Note that the Building Sanitation Act standard for managed buildings is 40-70%; the 40-60% home target needs a named source.",jr_025,,,
159,wisdom,159_wisdom_summer-heat-habits.md,"'A stroller seat sits close to the hot pavement, often several degrees hotter than at adult head height' — widely repeated; the specific temperature differential was not matched to a study or ministry source.",jr_025,,,
159,wisdom,159_wisdom_summer-heat-habits.md,'Drink about 1.2 L a day beyond meals' and 'add salt at 0.1-0.2% when sweating heavily' — consistent with MHLW/Ministry of the Environment heat-illness material but not verified against the current edition of the 熱中症環境保健マニュアル.,jr_025,,,
159,wisdom,159_wisdom_summer-heat-habits.md,FDMA source URL https://www.fdma.go.jp/disaster/heatstroke/post3.html — path not confirmed; it should point to the current annual heatstroke transport statistics page carrying the 2025 report.,jr_025,,,
159,wisdom,159_wisdom_summer-heat-habits.md,"Heat-Stroke Alert at WBGT 33 and Special Alert at 35 since 2024 — confirmed in substance (Special Alert operation began 24 April 2024 under the revised Climate Change Adaptation Act). Not flagged as a finding, but note the same 2024 reform created municipal cooling shelters (指定暑熱避難施設), which the article does not mention and readers would find useful.",jr_025,,,
160,wisdom,160_wisdom_gift-giving-customs.md,'tsumaranai mono desu ga is old-fashioned; kokoro bakari desu ga is current' — a usage judgement with no cited source.,jr_025,,,
160,wisdom,160_wisdom_gift-giving-customs.md,"All monetary ranges in the calendar table (ochūgen/oseibo ¥3,000-5,000, kōden ¥5,000-10,000, temiyage ¥1,000-3,000, okaeshi at half) are etiquette-survey conventions rather than published official figures. Wedding goshugi ¥30,000 for a friend and ¥50,000-100,000 for relatives matches 2025 bridal-industry surveys.",jr_025,,,
160,wisdom,160_wisdom_gift-giving-customs.md,"Internal wording: the table gives temiyage as ¥1,000-3,000 while Misunderstanding 1 gives ¥1,000-2,000 for a first visit. Not strictly contradictory but worth aligning.",jr_025,,,
160,wisdom,160_wisdom_gift-giving-customs.md,JNTO etiquette URL https://www.japan.travel/en/guide/etiquette/ — path not confirmed.,jr_025,,,
161,beauty,161_beauty_sheet-masks.md,「乾き始めたシートは肌から水分を奪う」という記述。広く言われるが、定量的な一次文献は確認できなかった。,jr_026,,,
161,beauty,161_beauty_sheet-masks.md,シートマスクの使用時間「多くは5〜15分」／頻度「毎日用と週1〜2回用」は製品表示に基づく目安で、公的・学術的な裏づけは見つからなかった。,jr_026,,,
161,beauty,161_beauty_sheet-masks.md,出典PDFのURL（mhlw.go.jp/file/06-.../kesyouhin_hanni_20111.pdf）の実在を確認できず。通知の号数も「薬食発0721第1号」と、法令DB表記の「平成23年7月21日 薬食発第721001号」の2通りが流通している。本文確認は https://www.mhlw.go.jp/web/t_doc?dataId=00tb7518&dataType=1&pageNo= で可能。,jr_026,,,
162,beauty,162_beauty_exfoliation.md,出典の日本皮膚科学会「皮膚科Q&A」（https://www.dermatol.or.jp/qa/）に、角層の厚さ・ターンオーバー周期・角質ケアの頻度に対応する項目があるかは未確認。,jr_026,,,
162,beauty,162_beauty_exfoliation.md,表の頻度目安（スクラブ週1〜2回、AHA・BHA週1〜2回から、酵素洗顔週1〜2回）は製品表示ベースで、公的な根拠は確認できなかった。,jr_026,,,
162,beauty,162_beauty_exfoliation.md,角層の厚さ「約0.02mm」、ターンオーバー「おおむね28日前後」。化粧品会社・皮膚科クリニックの解説では一般的だが、日本皮膚科学会など学術団体の一次資料では確認できず。年齢で2倍以上変わるとの指摘もあり、28日は若年層の目安。,jr_026,,,
163,beauty,163_beauty_foundation-spf.md,「ファンデーションの一般的な使用量 0.2〜0.5g程度（測定量の4分の1〜半分）」の出典を特定できなかった。,jr_026,,,
163,beauty,163_beauty_foundation-spf.md,「防御力は塗布量に対して指数的に変化する」。一般に指摘される関係だが、一次文献を確認できなかった。,jr_026,,,
163,beauty,163_beauty_foundation-spf.md,「顔全体に必要な量 約0.8g（500円硬貨大〜パール2個分）」。0.8g・500円玉大は一般に流通する換算だが、環境省マニュアルの記載は「クリーム状タイプはパール粒1個分、液状タイプは1円硬貨大を2度塗り」で、表現が一致しない。,jr_026,,,
163,beauty,163_beauty_foundation-spf.md,塗り直しの目安「2〜3時間おき」。環境省マニュアルの記載と整合するとされるが、2020年版の該当ページを直接確認できなかった。,jr_026,,,
164,beauty,164_beauty_cleaning-makeup-brushes.md,「湿ったスポンジを密閉ポーチに入れるとカビが生える」「汚れた道具が肌荒れの原因になる」。生活知として広く言われるが、一次資料での裏づけは取れなかった。,jr_026,,,
164,beauty,164_beauty_cleaning-makeup-brushes.md,出典の日本化粧品工業会「化粧品の正しい使い方」（https://www.jcia.org/user/public/）のページ名・実在を確認できなかった。,jr_026,,,
164,beauty,164_beauty_cleaning-makeup-brushes.md,洗う頻度（スポンジ毎回〜2、3回ごと／筆週1回）と買い替え目安（スポンジ1〜3か月）はメーカー案内ベースの目安で、公的根拠は確認できなかった。,jr_026,,,
165,beauty,165_beauty_using-a-hair-dryer.md,「濡れたまま寝ると摩擦による切れ毛・枕の湿気による頭皮環境の悪化」「濡れた髪はキューティクルが開く」。一次文献での裏づけは取れなかった。,jr_026,,,
165,beauty,165_beauty_using-a-hair-dryer.md,吹き出し口の温度「多くの製品で100〜120℃前後」。メーカー・美容系解説では一般的な数値だが、公的な一次資料は確認できなかった（140℃前後の製品もあるとの記載あり）。,jr_026,,,
165,beauty,165_beauty_using-a-hair-dryer.md,経済産業省「電気用品安全法（PSE）」のURL（meti.go.jp/policy/consumer/seian/denan/）の現行有効性、およびヘアドライヤーが電気用品（特定電気用品以外）に該当することの条文上の確認ができなかった。,jr_026,,,
166,beauty,166_beauty_hair-oil.md,「タオルドライ後の濡れた髪こそ主な使いどころ」「ドライヤーの熱と摩擦から表面を守る」— 一次情報（公的機関・学会）での裏づけは取れず、メーカー・美容系情報が中心。,jr_027,,,
166,beauty,166_beauty_hair-oil.md,量の目安（ショート1〜2滴／ミディアム2〜3滴／ロング3〜4滴、1プッシュ換算）に公的・業界の典拠が見当たらない。製品表示に従う旨の注記はあるが、表の数値自体の出所は未確認。,jr_027,,,
167,beauty,167_beauty_bath-additives.md,乳白色（にごり）タイプが大理石・木・ホーローの浴槽を変色させうる、という記述の典拠。,jr_027,,,
167,beauty,167_beauty_bath-additives.md,炭酸ガス系入浴剤は「溶けてから炭酸ガスが抜けるまで（約2時間）」— 日本浴用剤工業会・花王等の業界情報では約2時間持続とされるが、go.jp等の一次情報では未確認。,jr_027,,,
167,beauty,167_beauty_bath-additives.md,追い焚き・循環式風呂釜で硫黄成分・塩分・にごり成分入りが使えないことがある、という記述の典拠（製品表示に依存）。,jr_027,,,
168,beauty,168_beauty_body-wash-vs-soap.md,「健康な皮膚は数時間で（弱酸性に）戻る」— 業界・クリニック情報では「短時間で戻る」とされるが、「数時間」という具体的な時間の学術的典拠は未確認。,jr_027,,,
168,beauty,168_beauty_body-wash-vs-soap.md,「洗う時間と同じくらいの時間をすすぎに」という目安の出所。,jr_027,,,
168,beauty,168_beauty_body-wash-vs-soap.md,誤解4「腕や脚など皮脂の少ない部分はお湯だけの日があってよい、という考え方が皮膚科の資料で示されています」— 日本皮膚科学会等の該当資料を特定できなかった。,jr_027,,,
169,beauty,169_beauty_nail-care-and-removers.md,「コットンに含ませて数十秒置くほうがこするより早く負担も少ない」「アセトンフリーは乾燥は少ないが落ちにくい」という記述の典拠。,jr_027,,,
169,beauty,169_beauty_nail-care-and-removers.md,爪の伸びる速さ「1日約0.1mm／生え替わりに約半年」は複数の皮膚科・専門情報と一致するが、学会等の一次情報では未確認（一般に手の爪で1日0.08〜0.12mm、全体の生え替わりに4〜6か月）。,jr_027,,,
169,beauty,169_beauty_nail-care-and-removers.md,爪の白い斑点（点状白斑）の主因が「爪の根元への軽い衝撃」であるという記述の典拠。,jr_027,,,
170,beauty,170_beauty_oily-skin-care.md,「インナードライ」は医学用語ではなく、公的・学術的な定義は確認できない（記事は「と呼ばれる状態が語られます」と留保しており表現上は可）。,jr_027,,,
170,beauty,170_beauty_oily-skin-care.md,「気温が上がると皮脂分泌が増える」という季節差の記述の典拠。,jr_027,,,
170,beauty,170_beauty_oily-skin-care.md,洗顔のぬるま湯「32〜34℃程度」— クリニック・美容系情報では32〜34度が広く案内されるが、学会・公的機関の典拠は未確認。,jr_027,,,
171,fashion,171_fashion_silk-care.md,QTEC「繊維の基礎知識」という個別ページの存在とURL（トップページのみ記載）。絹の家庭洗濯の水温30℃以下という数値の一次出典。,jr_028,,,
171,fashion,171_fashion_silk-care.md,「水シミ」「摩擦による白化（フィブリル化）は戻らない」の公的資料での裏付け。全国クリーニング生活衛生同業組合連合会「衣類のお手入れ」という個別ページの存在。,jr_028,,,
172,fashion,172_fashion_storing-shoes.md,「1日履いたら1日休ませる」「靴箱は閉め切ると湿度70%超」の一次出典。日本皮革産業連合会「革製品のお手入れ」という個別ページの存在（トップページのみ記載）。,jr_028,,,
173,fashion,173_fashion_hat-care.md,素材別表の「麦わら・フェルト・革は洗えない」「ツバの芯が洗濯機で変形する」の一次出典（メーカー・団体資料での確認が必要）。,jr_028,,,
174,fashion,174_fashion_shrunken-knitwear.md,「30℃程度のぬるま湯＋ヘアコンディショナー30分で緩和収縮が戻る」手順の効果・安全性を示す団体資料。QTEC「毛製品の収縮」・全ク連「クリーニングQ&A」という個別ページの存在（いずれもトップページ記載）。,jr_028,,,
175,fashion,175_fashion_when-to-replace-socks-and-underwear.md,靴下・肌着・パンツの「半年〜1年」という買い替え目安の一次出典。「かかとが薄い靴下は靴の内側も傷める」「ゴムの緩んだ肌着は汗を吸わなくなる」の根拠。,jr_028,,,
176,fashion,176_fashion_folding-and-hangers.md,QTEC（日本繊維製品品質技術センター）をトップページのみで出典としており、本文のどの記述に対応するかが特定できない。,jr_029,,,
176,fashion,176_fashion_folding-and-hangers.md,「引き出しの8割以下を目安に」— 収納量の目安の一次資料（メーカー・公的資料）が確認できない。,jr_029,,,
176,fashion,176_fashion_folding-and-hangers.md,「長期の圧縮はダウン・ウール・ニットの復元力を損なう」— 方向性は各社の保管案内と一致するが、公的・学術の一次資料は未確認。,jr_029,,,
177,fashion,177_fashion_umbrella-care.md,「ビニール傘の大量廃棄は環境省の資料でも課題として挙げられています」— 該当する環境省資料を特定できない（ecojin の紹介記事で言及はあるが、課題提起の公式文書としては未確認）。,jr_029,,,
177,fashion,177_fashion_umbrella-care.md,「傘の修理を受け付ける自治体の講習や店舗」— 自治体講習の実在例を確認できていない。,jr_029,,,
177,fashion,177_fashion_umbrella-care.md,「骨と生地がしっかりした傘は、手入れすれば10年使える」— 年数の根拠が確認できない。,jr_029,,,
177,fashion,177_fashion_umbrella-care.md,年間消費量「約1.2〜1.3億本（日本洋傘振興協議会の推計）」— 1.3億本という数値は多数の二次情報で流通しているが、jupa.gr.jp の公表資料本体を確認できていない。下限1.2億本の出所も不明。,jr_029,,,
178,fashion,178_fashion_glasses-care.md,「2〜3年に一度の点検が眼鏡店の一般的な案内」— 業界団体の公式な推奨頻度が確認できない。,jr_029,,,
178,fashion,178_fashion_glasses-care.md,鼻パッド交換が「多くは無料〜数百円」、フレーム調整が「多くは無料」— 店舗により有償の場合があり、価格の一般化の裏付けが取れない。,jr_029,,,
179,fashion,179_fashion_coat-care.md,「コートは1シーズンに1度しかクリーニングに出さない人が多く」— 出所となる調査が確認できない。,jr_029,,,
179,fashion,179_fashion_coat-care.md,「ドライクリーニングは繰り返すと油分が抜け、風合いが落ちます」— 業界・学術の一次資料が未確認。,jr_029,,,
179,fashion,179_fashion_coat-care.md,クリーニング頻度「シーズンに1回、しまう前」— 全ク連等の公式案内としての裏付けが未確認（zenkuren.or.jp のドメイン・団体名自体は正しいことを確認済み）。,jr_029,,,
180,fashion,180_fashion_rainwear-care.md,「すすぎは2回以上、脱水は短く」— 具体的な回数・時間の一次資料が未確認。,jr_029,,,
180,fashion,180_fashion_rainwear-care.md,「粉末洗剤は不可」— 柔軟剤・漂白剤の不可はメーカー案内と一致するが、粉末洗剤を明確に不可とする公式案内は確認できなかった（溶け残りを理由に液体推奨とする案内はある）。,jr_029,,,
181,health,181_health_snoozing.md,「就寝を15〜30分早める」という具体的な時間幅の出典,jr_030,,,
181,health,181_health_snoozing.md,「睡眠ガイド2023」に、起床時刻を一定にする・朝の光を浴びるという記載がある（PDF原文を照合できず。go.jpに到達不可）,jr_030,,,
181,health,181_health_snoozing.md,二度寝を繰り返すと睡眠慣性が長引く、という点の一次文献,jr_030,,,
181,health,181_health_snoozing.md,休日の起床時刻のずれを2時間以内にするという数値が睡眠ガイド2023に明記されているか,jr_030,,,
182,health,182_health_snoring.md,子どものいびきとアデノイド・扁桃肥大、成長や集中力への影響の一次文献,jr_030,,,
182,health,182_health_snoring.md,日本人はやせ型でもSASになりやすい（顎が小さく気道が狭い骨格）という説明の一次文献,jr_030,,,
182,health,182_health_snoring.md,自宅での簡易検査が保険適用で受けられる条件・自己負担の範囲,jr_030,,,
183,health,183_health_oral-rehydration-solutions.md,個別評価型の許可表示文言「軽度から中等度の脱水状態」の正確な引用,jr_030,,,
183,health,183_health_oral-rehydration-solutions.md,出典URL https://www.mhlw.go.jp/stf/seisakunitsuite/bunya/0000116133.html が現存し「熱中症予防のために」リーフレットを指すか,jr_030,,,
183,health,183_health_oral-rehydration-solutions.md,成分表の100mLあたりの数値（ナトリウム約115mg、糖質約1.8〜2.5g、スポーツドリンクのナトリウム約40〜50mg）——主要製品の表示に基づく概数で、製品横断の裏づけ未確認,jr_030,,,
184,health,184_health_hot-water-sayu.md,e-ヘルスネットに「水分補給」という表題の記事が存在するか,jr_030,,,
184,health,184_health_hot-water-sayu.md,睡眠中に呼気・発汗で失われる水分が「数百mL」であること,jr_030,,,
185,health,185_health_sauna-safety.md,1セットの目安（サウナ6〜12分→水風呂30秒〜1分→休憩5〜10分、2〜3セット）の出典,jr_030,,,
185,health,185_health_sauna-safety.md,サウナ1回で500mL前後の汗が出るという数値,jr_030,,,
185,health,185_health_sauna-safety.md,サウナ室80〜100℃（ドライ）／60〜70℃（高湿度タイプ）、水風呂15〜20℃前後という温度の目安,jr_030,,,
185,health,185_health_sauna-safety.md,日本のサウナ人気が2019年頃から急拡大したという時期の記述,jr_030,,,
185,health,185_health_sauna-safety.md,日本サウナ・スパ協会が「かけ湯で汗を流す」「無理をしない」と案内している原文,jr_030,,,
186,health,186_health_stretching.md,「継続すれば年齢を問わず可動域は改善する」とする研究の特定。,jr_031,,,
186,health,186_health_stretching.md,「運動前の長い静的ストレッチは直後の筋力・瞬発力を一時的に下げる」——検索枠を使い切り一次文献での確認未了。一般に60秒以上の保持で影響が出るとされ、短時間では影響が小さいとの報告もあるため、保持時間の条件を明記すべきか要検討。,jr_031,,,
186,health,186_health_stretching.md,日本スポーツ協会の資料名「スポーツ活動中の熱中症予防・傷害予防」。同協会の刊行物として確認できたのは「スポーツ活動中の熱中症予防ガイドブック」で、掲載URLも団体トップページのため、本文（運動前は動的ウォーミングアップ）を裏づける資料か確認できていない。,jr_031,,,
186,health,186_health_stretching.md,静的ストレッチの保持時間「1か所20〜30秒、2〜3回」の公的な出典。,jr_031,,,
187,health,187_health_radio-calisthenics.md,1928年の放送開始年。かんぽ生命は「1928年（昭和3年）に国民保健体操として制定」「1928年11月1日に東京中央放送局が放送開始」とする一方、放送開始を1929年とする資料もあり、制定年と放送開始年の書き分けを要確認。,jr_031,,,
187,health,187_health_radio-calisthenics.md,「各種調査で成人の2〜3割が『時々〜毎日行う』」——出典となる調査が記事にも示されておらず、特定できていない。,jr_031,,,
187,health,187_health_radio-calisthenics.md,「第二はやや強度が高く、働く世代向け」「正しい動きで行うと翌日に筋肉痛が出る人も多い」の根拠。,jr_031,,,
188,health,188_health_sitting-too-long.md,「2023年の国の指針で初めて『座位行動』への言及が入った」——ガイド2023に座位行動の記載があることは確認できるが、「初めて」かどうかは未確認。,jr_031,,,
188,health,188_health_sitting-too-long.md,「在宅勤務の広がりで座位時間がさらに延びた」とする複数調査の特定。,jr_031,,,
188,health,188_health_sitting-too-long.md,「日本人成人の平日の座位時間 約7時間（420分）」。Bauman ら2011では日本を含む一部の国で中央値が360分/日以上、全体の中央値は300分/日と確認できたが、日本の中央値420分という具体値は原著の該当表で未確認。,jr_031,,,
189,health,189_health_measuring-body-temperature.md,「わきの中央に下から30度くらいの角度」「予測式は約15〜30秒」「実測は約10分」の数値の一次出典（体温計メーカー・JIS本文）。,jr_031,,,
189,health,189_health_measuring-body-temperature.md,「非接触の額式は外気・汗・直前の入浴で数℃ずれることがある」——「数℃」は過大な可能性。一般に報告される腋窩・額の差は0.5〜1℃程度で、表現の精度を要確認。,jr_031,,,
189,health,189_health_measuring-body-temperature.md,出典1の資料名「医療機器の分類と規制」と掲載URL（医薬品・医療機器の分野トップページ）の対応。,jr_031,,,
189,health,189_health_measuring-body-temperature.md,部位差の数値（口は腋窩より約0.2〜0.5℃高い、直腸は約0.5℃高い、日内変動約0.5〜1℃）の一次出典。,jr_031,,,
190,health,190_health_dietary-fibre.md,「1950年代の摂取量（推計）20g超」の出典（「各種栄養史研究」としか示されていない）。,jr_031,,,
190,health,190_health_dietary-fibre.md,「WHO/FAOの目安25g以上」。食事摂取基準2025年版も理想値を25g/日としており整合的だが、WHO/FAOの原典（2023年WHOガイドライン等）は未確認。,jr_031,,,
190,health,190_health_dietary-fibre.md,「野菜ジュースは1本で1〜2g程度の製品が多い」の根拠。,jr_031,,,
190,health,190_health_dietary-fibre.md,ゆで大豆50g＝3.5g。成分表八訂では国産黄大豆・ゆでの食物繊維総量が8.5g/100g（50gで約4.3g）とされる可能性があり、3.5gは七訂相当の値の疑い。要確認。,jr_031,,,
190,health,190_health_dietary-fibre.md,押し麦入りご飯（麦3割）150g＝約2.5g、きんぴらごぼう2.9g、ひじきの煮物5.2g、納豆3.0g、ゆで大豆・レタスの各値の成分表八訂増補2023年での照合（レタス・ごぼう・ひじき・納豆は概ね整合）。,jr_031,,,
191,trend,191_trend_food-storage-containers.md,PP容器の耐熱「約120〜140℃」、シリコンの耐熱「約200℃」、PVDC/PEの各数値は製品表示ベースの目安。個別製品の表示でしか確認できず、公的な一律基準は存在しない。,jr_032,,,
191,trend,191_trend_food-storage-containers.md,ホーロー・ステンレスが「電子レンジ不可」であること自体は一般的だが、公的資料での裏取りはできていない（メーカー表示による）。,jr_032,,,
191,trend,191_trend_food-storage-containers.md,作り置きの保存目安「冷蔵で2〜3日、冷凍で2〜3週間」。公的機関の一律の推奨値は確認できなかった（他記事参照とあるので整合性の確認が必要）。,jr_032,,,
192,trend,192_trend_plastic-wrap-and-foil.md,PVDC系ラップ耐熱約140℃／耐冷約−60℃、PE系ラップ耐熱約110℃／耐冷約−70℃。PVDC140℃・PE110℃・耐冷−60℃は複数の解説記事で一致したが、PE系の「−70℃」は確認できなかった。,jr_032,,,
192,trend,192_trend_plastic-wrap-and-foil.md,「油の多い食品（揚げ物・カレー）は140℃を超えることがあり、PVDC系でも食品に直接触れさせずふんわりかける、が各メーカーの案内です」。各社取扱説明の横断確認はできていない。,jr_032,,,
192,trend,192_trend_plastic-wrap-and-foil.md,出典の消費者庁「電子レンジの安全な使い方」（注意喚起）。この名称の消費者庁資料は特定できず、挙げられたURLは注意喚起の一覧ページ。編集部で実在資料への差し替えが必要。,jr_032,,,
193,trend,193_trend_cutting-board-hygiene.md,「木のまな板は傷の中の菌が乾燥とともに減るという研究もあり」。具体的な研究（出典）が本文にも出典欄にもない。,jr_032,,,
193,trend,193_trend_cutting-board-hygiene.md,出典URL https://www.mhlw.go.jp/www1/houdou/0903/h0331-1.html（平成9年報道発表の旧パス）が現在も生きているか。多数の自治体が同URLを参照しているが、直接到達確認はできていない。,jr_032,,,
194,trend,194_trend_donabe-care.md,「土鍋はIH非対応のものが多い」「においが染みたら茶葉・酢を煮ると軽減」。生活知としては一般的だが一次情報での裏取りはできていない。,jr_032,,,
194,trend,194_trend_donabe-care.md,目止めの具体手順（水を8分目、米のとぎ汁または残りご飯を弱火で粥状に）。産地・メーカーで手順が異なり、公的な標準手順は確認できなかった。,jr_032,,,
195,trend,195_trend_cast-iron-pan-care.md,「使い始めに中火で空焚きして錆止め塗装を焼き切る」手順。製品（窒化加工・シーズニング済み等）では空焚き禁止のものもあり、メーカー横断の確認ができていない。,jr_032,,,
195,trend,195_trend_cast-iron-pan-care.md,出典URL https://www.mhlw.go.jp/stf/newpage_44138.html が「日本人の食事摂取基準（2025年版）」の正しいページか。2025年版が現行（2025〜2029年度適用）であることは確認できたが、このページIDは確認できなかった。,jr_032,,,
195,trend,195_trend_cast-iron-pan-care.md,板厚「1.6mm程度」「2.3mm〜」という区分と、アルミ製フッ素加工品との重量比較。特定メーカーの製品仕様に依存し、一般化の裏取りはできていない。,jr_032,,,
196,trend,196_trend_ice-maker-hygiene.md,「氷は2〜3日で使い切るのが目安」——一次情報・メーカー案内で裏が取れず,jr_033,,,
196,trend,196_trend_ice-maker-hygiene.md,一般財団法人家電製品協会「冷蔵庫のお手入れ」という資料の存在（出典URLは aeha.or.jp のトップページのみで、該当ページを特定できず）,jr_033,,,
196,trend,196_trend_ice-maker-hygiene.md,浄水フィルター「3〜4年で交換」——日立は3〜4年としているが、他メーカー横断の目安かは未確認,jr_033,,,
196,trend,196_trend_ice-maker-hygiene.md,貯氷ケースの手入れ「月1回」——日立は製氷皿・貯氷ケースとも年1〜2回としており、月1回の根拠は未確認,jr_033,,,
197,trend,197_trend_storing-fruit.md,「早く熟したい果物とはりんごと一緒に袋へ、が農林水産省などで紹介される使い分け」——農水省資料での記載を特定できず,jr_033,,,
197,trend,197_trend_storing-fruit.md,いちご「冷蔵、2〜3日」、柑橘類・アボカドの保存目安の出典,jr_033,,,
197,trend,197_trend_storing-fruit.md,農研機構「エチレンと果実の追熟」という資料名（出典URLは naro.go.jp トップページのみ）,jr_033,,,
198,trend,198_trend_storing-meat.md,「チルド室は約0℃、パーシャル室は約−3℃」——各社カタログ表記で概ね一致するが一次資料未確認,jr_033,,,
198,trend,198_trend_storing-meat.md,肉の種類別の冷蔵・チルド・冷凍の日数表（ブロック3〜4日、ひき肉当日〜翌日など）——公的資料での裏付けを特定できず、メーカー・小売の一般的目安,jr_033,,,
199,trend,199_trend_storing-fish.md,「生食用の表示は当日中を前提にしている」——食品表示基準上の根拠は未確認（消費期限の表示によるため）,jr_033,,,
199,trend,199_trend_storing-fish.md,貝類（あさり等）の「砂抜き後、殻ごと冷凍可」,jr_033,,,
199,trend,199_trend_storing-fish.md,魚の状態別保存目安の表（一尾当日、切り身1〜2日、干物2〜3日など）,jr_033,,,
200,trend,200_trend_storing-spices-and-condiments.md,ケチャップ・ドレッシングの開封後「約1か月」、七味・一味「数か月」,jr_033,,,
200,trend,200_trend_storing-spices-and-condiments.md,全日本スパイス協会「スパイスの保存方法」——同協会サイト（ansa-spice.com）はNDL WARPにアーカイブされており、現行ページの生存と該当記事を確認できず,jr_033,,,
200,trend,200_trend_storing-spices-and-condiments.md,粉スパイス6か月〜1年／ホール1〜2年／乾燥ハーブ6か月〜1年の目安——業界サイトでは同様の記述が多いが一次情報未確認,jr_033,,,
211,wisdom,211_wisdom_sliding-doors.md,"'Sliding doors are standard in new Japanese homes' and that barrier-free design prefers them. Plausible and consistent with MLIT barrier-free guidance, but no statistic on new-build door types was found; the MLIT source URL is a section top page, not a guideline document.",jr_034,,,
211,wisdom,211_wisdom_sliding-doors.md,"Annual re-papering of shoji was traditionally done before New Year, and shoji are re-papered 'every few years'. Widely repeated custom; no authoritative source located.",jr_034,,,
211,wisdom,211_wisdom_sliding-doors.md,"Kneeling to open a fusuma in a formal room 'still seen at ryokan'. Custom, not verifiable.",jr_034,,,
211,wisdom,211_wisdom_sliding-doors.md,"Shoji paper transmits roughly 40–50% of light. Matches figures quoted by shoji-paper retailers and paper-industry commentary (also 35–45% reflectance), but no manufacturer test standard or public-body source was found.",jr_034,,,
212,wisdom,212_wisdom_vertical-storage.md,"'30–40 cm of dead space above a closet rail or door' and '10–15 cm gap beside the fridge or washing machine' — plausible product-category ranges, no source.",jr_034,,,
212,wisdom,212_wisdom_vertical-storage.md,"Average rental flat for one person in Tokyo's 23 wards is about 25–30 m². 25 m² is the MLIT minimum housing standard for a single person and is the most common size in consumer surveys, but no official 23-ward average was located.",jr_034,,,
212,wisdom,212_wisdom_vertical-storage.md,Standard oshiire depth 'about 80–90 cm'. Sources give 80–85 cm as standard interior depth; the upper end of the article's range is high.,jr_034,,,
212,wisdom,212_wisdom_vertical-storage.md,"Storage drawer units are sold in widths of 39, 44 and 54 cm. These are common retailer sizes (Nitori, Iris) but not a published standard.",jr_034,,,
213,wisdom,213_wisdom_seasonal-clothing-rotation.md,"'Many now do it in three stages as autumns lengthen.' Trend claim, no source.",jr_034,,,
213,wisdom,213_wisdom_seasonal-clothing-rotation.md,Vacuum bags damage down and wool if left compressed for long. Widely stated by care-label and storage guidance; no primary test source located.,jr_034,,,
214,wisdom,214_wisdom_bento-boxes.md,"'Many kindergartens require a home-packed bento, and rules about no sweets, no nuts and no reheating are common.' Institution-by-institution; not verifiable centrally.",jr_034,,,
214,wisdom,214_wisdom_bento-boxes.md,"Magewappa cedar 'has mild antibacterial properties'. Odate City and METI Tohoku pages assert an antibacterial effect for Akita cedar; no quantified study found, so keep the hedge.",jr_034,,,
215,wisdom,215_wisdom_balcony-laundry.md,'Many condominium rules ban futon over the rail.' True of many management bylaws but varies by building; the article already says to check.,jr_034,,,
215,wisdom,215_wisdom_balcony-laundry.md,Drying time 3–5 hours on a dry sunny day; laundry damp all day in June and September humidity. No source.,jr_034,,,
215,wisdom,215_wisdom_balcony-laundry.md,"Heat-pump dryer cycle about 1 kWh, heater-type 2–3 kWh. Consistent with the Energy Conservation Performance Catalogue's product categories but the specific per-cycle figures were not confirmed against the 2025/2026 catalogue.",jr_034,,,
216,wisdom,216_wisdom_the-zokin-cleaning-cloth.md,"「Colour coding — one cloth for floors, one for tables, one for the toilet — is the household norm.」家庭での色分けが「標準」であることを示す調査・公的資料は見つからなかった。",jr_035,,,
216,wisdom,216_wisdom_the-zokin-cleaning-cloth.md,「Most schools also employ cleaning staff for what children cannot do.」用務員配置の全国的な割合を示す出典は確認できなかった。,jr_035,,,
216,wisdom,216_wisdom_the-zokin-cleaning-cloth.md,ぞうきんの寸法「約20×30cm」と「学期ごとに児童が1枚持参」という慣行の公的な裏付け。,jr_035,,,
216,wisdom,216_wisdom_the-zokin-cleaning-cloth.md,出典欄の東京都保健医療局URL https://www.hokeniryo.metro.tokyo.lg.jp/kankyo/ が家庭の掃除・衛生の頁であるか（ドメイン自体は2023年発足の保健医療局として正しい）。,jr_035,,,
217,wisdom,217_wisdom_oshibori.md,「rental oshibori use in the hundreds of millions per month」「each towel reused dozens of times」の数値。全協連等の公表統計は確認できなかった。,jr_035,,,
217,wisdom,217_wisdom_oshibori.md,おしぼりの提供温度「約50〜60℃（冬）／夏は冷やす」。業界コラムでは5℃/15℃/30℃/45℃/60℃/75℃で嗜好調査がある程度で、50〜60℃という標準値は一次情報で確認できず。,jr_035,,,
217,wisdom,217_wisdom_oshibori.md,コンビニ弁当に使い捨ておしぼりが付く／頼めばもらえるという記述（地域・店舗差が大きく、公的出典なし）。,jr_035,,,
218,wisdom,218_wisdom_the-new-year.md,「小規模店・銀行・官公庁は12月29日〜1月3日ごろ休み」。官公庁の閉庁日は12月29日〜1月3日（行政機関の休日に関する法律）だが、銀行・小売の実務は未確認。,jr_035,,,
218,wisdom,218_wisdom_the-new-year.md,"おせちの百貨店価格帯「¥10,000–50,000」。",jr_035,,,
218,wisdom,218_wisdom_the-new-year.md,明治神宮の三が日参拝者「約300万人」。明治神宮自体は公式数値を発表しておらず、報道・二次情報のみ（2026年も概ね300万人規模と報じられている）。,jr_035,,,
218,wisdom,218_wisdom_the-new-year.md,鏡開き1月11日（地域により1月15日・20日等の差があり、記事は単一日のみ記載）。,jr_035,,,
219,wisdom,219_wisdom_layering-for-winter.md,「三首（首・手首・足首）」を温めるという通説の医学的裏付け。,jr_035,,,
219,wisdom,219_wisdom_layering-for-winter.md,「冬季の寝室室温が18℃未満の住宅が多い」という国内調査（スマートウェルネス住宅等調査）の最新数値。WHOの18℃勧奨は2018年ガイドラインで確認済み。,jr_035,,,
219,wisdom,219_wisdom_layering-for-winter.md,使い捨てカイロの「12〜20時間持続」「40〜60℃を数時間保持」。JIS S 4100の規定値・低温やけどの温度域（44℃前後から）を一次情報で確認できなかった。,jr_035,,,
219,wisdom,219_wisdom_layering-for-winter.md,薄手の吸湿発熱インナーが日本のファストファッションで2003年に普及した、という年の裏付け。,jr_035,,,
220,wisdom,220_wisdom_noise-consideration.md,「8時前・21〜22時以降は洗濯機・掃除機を使わない」という時間帯の慣行（条例の夜間は23:00〜6:00で、記事の時間帯は慣行ベース）。,jr_035,,,
220,wisdom,220_wisdom_noise-consideration.md,「Noise is the number-one neighbour complaint in Japan」（導入部）。警察の生活安全相談・管理会社への相談での順位を示す一次統計は確認できなかった。,jr_035,,,
220,wisdom,220_wisdom_noise-consideration.md,出典欄の国交省マンション管理URL https://www.mlit.go.jp/jutakukentiku/house/ が現行の該当頁か。,jr_035,,,
220,wisdom,220_wisdom_noise-consideration.md,"引越し挨拶の相場「¥500〜1,000」と「両隣・上下」という範囲。民間アンケートのみで公的出典なし。",jr_035,,,
221,beauty,221_beauty_emulsion-vs-serum.md,「化粧水→美容液→乳液→クリーム」の役割分担が業界の慣用であり法律上の定義がない、という整理の一次出典（妥当と考えられるが公的資料での明示は確認できず）,jr_036,,,
221,beauty,221_beauty_emulsion-vs-serum.md,乳液が「水中油型」であるという記述（製品により油中水型もあり、一般化の根拠は未確認）,jr_036,,,
222,beauty,222_beauty_eye-makeup-hygiene.md,インライン（マイボーム腺内側へのアイライン）とドライアイ・腺閉塞の関連について、日本眼科医会・日本眼科学会の一次資料,jr_036,,,
222,beauty,222_beauty_eye-makeup-hygiene.md,日本眼科医会「アイメイクと目の健康」という表題の資料の存在（ドメイン gankaikai.or.jp は公益社団法人日本眼科医会で正しい）,jr_036,,,
222,beauty,222_beauty_eye-makeup-hygiene.md,開封後の目安（マスカラ3か月、リキッドライナー3〜6か月、ペンシル1年、パウダーシャドウ1〜2年、クリームシャドウ6か月〜1年、接着剤6か月）の公的・業界横断の一次出典。通販・メーカー記事では3か月が一般的だが、公的な数値は確認できず,jr_036,,,
223,beauty,223_beauty_additive-free-claims.md,パラベンの化粧品基準（平成12年厚生省告示第331号）上の配合上限値（本文は上限がある旨のみで数値の記載はないが、公開前に数値確認を推奨）,jr_036,,,
223,beauty,223_beauty_additive-free-claims.md,化粧品の「無添加＝安全」表示が景品表示法上の優良誤認として実際に措置命令を受けた事例,jr_036,,,
223,beauty,223_beauty_additive-free-claims.md,日本化粧品工業会の適正広告ガイドラインが「何を無添加かを明記」するよう求めているという記述の該当条項,jr_036,,,
224,beauty,224_beauty_quasi-drugs-vs-cosmetics.md,「米国は化粧品と医薬品の2区分、EUは化粧品規則の1区分」という比較（米国は2022年のMoCRA以降も区分自体は変わらないが、一次資料での確認は未実施）,jr_036,,,
224,beauty,224_beauty_quasi-drugs-vs-cosmetics.md,医薬部外品の代表的有効成分（トラネキサム酸、アルブチン、ビタミンC誘導体、ナイアシンアミド、グリチルリチン酸2K、イソプロピルメチルフェノール）の公的な一覧資料,jr_036,,,
225,beauty,225_beauty_tester-hygiene.md,2020年以降、多くの店舗がタッチアップを中止・予約制にし使い捨てツール提供を標準にした、という業界横断の事実,jr_036,,,
225,beauty,225_beauty_tester-hygiene.md,パウチサンプルの「1年以内を目安」という数値の根拠,jr_036,,,
225,beauty,225_beauty_tester-hygiene.md,日本化粧品工業会がテスターの定期的な交換・清拭を店舗に案内している、という記述の出典,jr_036,,,
226,beauty,226_beauty_hair-dye-patch-test.md,症状は使用後数時間〜48時間で出る／まぶたの腫れが特徴的（一般的な記載と整合するが、公的資料での該当箇所は未確認）,jr_037,,,
226,beauty,226_beauty_hair-dye-patch-test.md,調査委員会は「一度でもかぶれたら、以後ジアミン系の染毛剤は使わない」と勧告しています（この文言が2015年報告書の意見そのものか、厚労省通知・業界表示に基づく助言かを原文で確認が必要）,jr_037,,,
227,beauty,227_beauty_coloured-contact-lenses.md,カラーコンタクトは色素層があるため酸素透過性が低い製品が多い／装用時間は多くの製品で1日8〜12時間以内（販売事業者の案内では8〜12時間だが、学会・公的資料での裏付けは未確認）,jr_037,,,
227,beauty,227_beauty_coloured-contact-lenses.md,個人輸入・フリマ製品で色素が溶け出す等の事例が報告されている（国民生活センター等の該当テスト結果を特定できていない）,jr_037,,,
227,beauty,227_beauty_coloured-contact-lenses.md,日本コンタクトレンズ学会の該当ページ（https://www.clgakkai.jp/）に「カラーコンタクトレンズの安全な使い方」が存在するか未確認,jr_037,,,
228,beauty,228_beauty_after-sun-care.md,医薬部外品の承認効能として「日焼けによるほてりを防ぐ」等がある旨（承認効能の一覧を原文で確認が必要）,jr_037,,,
229,beauty,229_beauty_conditioner-vs-treatment.md,トリートメントに医薬部外品の製品区分があること（薬用ヘアトリートメントの承認例の確認が必要）,jr_037,,,
229,beauty,229_beauty_conditioner-vs-treatment.md,適正広告ガイドラインで「補修」の表現に注釈が求められる／「内部に浸透」は毛髪ではキューティクルの内側までとする注釈が求められる（2020年版の該当条項を原文で確認が必要）,jr_037,,,
230,beauty,230_beauty_combination-skin.md,日本化粧品工業会「化粧品の正しい使い方」（https://www.jcia.org/user/public/）の該当ページ名が現行サイトと一致するか未確認,jr_037,,,
230,beauty,230_beauty_combination-skin.md,混合肌が日本人に最も多い肌質とされること／洗顔後10〜15分で判定する見分け方（出典となる調査・公的資料は未確認）,jr_037,,,
231,fashion,231_fashion_boot-care.md,「1日履いたら1〜2日休ませる」という休息日数の目安の出典。,jr_038,,,
231,fashion,231_fashion_boot-care.md,「スエードにクリームは使えない（毛並みが固まる）」という断定。日本皮革産業連合会（jlia.or.jp）はトップページのみ提示されており、該当解説ページを特定できていない。,jr_038,,,
231,fashion,231_fashion_boot-care.md,ゴム（レインブーツ）が紫外線と高温で硬化・ひび割れするという記述の一次情報。,jr_038,,,
232,fashion,232_fashion_washing-swimwear.md,QTEC（qtec.or.jp）「ポリウレタン繊維の劣化」、日本化学繊維協会（jcfa.gr.jp）「合成繊維の特徴」はいずれもトップページのみで、該当ページ・記載内容を確認できていない。,jr_038,,,
232,fashion,232_fashion_washing-swimwear.md,「ポリウレタン10〜20%」の混率。市販品ではポリエステル80%＋ポリウレタン20%、ナイロン90%＋ポリウレタン10%などが見られ幅はあるが、業界統計としての裏付けは取れていない。,jr_038,,,
232,fashion,232_fashion_washing-swimwear.md,日焼け止め（オイル系）が水着の黄変・変色を起こすという因果の公的・学術的出典。,jr_038,,,
233,fashion,233_fashion_scarves-and-gloves.md,QTEC「獣毛繊維（カシミヤ等）の取扱い」ページの実在と内容。,jr_038,,,
233,fashion,233_fashion_scarves-and-gloves.md,「手袋はペアで同時に洗わないと色や風合いに差が出る」という記述の出典。,jr_038,,,
233,fashion,233_fashion_scarves-and-gloves.md,カシミヤの洗濯頻度「シーズンに2〜3回」の目安の出典。,jr_038,,,
234,fashion,234_fashion_cleaning-the-washing-machine.md,「ドラム式のゴムパッキンの裏を週1回拭くのが各メーカーの案内」という頻度の裏付け。,jr_038,,,
234,fashion,234_fashion_cleaning-the-washing-machine.md,「槽洗浄は月1回程度／槽乾燥機能がある機種は週1回程度」がメーカー案内として一般的かどうか（家電製品協会 aeha.or.jp はトップページのみ提示）。,jr_038,,,
234,fashion,234_fashion_cleaning-the-washing-machine.md,「洗濯機の耐熱温度は多くは50℃以下」。50℃以下という目安は複数の解説記事とメーカーFAQで一致するが、機種差があり一次情報（取扱説明書）での確認が必要。,jr_038,,,
235,fashion,235_fashion_how-much-detergent.md,「ドラム式ではセンサーが泡を検知してすすぎ回数を増やす」という機構の出典。,jr_038,,,
235,fashion,235_fashion_how-much-detergent.md,日本石鹸洗剤工業会の出典URL https://jsda.org/w/index.html が「洗剤の正しい使い方」に対応するページかどうか（ドメイン jsda.org 自体は正しい）。,jr_038,,,
235,fashion,235_fashion_how-much-detergent.md,濃縮タイプのキャップ1杯が「10〜25mL」という具体的レンジの出典。,jr_038,,,
236,fashion,236_fashion_using-a-tumble-dryer.md,「ダニは50℃で20〜30分、60℃以上ならより短時間で死滅」を**国民生活センターや自治体**が布団・毛布・ぬいぐるみ対策として紹介している、という出典帰属。数値自体は一般に流布しているが、記載の機関の資料に当たれていない。,jr_039,,,
236,fashion,236_fashion_using-a-tumble-dryer.md,「綿は最初の数回で数%縮む（生地の緩和収縮）」の具体的な収縮率。,jr_039,,,
236,fashion,236_fashion_using-a-tumble-dryer.md,家庭用ドラム式（ヒートポンプ）の庫内温度「約60℃前後」、コインランドリーのガス乾燥機「80℃前後」という具体的な温度。メーカー公表値で裏取りが必要（JISの記号上限温度80℃／60℃と混同していないか要確認）。,jr_039,,,
236,fashion,236_fashion_using-a-tumble-dryer.md,東京都保健医療局「ダニ対策（布団の乾燥）」URL（hokeniryo.metro.tokyo.lg.jp/kankyo/eisei/yokuaru_shitsumon/gaichu/）の実在とページ内容。,jr_039,,,
237,fashion,237_fashion_dry-cleaning-troubles.md,"「国民生活センター・消費生活センターへのクリーニングに関する相談は年間4,000〜6,000件台（2010年代〜）」および導入部の「毎年数千件」。2023年度PIO-NETの『安全・品質』分類では1,601件という数字が見えたが、分類が異なり直接比較できない。最新年度（2024・2025年度）の数値で要更新。",jr_039,,,
237,fashion,237_fashion_dry-cleaning-troubles.md,クリーニング業法に基づく届出制、および「表示にない処理（ウェットクリーニング等）は店の判断と説明が必要」という義務の根拠条文。厚生労働省URLもトップ階層で未確認。,jr_039,,,
238,fashion,238_fashion_uv-protective-clothing.md,「紫外線遮蔽率90%以上でUVカットをうたう製品が多い」という市場の傾向、および「UVカット加工は洗濯で徐々に落ちる後加工タイプと練り込みタイプがある」の一般化。,jr_039,,,
238,fashion,238_fashion_uv-protective-clothing.md,帽子つば7cm以上で顔への紫外線を約60%減という環境省マニュアルの記載、UVインデックス3以上／8以上の行動目安、照り返し率（砂浜10〜25%、水面10〜20%、雪80%以上）。マニュアル本文PDFで要確認。,jr_039,,,
238,fashion,238_fashion_uv-protective-clothing.md,普通の白いTシャツの紫外線遮蔽率「約80%」。海外資料では白い綿Tシャツのファクターは概ねUPF5〜7（遮蔽率80〜86%相当）で整合的だが、環境省マニュアル2020に同じ数値表現があるかは未確認。,jr_039,,,
239,fashion,239_fashion_childrens-clothing-drawstrings.md,JIS L4129の腰・裾「垂れ下がりは14cm以下、裾から出るひもは不可」、背中「ひもを付けない」、頭部・首まわりの7〜13歳未満の制限内容。規格本文で年齢区分ごとに要確認（袖口は年齢区分で75mm／140mmと異なることが判明済み）。,jr_039,,,
239,fashion,239_fashion_childrens-clothing-drawstrings.md,「EN 14682は日本の基準の元になったもので内容はほぼ同じ」「米国（CPSC）も同様に首のひもを禁止」。米国は連邦規則（16 CFR 1120）で上着の首・フードの引きひもを実質的製品ハザードと指定しており『禁止』の表現が適切か、EN規格との異同を含め要確認。,jr_039,,,
239,fashion,239_fashion_childrens-clothing-drawstrings.md,経済産業省プレスリリースURL（meti.go.jp/press/2015/12/20151221002/20151221002.html）の実在。制定日2015年12月21日自体は複数の試験機関資料と整合。なお現行の解説は meti.go.jp/policy/economy/hyojun-kijun/keihatsu/kodomofuku/index.html にある。,jr_039,,,
240,fashion,240_fashion_kimono-storage.md,「丸洗い（ドライ）だけでは汗の成分は残る」ため専門店の『汗抜き』が必要という説明の裏付け。,jr_039,,,
240,fashion,240_fashion_kimono-storage.md,たとう紙の交換時期「1〜3年」、桐箪笥の湿度調整、「箪笥の上段は乾燥・下段は湿気」「絹は上、木綿・麻は下」という配置の根拠。業界の一般的案内で、公的資料は未確認。,jr_039,,,
240,fashion,240_fashion_kimono-storage.md,パラジクロロベンゼン系防虫剤が金糸・銀糸・箔を変色させること、防虫剤は1種類のみ・衣類の上に置くという指針。日本家庭用殺虫剤工業会（jhpia.or.jp）の資料で要確認。,jr_039,,,
241,health,241_health_jet-lag.md,「体内時計は1日に約1〜1.5時間しか動かない」という調整速度。睡眠医学で広く引かれるが、公的資料での数値の裏付けは未確認。,jr_040,,,
241,health,241_health_jet-lag.md,「出発の2〜3日前から就寝・起床を1時間ずつ現地方向にずらす」方法の有効性と、東向きでとくに有効という記述の出典。,jr_040,,,
241,health,241_health_jet-lag.md,メラトニンの国内承認が「小児用の処方薬のみ」という記述。メラトベル顆粒小児用0.2%（2020年）に加え錠剤1mg/2mg（2025年3月承認）もいずれも小児用途のため方向性は合致するが、最新の承認状況は原文確認が必要。,jr_040,,,
241,health,241_health_jet-lag.md,体内時計の周期が「平均24時間10分前後」という具体値。一般には「24時間より10〜20分程度長い」と幅で書かれることが多く、厚労省資料での同一表記は確認できず。,jr_040,,,
242,health,242_health_alcohol-and-sleep.md,「就寝の3〜4時間前までに飲み終える」という目安の公的出典。,jr_040,,,
242,health,242_health_alcohol-and-sleep.md,出典URL https://www.mhlw.go.jp/stf/newpage_37785.html が飲酒ガイドラインのページかどうか。検索では確認できず（e-ヘルスネット a-03-003 は確実に同ガイドラインの解説）。,jr_040,,,
243,health,243_health_waking-in-the-night.md,不眠症の受診目安「週3回以上・3か月以上」の国内公的出典（ICSD-3の慢性不眠障害の基準と一致するが、記事が引く日本の資料での確認が必要）。,jr_040,,,
243,health,243_health_waking-in-the-night.md,出典に挙げた日本睡眠学会「睡眠障害の診断と治療」という資料の実在（URLは学会トップ jssr.jp で、団体名とドメインは一致）。,jr_040,,,
243,health,243_health_waking-in-the-night.md,市販の睡眠改善薬（抗ヒスタミン成分）が「一時的な不眠向けで連用は勧められない」という記述の出典。,jr_040,,,
244,health,244_health_tech-neck.md,情報機器作業ガイドラインの「連続作業1時間以内・10〜15分の休止」「画面上端が目の高さより下」「視距離40cm以上」が令和3年改正後の現行版でも同じ記載かどうか。,jr_040,,,
244,health,244_health_tech-neck.md,頭の重さ「約4〜6kg（体重の約8〜10%）」の出典。Hansraj論文の10〜12ポンド（約4.5〜5.4kg）とは整合するが、体重比の根拠は未確認。,jr_040,,,
245,health,245_health_foot-baths-and-half-baths.md,「半身浴・足湯は事故のリスクを下げる選択肢の一つとされる」という評価の出典。,jr_040,,,
245,health,245_health_foot-baths-and-half-baths.md,半身浴「38〜40℃・15〜20分」、足湯「40〜42℃・10〜15分」という温度・時間の目安の公的出典（消費者庁が示すのは全身浴の41度以下・10分まで）。,jr_040,,,
246,health,246_health_protein-intake.md,令和6年調査での20歳以上のたんぱく質平均摂取量（本文の男性約78g・女性約64g）。go.jpに到達できず、令和6年の実数値を確認できていない。,jr_041,,,
246,health,246_health_protein-intake.md,食事摂取基準2025年版のたんぱく質推奨量（18〜64歳 男性65g／女性50g、65歳以上 男性60g／女性50g）。65歳以上の目標量15〜20%Eは確認できたが、推奨量の数表は原典未照合。,jr_041,,,
246,health,246_health_protein-intake.md,食品別たんぱく質量（鶏むね肉100g約22g、鮭80g約18g、卵50g約6g、納豆45g約7g、木綿豆腐100g約7g、牛乳200mL約7g、ご飯150g約4g）。日本食品標準成分表（八訂）増補2023年の原典で未照合。なお成分表は2026年9月時点でも八訂増補2023年が最新で、九訂は未公表。,jr_041,,,
247,health,247_health_snacking.md,「就寝前2〜3時間の食事は睡眠の質を下げる」の一次情報（睡眠ガイド2023等の該当記述）。,jr_041,,,
247,health,247_health_snacking.md,どら焼き1個のエネルギー（200kcal相当かどうか）。市販品では200〜290kcalと幅がある。,jr_041,,,
248,health,248_health_weighing-yourself.md,「1日の体重変動は約1〜2kg」の一次情報。,jr_041,,,
248,health,248_health_weighing-yourself.md,「家庭用体組成計は体重計としてはJIS規格・計量法の対象」という記述。計量法上の非自動はかりの規制範囲を原典で未確認。,jr_041,,,
248,health,248_health_weighing-yourself.md,令和6年調査における20歳代女性のやせの割合（令和5年は20.2%）。,jr_041,,,
249,health,249_health_choosing-a-clinic.md,「お薬手帳を持参すると薬局での管理料が下がることがある」（服薬管理指導料の点数差）。2026年度診療報酬改定後の点数を未確認。,jr_041,,,
249,health,249_health_choosing-a-clinic.md,選定療養費の出典URL（https://www.mhlw.go.jp/stf/seisakunitsuite/bunya/kenkou_iryou/iryouhoken/ ）が選定療養の該当ページを指しているか。分野トップの可能性があり、直接の解説ページへの差し替えを推奨。,jr_041,,,
250,health,250_health_winter-mood-and-daylight.md,12月の日照時間平年値（東京約175時間／札幌約90時間／新潟約60時間／高知約200時間）。気象庁サイトに到達できず未照合。とくに札幌は1991〜2020年平年値が約83時間との情報があり、要確認。,jr_041,,,
250,health,250_health_winter-mood-and-daylight.md,「季節性感情障害は高緯度・日照の少ない地域で多い」の日本語一次情報（e-ヘルスネット／日本うつ病学会）。,jr_041,,,
250,health,250_health_winter-mood-and-daylight.md,出典の睡眠ガイドURL（https://www.mhlw.go.jp/stf/seisakunitsuite/bunya/kenkou_iryou/kenkou/suimin/index.html ）が「健康づくりのための睡眠ガイド2023」（令和6年2月策定の確定版）を掲載しているページか。以前記載されていた content/10904750/001181265.pdf は令和5年12月21日の検討会資料＝案の段階のPDFだったため、差し替え後のURLで確定版に到達できるか要確認。,jr_041,,,
250,health,250_health_winter-mood-and-daylight.md,相談窓口の電話番号（よりそいホットライン 0120-279-338、こころの健康相談統一ダイヤル 0570-064-556）が現行のものか。,jr_041,,,
251,trend,251_trend_storing-tofu.md,「期限内で表示に『そのままお召し上がりいただけます』とあれば生食可」という判断基準が、全豆連または消費者庁の資料に記載があるか。,jr_042,,,
251,trend,251_trend_storing-tofu.md,充填豆腐の未開封期限「賞味期限 数週間〜2か月」、高野豆腐「数か月〜1年」の具体的日数。メーカー表示により幅があり、公的資料での裏付けは取れていない。,jr_042,,,
251,trend,251_trend_storing-tofu.md,豆腐の原材料表示として「大豆の産地」が必須である旨（加工食品の原料原産地表示制度との関係）。,jr_042,,,
252,trend,252_trend_storing-yogurt.md,未開封の賞味期限「製造から2〜3週間」、開封後「2〜3日」という目安の出典。メーカーQ&Aでは「開封後は2〜3日以内に」とする案内が一般的だが、公的資料の裏付けはない。,jr_042,,,
252,trend,252_trend_storing-yogurt.md,表の「冷蔵（10℃以下）」が乳等命令の保存基準として正確か（発酵乳の保存温度基準の条文は未確認。表示例としては10℃以下が一般的）。,jr_042,,,
253,trend,253_trend_choosing-cooking-oil.md,n-3系脂肪酸の目安量「男性約2.0〜2.2g・女性約1.6〜2.0g」が2025年版の数値と一致するか（2020年版の値と同じかどうかを含め、原文で要確認）。,jr_042,,,
253,trend,253_trend_choosing-cooking-oil.md,「油大さじ1（12g）＝約110kcal」（食品成分表の油種別の値で要確認）。,jr_042,,,
253,trend,253_trend_choosing-cooking-oil.md,「米油は酸化しにくいとされる」「ココナッツオイルの飽和脂肪酸が約9割」の出典。,jr_042,,,
253,trend,253_trend_choosing-cooking-oil.md,日本食品標準成分表の最新版。検索時点では「（八訂）増補2023年」が最新で九訂は検討中と読めるが、2025〜2026年に九訂が公表されていないか公開前に文科省サイトで要確認。,jr_042,,,
254,trend,254_trend_mirin-and-cooking-sake.md,みりん風調味料を「冷蔵」、本みりんを「常温」とする保存の使い分けが、メーカー案内として一般的か。,jr_042,,,
254,trend,254_trend_mirin-and-cooking-sake.md,発酵調味料（みりんタイプ）のアルコール分「約8〜14%」「塩分約2%」、本みりん開封後「常温可・3か月程度」の目安。製品表示ベースで要確認。,jr_042,,,
255,trend,255_trend_types-of-vinegar.md,「穀物酢は穀物1Lあたり40g以上」の原料に「小麦・米・コーン等」を挙げている点（JASは穀類の使用総量で規定）。,jr_042,,,
255,trend,255_trend_types-of-vinegar.md,「食酢の酸度は多くが4〜5%」。JASは果実酢で酸度4.5%以上等の規定があるが、市販品全体の分布は未確認。,jr_042,,,
255,trend,255_trend_types-of-vinegar.md,開封後「6か月〜1年」で使い切る目安。メーカー案内では冷暗所で約6か月・冷蔵で約1年とする例があり、おおむね整合するが公的資料はない。,jr_042,,,
256,trend,256_trend_umeboshi.md,「1日1〜2個」という摂取量の目安の公的根拠,jr_043,,,
256,trend,256_trend_umeboshi.md,出典URL（消費者庁 食品表示基準／農水省 自然毒／文科省 成分表）の到達可否。なお成分表は2026年9月時点でも「八訂 増補2023年」が最新で、記載は古くない,jr_043,,,
256,trend,256_trend_umeboshi.md,梅干し1個（約10g）の食塩相当量が白干しで約2g（成分表の「うめ／梅干し／塩漬」22.1g/100gと整合するが、原表の値そのものは未確認）,jr_043,,,
257,trend,257_trend_deep-frying-safety.md,「こんろ火災の内容は天ぷら油の過熱・放置が最多、その場を離れたケースが大半」という東京消防庁の分類の最新年,jr_043,,,
257,trend,257_trend_deep-frying-safety.md,食用油の発煙点「約230〜250℃」の出典（消防庁・NITEの原典で未確認）,jr_043,,,
258,trend,258_trend_toaster-oven-safety.md,"オーブントースターの消費電力1,000〜1,400W、ヒーター表面が数百℃という数値の一次資料",jr_043,,,
258,trend,258_trend_toaster-oven-safety.md,クッキングシートの耐熱温度250℃（メーカー表示では「250℃・20分」が主流という情報はあるが、公的資料は未確認）,jr_043,,,
259,trend,259_trend_slow-cooking-food-safety.md,ウェルシュ菌食中毒の年間件数「20〜30件」の令和6年確定値,jr_043,,,
259,trend,259_trend_slow-cooking-food-safety.md,芽胞が「100℃で数時間加熱しても生き残る」の一次資料（100℃1〜6時間耐性という記述は複数二次情報にあり）,jr_043,,,
260,trend,260_trend_camp-cooking-safety.md,「炎天下では2時間で危険」「残り物は持ち帰らず処分が原則」の公的根拠,jr_043,,,
260,trend,260_trend_camp-cooking-safety.md,テント内CO中毒の死亡事故が「毎年」発生しているという消費者庁・NITEの年次データ,jr_043,,,
260,trend,260_trend_camp-cooking-safety.md,出典URL https://www.mhlw.go.jp/www1/houdou/0903/h0331-1.html が現在も有効か（平成9年の報道発表ページ）,jr_043,,,
271,wisdom,271_wisdom_carrying-a-handkerchief.md,「a hand towel is the most common small gift」（小さな贈り物として最多という順位）,jr_044,,,
271,wisdom,271_wisdom_carrying-a-handkerchief.md,「the habit is taught at 3」（3歳から指導という開始年齢）,jr_044,,,
271,wisdom,271_wisdom_carrying-a-handkerchief.md,コロナ後にハンドドライヤーの多くが再稼働していない、という現状（統計が見つからず）,jr_044,,,
271,wisdom,271_wisdom_carrying-a-handkerchief.md,"ハンドタオルは約25×25cm、¥300–1,000という規格・価格帯",jr_044,,,
271,wisdom,271_wisdom_carrying-a-handkerchief.md,駅の混雑したトイレなら1日数万枚のペーパータオルを消費する、という試算,jr_044,,,
272,wisdom,272_wisdom_dehumidifiers.md,デシカント式が日本の冬の販売を「dominate」するという市場データ,jr_044,,,
272,wisdom,272_wisdom_dehumidifiers.md,デシカント式の室温上昇「3–8℃」（メーカー系情報は3〜7℃が多い）,jr_044,,,
272,wisdom,272_wisdom_dehumidifiers.md,消費電力レンジ（コンプレッサー150–300W、デシカント300–700W）の出典,jr_044,,,
273,wisdom,273_wisdom_newspaper-for-windows.md,インクの油分が薄膜となり「数日間ホコリを寄せつけない」という効果,jr_044,,,
273,wisdom,273_wisdom_newspaper-for-windows.md,新聞紙の洗浄力をタンニン・リグニンで説明する記述（家庭向け記事に多いが一次情報なし）,jr_044,,,
273,wisdom,273_wisdom_newspaper-for-windows.md,日本の新聞インキが現在ほぼ大豆油・植物油系である比率（1985年に大豆インキ開発は確認できたが現行比率は未確認）,jr_044,,,
274,wisdom,274_wisdom_daily-tidying-reset.md,「every object has an address（定位置管理）」を日本の整理収納文献の原則とする出典,jr_044,,,
274,wisdom,274_wisdom_daily-tidying-reset.md,夜のリセットの所要時間「5〜15分」および「1週間放置で1時間」という比較,jr_044,,,
275,wisdom,275_wisdom_shoe-cabinets.md,下駄箱内部の湿度が6月・9月に70%を超えることが多い、という実測値,jr_044,,,
275,wisdom,275_wisdom_shoe-cabinets.md,出典の日本皮革産業連合会（jlia.or.jp）にある靴の手入れ・保管ページの具体的な所在,jr_044,,,
275,wisdom,275_wisdom_shoe-cabinets.md,新築住宅における天井までの下駄箱・シューズインクロークの採用率（統計が見当たらず）,jr_044,,,
276,wisdom,276_wisdom_insect-prevention.md,"Aerosol insecticide near a gas flame or pilot light 'has caused fires' — plausible and on product labels, but no NITE/FDMA incident data checked.",jr_045,,,
276,wisdom,276_wisdom_insect-prevention.md,"Insecticides for hygiene pests are quasi-drugs while products for ants and centipedes are regulated as household goods (雑貨) — broadly consistent with the 防除用医薬部外品 applicable-pest list, but not confirmed against an MHLW notice.",jr_045,,,
276,wisdom,276_wisdom_insect-prevention.md,"Mosquito season 'June–October' and the practice of placing cockroach bait stations preventively in May — customary, no official source found.",jr_045,,,
277,wisdom,277_wisdom_community-boards-and-kairanban.md,"Associations typically comprise 50–500 households; kairanban should be passed on 'within a day'; MIC has published guidance specifically on easing participation for renters, single people and foreign residents.",jr_045,,,
277,wisdom,277_wisdom_community-boards-and-kairanban.md,Non-members 'often may still use the collection point' — the legal position varies by municipality and has been litigated; not verified.,jr_045,,,
278,wisdom,278_wisdom_torches-and-radios.md,'Battery-free LED lanterns that run on salt water' are sold in Japan — product exists but not confirmed as a disaster-kit staple.,jr_045,,,
278,wisdom,278_wisdom_torches-and-radios.md,Battery rotation 'every 2–3 years' — alkaline cells are normally marked with a 5–10 year use-by; the 2–3 year figure looks like a habit rather than a standard.,jr_045,,,
278,wisdom,278_wisdom_torches-and-radios.md,Post-earthquake fires caused by candles as a documented secondary-disaster cause — widely stated (通電火災 is the better-documented case); no FDMA figure checked.,jr_045,,,
279,wisdom,279_wisdom_reading-a-japanese-food-label.md,要冷蔵 always means 10°C以下 — the temperature is set per product and is often but not always 10°C; 冷凍 −18°C以下 matches the standard.,jr_045,,,
279,wisdom,279_wisdom_reading-a-japanese-food-label.md,"賞味期限 applies to foods keeping 'more than ~5 days' — the roughly-5-day line is the conventional rule of thumb, not a figure in the Food Labelling Standards.",jr_045,,,
280,wisdom,280_wisdom_warranty-and-repair-culture.md,"'Unstamped warranty cards may be refused' — common practice, but no manufacturer or CAA statement checked.",jr_045,,,
280,wisdom,280_wisdom_warranty-and-repair-culture.md,"Extended warranties cost 5–10% of the price and cover 3–5 years; station shoe kiosks re-heel in 10 minutes for ¥1,000–2,500; umbrella ribs replaced for a few hundred yen — retailer-specific, no source.",jr_045,,,
281,beauty,281_beauty_makeup-primer.md,「下地の後1〜2分置くとファンデがよれにくい」の根拠。メーカー案内レベルで、公的資料・査読文献は未確認。,jr_046,,,
281,beauty,281_beauty_makeup-primer.md,「下地＋ファンデのSPFは足し算にならない」の根拠となる一次資料（JCIA SPF測定法基準の該当記述）を本文で確認できていない。,jr_046,,,
282,beauty,282_beauty_eyebrow-grooming.md,「繰り返し抜くと毛根が弱り生えにくくなる」の定量的根拠（牽引性脱毛の一般論としては説明されるが、眉での発生率・回数の一次資料は未確認）。,jr_046,,,
282,beauty,282_beauty_eyebrow-grooming.md,出典URL https://www.mhlw.go.jp/web/t_doc?dataId=00tb2224&dataType=1 が医政医発第105号（平成13年11月8日）の本文を指しているか（dataId の妥当性）。通知の存在・番号・日付自体は確認済み。,jr_046,,,
282,beauty,282_beauty_eyebrow-grooming.md,眉ティントのパッチテストを「48時間前」とする根拠。48時間は日本皮膚科学会のヘアカラー（染毛剤）向け案内に由来し、眉ティント製品への適用は各製品の使用上の注意による。,jr_046,,,
283,beauty,283_beauty_midday-makeup-touch-up.md,「一般の化粧水を霧吹きに移すと雑菌が増えやすい」の一次資料。,jr_046,,,
283,beauty,283_beauty_midday-makeup-touch-up.md,メイク直し手順（皮脂を押さえる→乳液でならす→部分的に足す）と「5分程度」という所要時間。業界・メーカー案内に基づく一般論で、公的資料の裏付けなし。,jr_046,,,
284,beauty,284_beauty_scalp-care.md,「1日50〜100本の抜け毛は正常」の一次資料。二次情報は多数（AGAガイドライン2017年版を引用するものが多い）だがガイドライン本文での該当記述は未確認。,jr_046,,,
284,beauty,284_beauty_scalp-care.md,「頭皮の皮脂は顔のTゾーンより多い」の出典。,jr_046,,,
285,beauty,285_beauty_hairbrush-care.md,「獣毛ブラシは静電気が起きにくく皮脂を髪に均等に広げる」の測定データ。,jr_046,,,
285,beauty,285_beauty_hairbrush-care.md,素材別の洗浄頻度（プラスチック週1回、獣毛月1回程度）および耐用年数（プラスチック1〜2年、獣毛10年）。ブラシメーカー案内に基づく目安で、公的・業界共通基準は未確認。,jr_046,,,
286,beauty,286_beauty_heels-and-elbows.md,「かかとには皮脂腺がなく、汗腺のみ」— 足底に皮脂腺がなくエクリン汗腺のみという解剖学的記述を裏づける一次資料に到達できなかった（一般に正しいとされる記述）。,jr_047,,,
286,beauty,286_beauty_heels-and-elbows.md,「ひじ・ひざの黒ずみはこするほど濃くなる」という摩擦黒皮症の機序について、学会等の一次資料。,jr_047,,,
286,beauty,286_beauty_heels-and-elbows.md,「削る頻度は週1回以内」「スクラブは月数回まで」という具体的な頻度の公的な根拠。,jr_047,,,
286,beauty,286_beauty_heels-and-elbows.md,「日本皮膚科学会は、保湿しても改善しないかかとのひび割れは皮膚科で検査を勧めています」— 学会がこの趣旨を明示した公式文書を特定できなかった。皮膚科医院の解説では「2〜3週間ケアして改善しなければKOH検査を」とされている。,jr_047,,,
287,beauty,287_beauty_storing-fragrance.md,「劣化の要因：熱（30℃以上）」の30℃という具体的な閾値の根拠。,jr_047,,,
287,beauty,287_beauty_storing-fragrance.md,「宅配便では陸送を条件に受け付ける会社がある」— 各社の最新の約款・取扱いを確認できていない。,jr_047,,,
287,beauty,287_beauty_storing-fragrance.md,「柑橘系は劣化が早く、ウッディ・オリエンタル系は長持ちする」傾向の定量的な根拠。,jr_047,,,
287,beauty,287_beauty_storing-fragrance.md,「香水は日本では化粧品（一部は雑貨）で、全成分表示の義務がある」— 雑貨扱いの範囲と全成分表示義務の対応関係を一次資料で確認できていない。,jr_047,,,
288,beauty,288_beauty_mens-skincare.md,「洗顔は1日2回まで」という回数の公的・学会的な根拠。,jr_047,,,
288,beauty,288_beauty_mens-skincare.md,「男性のシミ・皮膚がんのリスクは環境省マニュアルでも同様に扱われている」— 2020年版の該当箇所を確認できていない。,jr_047,,,
288,beauty,288_beauty_mens-skincare.md,「男性の皮脂は女性の約2倍、水分は女性より少ない」— 化粧品メーカー（花王・持田ヘルスケア等）の記載では「2〜3倍」「水分量は女性の30〜50%」と幅がある。皮膚科学の一次文献は特定できていない。,jr_047,,,
289,beauty,289_beauty_sunscreen-for-children.md,「つば7cm以上の帽子で顔への紫外線を約60%減らす」— 二次情報（つば3cmで約35%、7cmで約60%、10cmで約70%）とは整合するが、2020年版マニュアル本体の該当ページを確認できていない。,jr_047,,,
289,beauty,289_beauty_sunscreen-for-children.md,「ビタミンD生成に必要な紫外線は夏の晴天なら両手の甲に数分〜十数分」— 国立環境研究所の推計は季節・緯度で大きく変わるため、条件つきの数値として原典確認が必要。,jr_047,,,
289,beauty,289_beauty_sunscreen-for-children.md,「生涯に浴びる紫外線の相当部分を18歳までに浴びる」— よく引用される「18歳までに生涯の約8割」説は近年見直されており（推計約2〜3割とする報告もある）、2020年版マニュアルの記載を要確認。,jr_047,,,
290,beauty,290_beauty_home-hair-removal-devices.md,「エステの光脱毛で『永久脱毛』『医療と同等』の表示は景表法・医療法上問題」— 個別の措置命令・行政指導事例を特定できていない。,jr_047,,,
290,beauty,290_beauty_home-hair-removal-devices.md,「家庭用光脱毛器は雑貨（医療機器でも医薬部外品でもない）」— 薬機法上の位置づけを示す一次資料を確認できていない。,jr_047,,,
290,beauty,290_beauty_home-hair-removal-devices.md,「照射間隔は多くは2週間に1回」という製品横断の数値。,jr_047,,,
290,beauty,290_beauty_home-hair-removal-devices.md,「特定商取引法のクーリングオフ」— エステ脱毛は特定継続的役務提供（期間1か月超・金額5万円超）で法定書面受領から8日間とされるが、本セッションの検索上限に達したため条文・要件を確認できなかった。家庭用脱毛器の通信販売にはクーリング・オフ制度がない点も要検討。,jr_047,,,
291,fashion,291_fashion_washing-blankets.md,「シーズンに2〜3回」という毛布の洗濯頻度——検索予算切れにより裏取り未了。,jr_048,,,
291,fashion,291_fashion_washing-blankets.md,「寝汗（1晩に約200mL）」——寝具・アパレル各社が広く用いる数値だが、出典となる公的・学術資料を特定できていない。,jr_048,,,
291,fashion,291_fashion_washing-blankets.md,「毛布1枚（シングル、約1.5〜2kg）」「コインランドリーの大型機（15〜25kg）」——一般の案内とおおむね整合するが（シングル毛布は容量7kg以上、布団は15kg以上、毛布・こたつ布団は25kg前後）、一次情報での確認は未了。,jr_048,,,
291,fashion,291_fashion_washing-blankets.md,「毛布には桶に数字（40が多い）」——毛布の洗濯表示で40が多いという分布のデータは未確認。,jr_048,,,
291,fashion,291_fashion_washing-blankets.md,出典「一般財団法人家電製品協会『洗濯機の上手な使い方（毛布・大物）』」——協会名とドメイン（aeha.or.jp）は実在を確認したが、この表題のページの存在は確認できず。URLもトップページのみでリンク先が特定されていない。,jr_048,,,
292,fashion,292_fashion_suit-care.md,「クリーニングはシーズンに1〜2回」——業界の一般的な目安として流布しているが、公的・団体の明示的な推奨としては未確認。,jr_048,,,
292,fashion,292_fashion_suit-care.md,「保管は不織布のカバー、防虫剤を上に」——防虫成分の蒸気は空気より重いため上に置くという説明の裏取りが検索予算切れで未了。,jr_048,,,
292,fashion,292_fashion_suit-care.md,出典の全ク連（zenkuren.or.jp）・QTEC（qtec.or.jp）は団体名・ドメインとも実在を確認したが、いずれもトップページのみで、「クリーニングQ&A（スーツ・汗抜き）」「毛製品の取扱い」という該当ページの存在は未確認。,jr_048,,,
293,fashion,293_fashion_removing-wrinkles-with-steam.md,出典QTEC（qtec.or.jp）はトップページのみで、記事のどの記述に対応する資料か不明。,jr_048,,,
293,fashion,293_fashion_removing-wrinkles-with-steam.md,衣類スチーマーによる熱湯吹き出し・やけど事故の具体的件数・公表資料（NITEまたは事故情報データバンク）を特定できていない。,jr_048,,,
294,fashion,294_fashion_protecting-leather-bags-from-rain.md,「合皮は水に強いが加水分解」——加水分解自体は確認できたが、寿命の目安（記事には記載なし）は情報源により2〜3年から3〜5年と幅がある。,jr_048,,,
294,fashion,294_fashion_protecting-leather-bags-from-rain.md,出典「日本皮革産業連合会『革製品のお手入れ（雨に濡れたとき）』」——団体名（一般社団法人）とドメイン（jlia.or.jp）は確認したが、該当ページは未特定（トップページのみ）。「部分的に濡れたら全体を湿らせる」が皮革業界で案内される方法だという記述の一次確認も未了。,jr_048,,,
295,fashion,295_fashion_using-a-lint-shaver.md,「毛玉取り器で穴を開けたという相談は、押し当てすぎ・薄手の生地・ボタン付近が典型」——相談事例としての帰属先（国民生活センター等）が本文にも出典にもなく、裏取りできていない。,jr_048,,,
295,fashion,295_fashion_using-a-lint-shaver.md,出典QTEC「毛玉（ピリング）の発生と対策」——QTECにピリングの解説ページ（www.qtec.or.jp/work/20160331_321.html）とピリング試験（JIS L 1076）の説明は実在するが、記事が挙げるURLはトップページのみ。,jr_048,,,
295,fashion,295_fashion_using-a-lint-shaver.md,出典「経済産業省『電気用品安全法（PSE）』」——URLのパス（meti.go.jp/policy/consumer/seian/denan/）は実在を確認。ただし電動毛玉取り器本体（乾電池式・充電式）が電安法の対象外であること、ACアダプター・充電器（直流電源装置）が対象であることの条文レベルの確認は未了。,jr_048,,,
296,fashion,296_fashion_belt-care.md,「合皮は加水分解で数年で剥がれる」— 複数のクリーニング業界資料でポリウレタンの劣化は概ね2〜3年とされ整合するが、ベルト固有のデータは未確認。,jr_049,,,
296,fashion,296_fashion_belt-care.md,バックル周りの緑青は「銅を含む金属と汗の反応」。一般的な化学の説明としては妥当だが、一次資料（公的機関・学会）での裏づけは取れていない。,jr_049,,,
296,fashion,296_fashion_belt-care.md,日本皮膚科学会「皮膚科Q&A 金属アレルギー」の該当ページURL。出典は /qa/ の総目次のみで、金属アレルギー（接触皮膚炎）の個別ページを特定できていない。,jr_049,,,
297,fashion,297_fashion_sunglasses-storage-and-lenses.md,「プラスチックレンズは熱に弱く（60℃前後）」— 夏の車内が60℃前後、ダッシュボードが70〜80℃に達することはJAFの試験で確認できたが、レンズ側の耐熱温度60℃という数値の一次資料は未確認。,jr_049,,,
297,fashion,297_fashion_sunglasses-storage-and-lenses.md,「濃い色で紫外線カットのないレンズは瞳孔が開いて紫外線を多く取り込む」— 広く流布した説明だが、一次資料での裏づけ未確認。,jr_049,,,
297,fashion,297_fashion_sunglasses-storage-and-lenses.md,環境省「紫外線環境保健マニュアル2020」が白内障・翼状片を挙げ、サングラスと帽子を勧めているという記述。PDF本文を開いての確認は未実施。,jr_049,,,
298,fashion,298_fashion_underarm-sweat-stains.md,「綿は黄ばみやすい、ポリエステルは匂いが残りやすい」という繊維別の傾向。一次資料未確認。,jr_049,,,
298,fashion,298_fashion_underarm-sweat-stains.md,出典3「厚生労働省『医薬部外品の効能効果の範囲』（制汗剤）」— 掲載URLは化粧品・医薬部外品の総合ページで該当通知を特定できず、かつ本文にこの出典が支える記述が見当たらない。削除または差し替えの要否を人が判断してください。,jr_049,,,
298,fashion,298_fashion_underarm-sweat-stains.md,酸素系漂白剤（粉末）を40〜50℃で30分〜2時間つけ置きという数値。洗剤メーカーの一般的案内と整合するが、公的・業界団体の一次資料は未確認。,jr_049,,,
299,fashion,299_fashion_shoe-odour.md,「10円硬貨（銅）の消臭効果は限定的」という評価。検証データは見つからなかった。,jr_049,,,
299,fashion,299_fashion_shoe-odour.md,「紫外線の殺菌効果は表面のみ」「直射日光は革を硬くし合皮を劣化させる」— 皮革団体の資料での裏づけ未確認。,jr_049,,,
299,fashion,299_fashion_shoe-odour.md,足の発汗量「1日約200mL」。生活情報記事では『コップ1杯分＝約200mL』として広く流通しているが、公的な一次資料は未確認。,jr_049,,,
300,fashion,300_fashion_how-to-lace-and-wear-shoes.md,「ひもを緩めたまま履くと外反母趾・巻き爪・膝の負担の一因」という因果。学会の一般向け説明での明記は未確認（本文は「とされます」と留保済み）。,jr_049,,,
300,fashion,300_fashion_how-to-lace-and-wear-shoes.md,子どもの靴「3〜6か月でサイズを確認」「つま先の余裕は0.5〜1cm」。シューフィッター団体や業界の案内では『3歳以上は4か月に1度』『つま先5〜8mm』とするものもあり、数値の出どころを確認してください。,jr_049,,,
300,fashion,300_fashion_how-to-lace-and-wear-shoes.md,日本靴医学会に「正しい靴の選び方・履き方」という一般向けページが実在するか（公式サイト kutsuigaku.com 内で未確認）。,jr_049,,,
301,health,301_health_bath-timing-before-bed.md,「熱い湯（42℃以上）は交感神経を高め覚醒方向に働く」の公的資料上の裏づけ（一般に流布する説明だが、睡眠ガイド2023に同趣旨の記載があるかは未確認）。,jr_050,,,
301,health,301_health_bath-timing-before-bed.md,入浴で深部体温が0.5〜1℃上がる、という数値。生理学の一般的説明とされるが、湯温・入浴時間で大きく変わり、出典が特定できなかった。,jr_050,,,
301,health,301_health_bath-timing-before-bed.md,睡眠ガイド2023の確定版本文に「就寝1〜2時間前の入浴」という表現がそのまま含まれるか（二次情報では複数が同趣旨を紹介、原文未確認）。,jr_050,,,
302,health,302_health_bedroom-lighting.md,e-ヘルスネット「体内時計と光」という表題の記事の存在と、URL heart/k-02-002.html の対応。体内時計と光の解説は「快眠と生活習慣」(heart/k-01-004.html) に含まれることは確認できたが、k-02-002 の内容は特定できなかった。,jr_050,,,
302,health,302_health_bedroom-lighting.md,常夜灯（豆電球）の照度が「1〜数ルクス」という数値。製品仕様に依存し、公的な出典を特定できなかった。,jr_050,,,
302,health,302_health_bedroom-lighting.md,曇天でも屋外は「数千ルクス」という数値の出典。,jr_050,,,
303,health,303_health_mattress-firmness.md,敷布団の厚み「3〜5cm以上」、買い替え目安「7〜10年」の根拠（業界の一般的な案内と思われるが出典未特定）。,jr_050,,,
303,health,303_health_mattress-firmness.md,日本整形外科学会が寝具について「体が沈み込まず、寝返りしやすいもの」と案内している、という記述。同学会の腰痛ページに該当文言があるか確認できなかった（腰痛診療ガイドライン2019改訂第2版が最新版であることは確認済み）。,jr_050,,,
304,health,304_health_iron-intake.md,20〜40代女性の鉄摂取量「約6.5〜7mg」の最新年次（令和6年調査）の実数値。,jr_050,,,
304,health,304_health_iron-intake.md,ヘモグロビン12g/dL未満の女性が20〜40代で約15〜20%という割合。令和元年調査で約15%という二次情報はあるが、最新年次の値は確認できなかった。,jr_050,,,
304,health,304_health_iron-intake.md,個別食品の鉄含有量（豚レバー50gで6.5mg、あさり水煮30gで8.9mg 等）。八訂増補2023年の100g値からの換算としては整合するが、原表未確認。なお成分表は八訂増補2023年が最新で、九訂は未公表であることは確認済み。,jr_050,,,
304,health,304_health_iron-intake.md,食事摂取基準2025年版のURL（mhlw.go.jp/stf/newpage_44138.html）が実際に鉄の基準を含むページかどうか。,jr_050,,,
305,health,305_health_chewing-well.md,「満腹感は食事開始から15〜20分で脳に伝わる」の出典。,jr_050,,,
305,health,305_health_chewing-well.md,唾液の分泌量「1日1〜1.5L」の出典。,jr_050,,,
305,health,305_health_chewing-well.md,噛ミング30の出典URL（mhlw.go.jp/stf/seisakunitsuite/.../shika/）が噛ミング30の資料を含むか。2009年7月の「歯科保健と食育の在り方に関する検討会」報告書で提唱されたことは確認済み。,jr_050,,,
306,health,306_health_sugar-intake.md,国民健康・栄養調査の「砂糖・甘味料類 約6〜8g／日」。令和6年調査結果の概要が公表されているため、最新年の値で更新してください。,jr_051,,,
306,health,306_health_sugar-intake.md,砂糖類の1人1年当たり供給量「約15〜17kg」。令和5年度食料需給表の砂糖類供給量として20.1kgという数値も検索で確認され、粗食料か純食料かで差がある可能性。原典（食料需給表 品目別累年表）で純食料ベースの最新値を確認してください。,jr_051,,,
306,health,306_health_sugar-intake.md,誤解1の「基準がないのは、日本の調査で糖類の摂取量を正確に把握するデータが不足していたため」という理由づけ。食事摂取基準の本文での説明を確認してください。,jr_051,,,
306,health,306_health_sugar-intake.md,食事摂取基準（2025年版）の炭水化物の目標量50〜65%エネルギー、および糖類の目標量が設定されていないこと。策定検討会報告書の炭水化物の分割版PDFで確認が必要。,jr_051,,,
306,health,306_health_sugar-intake.md,飲料・食品の糖類目安（スポーツドリンク500mL約25〜30g、缶コーヒー185mL約10〜15g、野菜ジュース200mL約10〜15g、ヨーグルト100g約10g、板チョコ50g約25g）。製品表示ベースの概数で、代表製品を特定して確認してください。コーラ500mLの約55gは日本コカ・コーラの56.5gと整合します。,jr_051,,,
307,health,307_health_taking-the-stairs.md,「1日に往復で200段上れば約5〜10分の中〜高強度の運動」。200段を上る時間の前提が不明で、1段1秒なら約3分強。前提を明記するか削除の検討を。,jr_051,,,
307,health,307_health_taking-the-stairs.md,「ガイド2023が階段の利用を日常の工夫として明記」。ガイド2023本文での階段利用の記載箇所を確認してください。,jr_051,,,
307,health,307_health_taking-the-stairs.md,「東京の地下鉄の深い駅では地上まで100段以上」。出典欄が「—」で、具体的な駅名・段数の根拠が必要。,jr_051,,,
307,health,307_health_taking-the-stairs.md,「膝への負荷は上りが体重の約3倍、下りは約4〜5倍」。整形外科の一般的説明として広く流布するが、一次文献を特定できませんでした。,jr_051,,,
308,health,308_health_lower-back-stiffness.md,「これだけ体操」の普及状況、コルセットの長期常用による筋力低下の懸念。腰痛診療ガイドライン2019の該当CQで確認してください。,jr_051,,,
308,health,308_health_lower-back-stiffness.md,「強い施術で悪化した相談も国民生活センターにある」。国民生活センターの該当公表資料を特定してください。,jr_051,,,
308,health,308_health_lower-back-stiffness.md,「急性の激しい痛みは最初の1〜2日は冷やす」という案内。出典が「整形外科」とのみで、ガイドラインの記述とは異なる可能性。,jr_051,,,
308,health,308_health_lower-back-stiffness.md,"表の有訴者率「人口1,000人あたり 男性約90・女性約110」。2025（令和7）年調査の公表値に更新が必要（概況は2026年7月15日公表）。",jr_051,,,
309,health,309_health_air-conditioning-and-health.md,「屋外との差が5〜7℃以上で体の負担が増える」。出典欄が「—」で、根拠となる公的資料を特定できませんでした。,jr_051,,,
309,health,309_health_air-conditioning-and-health.md,環境省の「室温28℃を目安に」。複数の解説サイトで『28℃は設定温度ではなく室温の目安』という趣旨は確認できましたが、環境省熱中症予防情報サイトの原文表現は未確認。また2024年施行の改正気候変動適応法による熱中症特別警戒アラートへの言及を追加する余地があります。,jr_051,,,
310,health,310_health_vitamin-d-and-sunlight.md,「実際の摂取量（20歳以上）約6〜7μg」。国民健康・栄養調査の最新年（令和6年）の値で確認・更新してください。,jr_051,,,
310,health,310_health_vitamin-d-and-sunlight.md,環境省「紫外線環境保健マニュアル2020」が『紫外線対策とビタミンD確保は矛盾しない』としている旨。原文の該当箇所を確認してください（同マニュアルの最新版の有無も要確認）。,jr_051,,,
310,health,310_health_vitamin-d-and-sunlight.md,食品のビタミンD値のうち、鮭1切れ80g約26μg・さんま1尾約16μg・きくらげ乾2g約1.7μg・しいたけ干し3個約0.4μg。八訂増補2023年の該当食品番号で確認してください。,jr_051,,,
311,trend,311_trend_storing-garlic-and-ginger.md,にんにく丸のまま常温1〜2か月、皮むき冷蔵1〜2週間、刻み冷凍1〜2か月、しょうが2〜3週間などの日数の目安（公的一次情報での裏取りができず、メーカー・料理サイトの一般的案内にとどまる）,jr_052,,,
311,trend,311_trend_storing-garlic-and-ginger.md,チューブ入りにんにく・しょうがの「開封後は要冷蔵」「1か月程度」という表示の実態（メーカー表示の網羅確認は未実施）,jr_052,,,
311,trend,311_trend_storing-garlic-and-ginger.md,食品安全委員会「ボツリヌス症について」がにんにくの油漬けに言及しているか（同資料は蜂蜜・いずし等が中心と見られる）,jr_052,,,
312,trend,312_trend_storing-cheese.md,「クッキングシート＋ラップやチーズペーパー」がチーズ専門店の一般的案内であること（三越伊勢丹等の記事はラップ単独を避ける点で整合するが、C.P.A.の公式見解としては未確認）,jr_052,,,
312,trend,312_trend_storing-cheese.md,プロセスチーズ開封後1〜2週間、ハード2〜4週間、白カビ1〜2週間、青カビ2〜3週間などの日数（チーズ専門店・メーカー案内に近いが、C.P.A.の該当資料は特定できず）,jr_052,,,
313,trend,313_trend_storing-salt-and-sugar.md,塩を固まらせないために炒った米を数粒入れるという生活の知恵の効果,jr_052,,,
313,trend,313_trend_storing-salt-and-sugar.md,塩事業センターの「塩の保存」ページの具体的な記述内容（https://www.shiojigyo.com/ のトップのみで該当ページ未特定）,jr_052,,,
314,trend,314_trend_kitchen-cloths-and-paper-towels.md,「キッチンペーパーは食品衛生法上の『器具』ではなく雑貨」という整理（ポジティブリスト制度の対象範囲との関係は一次情報で要確認）,jr_052,,,
314,trend,314_trend_kitchen-cloths-and-paper-towels.md,ふきんの煮沸5分・塩素系漂白剤の表示濃度で数分・電子レンジ1〜2分という具体的な条件の出典,jr_052,,,
314,trend,314_trend_kitchen-cloths-and-paper-towels.md,東京都健康安全研究センター「家庭の台所の細菌汚染に関する調査」という公表資料の存在そのもの,jr_052,,,
315,trend,315_trend_choosing-pots-and-pans.md,IH対応可否の素材別の整理（アルミ単体・銅・非対応土鍋は不可）についての一次情報,jr_052,,,
315,trend,315_trend_choosing-pots-and-pans.md,フッ素樹脂加工の寿命1〜3年という目安,jr_052,,,
316,trend,316_trend_rice-cooker-tips.md,「味は5〜6時間で低下」という時間の根拠（栄養士・メーカー記事では同様の目安だが公的資料は未確認）,jr_053,,,
316,trend,316_trend_rice-cooker-tips.md,保温の消費電力15〜20W、1時間0.4〜0.6円、12時間で約5〜7円という内訳（民間試算では1時間約0.5円が一般的だが、一次資料での確認が必要）,jr_053,,,
316,trend,316_trend_rice-cooker-tips.md,内釜での洗米に関する各メーカーの可否表示の実態,jr_053,,,
316,trend,316_trend_rice-cooker-tips.md,炊飯器の寿命6〜10年、内釜のフッ素加工は3〜5年で劣化という数値の一次情報（民間記事では6〜10年が通説）,jr_053,,,
317,trend,317_trend_stir-fry-heat.md,IHの熱効率約90%／ガス約40〜55%を資源エネルギー庁が公表しているか（民間サイトで広く引用されるが一次資料は未確認）,jr_053,,,
317,trend,317_trend_stir-fry-heat.md,"IHクッキングヒーターの最大2,000〜3,000Wという出力レンジ",jr_053,,,
317,trend,317_trend_stir-fry-heat.md,日本ガス石油機器工業会（jgka.or.jp）にこんろの火力とSiセンサーを扱うページがあるか,jr_053,,,
317,trend,317_trend_stir-fry-heat.md,消費者庁「フッ素樹脂加工のフライパン・鍋の空焚きに注意」という資料の実在（空焚きの注意喚起はNITE・メーカー側で確認できたが、同名の消費者庁資料は見当たらない）,jr_053,,,
318,trend,318_trend_fish-grill.md,東京消防庁の火災統計における「受け皿にたまった油が原因のグリル火災」の件数・毎年の報告（こんろが住宅火災の出火原因上位であることは確認できたが、グリル受け皿に限った統計は未確認）,jr_053,,,
318,trend,318_trend_fish-grill.md,消費者庁「調理中の火災・やけどに注意」という資料の実在とURL,jr_053,,,
318,trend,318_trend_fish-grill.md,重曹水（40℃、水1Lに大さじ2）で30分という具体的な配合・時間の根拠,jr_053,,,
319,trend,319_trend_using-an-oven.md,家電製品協会「電子レンジ・オーブンレンジの上手な使い方」の実在（電子レンジの安全・正しい使い方はJEMAが公開）,jr_053,,,
319,trend,319_trend_using-an-oven.md,日本のレンジ一体型20〜30L／海外の据置型60〜70Lという容量比較,jr_053,,,
319,trend,319_trend_using-an-oven.md,表示温度と実温が10〜30℃ずれる、コンベクションは10〜20℃下げる、扉を開けると数十℃下がるという各数値,jr_053,,,
320,trend,320_trend_osechi.md,「三が日は台所の火を使わない／女性も休む」という由来と江戸時代の定着時期,jr_053,,,
320,trend,320_trend_osechi.md,冷凍おせちを冷蔵庫で1〜2日かけて解凍という各社の案内,jr_053,,,
320,trend,320_trend_osechi.md,市販の冷蔵おせちの消費期限が「1月1日中」など短いという製品実態（冷蔵2〜3日という一般的目安は確認できた）,jr_053,,,
320,trend,320_trend_osechi.md,農林水産省「おせち料理の由来と地域性」（maff.go.jp/j/keikaku/syokubunka/）の該当ページの存在と内容,jr_053,,,
331,wisdom,331_wisdom_the-oshiire-and-under-bed-storage.md,「2000年より前に建てられたほぼすべての日本の住宅に押入れがある」——住宅・土地統計調査（令和5年＝最新、次回2028年）に押入れの有無の集計は見当たらず、裏取りできませんでした。,jr_054,,,
331,wisdom,331_wisdom_the-oshiire-and-under-bed-storage.md,国土交通省「住宅の設計・収納」ページ（https://www.mlit.go.jp/jutakukentiku/house/）が押入れ寸法の根拠になっているか。go.jpに到達できず未確認。押入れ寸法は建築モジュール（尺貫法・半間）由来で、国の基準ではない点に注意。,jr_054,,,
332,wisdom,332_wisdom_the-household-first-aid-box.md,「点検は3月1日と9月1日」——9月1日（防災の日）は定着していますが、3月1日を全国的な家庭の点検日とする公的な根拠は見つかりませんでした（3月1〜7日は春の全国火災予防運動）。,jr_054,,,
332,wisdom,332_wisdom_the-household-first-aid-box.md,「置き薬（配置販売業）は富山の江戸期由来で今も農村部を支えている」——制度の存続は確かですが、現在の世帯カバー状況を示す統計は確認できませんでした。,jr_054,,,
333,wisdom,333_wisdom_reusing-bath-water.md,「すすぎは水道水」というルールが『メーカー・水道局・消費者団体の公式ルール』であること——東京都水道局系の解説では「洗いは残り湯、すすぎは水道水」が基本として示されますが、国民生活センター等の一次資料は未確認。,jr_054,,,
333,wisdom,333_wisdom_reusing-bath-water.md,「日本で売られている洗濯機のほとんどに風呂水ポンプホースが付く」——日本電機工業会（jema-net.or.jp）に該当の統計ページを確認できず。ドラム式では非搭載機種が増えている点も未検証。,jr_054,,,
334,wisdom,334_wisdom_everyday-tea-habits.md,リーフ緑茶の世帯購入量「年約600g、2000年代初頭は約1kg」——家計調査の該当年次の実数を確認できませんでした（MAFF資料は平成20年比約3割減とのみ）。人手で家計調査（品目分類「緑茶」購入数量）の確認が必要。,jr_054,,,
335,wisdom,335_wisdom_the-nukadoko-pickling-bed.md,「100年以上と称するぬか床が市販されている」「糠のB群ビタミンが野菜表面に移る」——一般に流布する説明ですが、公的・学術の一次情報では裏取りできませんでした。,jr_054,,,
335,wisdom,335_wisdom_the-nukadoko-pickling-bed.md,漬け時間（きゅうり4〜12時間、なす12〜24時間ほか）——伝統的な目安として一般的で、公的基準はありません。,jr_054,,,
336,wisdom,336_wisdom_homemade-miso-and-koji.md,'Making miso at home has revived in Japan since the 2010s' and 'miso-making workshops fill every January' — no statistic found for the revival or workshop numbers.,jr_055,,,
336,wisdom,336_wisdom_homemade-miso-and-koji.md,"'under 10% is not recommended' for room-temperature ageing — widely repeated by kōji shops, but no official standard found setting 10% as a floor.",jr_055,,,
336,wisdom,336_wisdom_homemade-miso-and-koji.md,"Home kōji-making conditions '35°C, 48 hours, precise humidity' — consistent with commercial seikiku practice but not confirmed against a primary source.",jr_055,,,
336,wisdom,336_wisdom_homemade-miso-and-koji.md,"Yield 'about 4 kg' and 'final salt about 11–12%' — arithmetic checks out against standard recipes (1 kg dry soy → ~2.3 kg boiled + 1 kg kōji + 0.45 kg salt), but no association-published table found.",jr_055,,,
337,wisdom,337_wisdom_heated-carpets-and-floor-heating.md,'Air heating at 20°C leaves the floor at 15°C' — no measurement source found.,jr_055,,,
337,wisdom,337_wisdom_heated-carpets-and-floor-heating.md,"'¥50–150 per day' for hot-water floor heating in a living room — consumer sites give roughly ¥94–100 for 8 h in a 6-mat room, so the range is plausible but not sourced to the Agency for Natural Resources and Energy.",jr_055,,,
337,wisdom,337_wisdom_heated-carpets-and-floor-heating.md,"Hot carpet surface temperature '40–45°C' — consistent with the 44°C/3–4 h low-temperature-burn threshold NITE cites, but the surface figure itself was not confirmed from a manufacturer or NITE page.",jr_055,,,
338,wisdom,338_wisdom_balcony-gardening-and-green-curtains.md,"'A wet 40 L planter is ~50 kg' — not confirmed; the 180 kg/m² balcony load figure IS confirmed (Building Standards Act Enforcement Order Art. 85, 1800 N/m²).",jr_055,,,
338,wisdom,338_wisdom_balcony-gardening-and-green-curtains.md,"'Itabashi, Yokohama, Kyoto distribute gōya seeds and run contests' — Yokohama and Kyoto green-curtain programmes confirmed; the seed distribution and contests for each named city were not individually checked.",jr_055,,,
338,wisdom,338_wisdom_balcony-gardening-and-green-curtains.md,"'planters 30–40 L with 2–3 plants per metre' — grower guides recommend about 20 L and one plant per container, so 2–3 plants per 30–40 L may be crowded; needs a municipal green-curtain guide to settle.",jr_055,,,
339,wisdom,339_wisdom_mottainai-and-packaging.md,'Over-packaging complaints now appear in consumer surveys as a reason to avoid a product' — no survey found.,jr_055,,,
339,wisdom,339_wisdom_mottainai-and-packaging.md,"The exact '32 kg' UNEP per-capita figure — the Japan-second-after-USA ranking is confirmed, the 32 kg number was not found in the reachable snippets of the 2018 report.",jr_055,,,
340,wisdom,340_wisdom_umbrella-etiquette.md,"'Some cities now run umbrella-sharing schemes' — iKasa is a private company operating at stations and shops, not a municipal scheme; its ¥140/24 h price IS confirmed.",jr_055,,,
340,wisdom,340_wisdom_umbrella-etiquette.md,"The 120–130 million umbrellas/year figure is universally attributed to JUPA in secondary sources, but no JUPA page stating it was reachable; the same for 'a large share are vinyl' (secondary sources say over 60%, ~80 million).",jr_055,,,
341,beauty,341_beauty_reading-cosmetic-ingredient-lists.md,「キャリーオーバー（原料由来の微量成分）は表示義務なし」の根拠通知を原文で確認できていない（厚労省通知・粧工会の表示自主基準に当たる必要）。,jr_056,,,
341,beauty,341_beauty_reading-cosmetic-ingredient-lists.md,「訴求成分（〇〇エキス）は1%以下の後半に表示されることが多い」は一般論で、統計的な裏づけは確認できず。,jr_056,,,
342,beauty,342_beauty_cotton-vs-hands-for-toner.md,「パッティング（叩く）は赤み・色素沈着の原因になり皮膚科では勧められない」の出典（日本皮膚科学会の該当Q&A番号）を特定できず。,jr_056,,,
342,beauty,342_beauty_cotton-vs-hands-for-toner.md,コットンパックは「3分程度」で外すという目安。乾燥時に水分を奪うという理屈は一般的だが、3分という数字の一次情報は未確認。,jr_056,,,
342,beauty,342_beauty_cotton-vs-hands-for-toner.md,化粧水の使用量の目安（コットンで約500円硬貨大、手で100円硬貨大〜）はメーカー案内で、公的な基準は確認できず。,jr_056,,,
343,beauty,343_beauty_booster-serums.md,「導入美容液は角層をやわらげ次の化粧水のなじみをよくする」という位置づけは業界慣用の説明で、公的資料での裏づけは未確認。,jr_056,,,
344,beauty,344_beauty_seasonal-skin-changes.md,「2週間以上続く赤み・かゆみは受診」の2週間という目安の出典は未確認。,jr_056,,,
344,beauty,344_beauty_seasonal-skin-changes.md,暖房使用時の室内湿度20〜30%という数値の出典（気象庁・省エネ関連資料等）を特定できず。,jr_056,,,
345,beauty,345_beauty_eyelash-serums.md,「化粧品のまつげ美容液で言えるのは56項目の範囲」という整理。56項目は主に頭髪・皮膚の効能で、まつ毛への当てはめ方は国民生活センター資料の記載（「まつ毛にはり、こし、つやを与える」等）で確認する必要がある。,jr_056,,,
345,beauty,345_beauty_eyelash-serums.md,「目の周りの皮膚は体で最も薄い（約0.6mm）」は美容・形成外科サイトで広く引用されるが、一次文献（学会資料等）を特定できず。上眼瞼皮膚の実測は0.8mm前後とする報告もある。,jr_056,,,
346,beauty,346_beauty_bath-and-skin.md,「42℃以上は皮脂を奪いやすい」という温度の閾値。消費者庁は事故予防として41℃以下を示すが、皮脂喪失の閾値としての42℃は未確認。,jr_057,,,
346,beauty,346_beauty_bath-and-skin.md,「上がって5〜10分以内に保湿」「過乾燥は5〜10分で進みます」——この5〜10分という時間の一次資料（学会・行政）が特定できなかった。,jr_057,,,
346,beauty,346_beauty_bath-and-skin.md,洗う頻度の表（顔・わき・足・陰部は毎日、腕や脚はお湯だけの日があってよい）を「皮膚科の一般的な案内」とする根拠資料。,jr_057,,,
347,beauty,347_beauty_choosing-a-mirror-and-lighting.md,"「『メイク用ミラー』はRa90以上・5,000K前後の製品が多い」という製品調査。",jr_057,,,
347,beauty,347_beauty_choosing-a-mirror-and-lighting.md,「日本の住宅は昼光色のシーリングライトが多く、洗面所も昼光色になりがち」という出荷統計・調査。,jr_057,,,
347,beauty,347_beauty_choosing-a-mirror-and-lighting.md,「洗面所の照明は300〜500ルクス程度が多い」という実測・統計。,jr_057,,,
348,beauty,348_beauty_cosmetic-samples-and-travel-sizes.md,「サンプル（パウチ）は未開封でも1年程度が目安」という期間の根拠（メーカー・業界団体の記載）。,jr_057,,,
348,beauty,348_beauty_cosmetic-samples-and-travel-sizes.md,「ポリスチレン等の材質で成分が変化・溶出・変形する」という具体的な検証資料。,jr_057,,,
348,beauty,348_beauty_cosmetic-samples-and-travel-sizes.md,「日本のトラベルサイズ市場は出張・国内旅行の多さとサンプル文化で発達した」という市場分析。,jr_057,,,
348,beauty,348_beauty_cosmetic-samples-and-travel-sizes.md,「詰め替えるなら数日〜1週間で使い切る」という期間の根拠。なお資生堂等は詰め替え容器を「洗わずに詰め替える」よう案内しており、本文の『清潔な容器に』と併記する際は注意が必要。,jr_057,,,
348,beauty,348_beauty_cosmetic-samples-and-travel-sizes.md,日本化粧品工業会に「化粧品の正しい使い方（詰め替え・保管）」という名称の資料があるか（URL https://www.jcia.org/user/public/ の中身を確認できていない）。,jr_057,,,
349,beauty,349_beauty_hand-sanitiser-and-skin.md,「手荒れが進むと皮膚の防御が落ち、かえって菌が定着しやすくなる」の出典（手湿疹診療ガイドラインの該当箇所）。,jr_057,,,
349,beauty,349_beauty_hand-sanitiser-and-skin.md,「流水と石けんで30秒程度」「手のひらに500円硬貨大」「乾くまで15〜30秒」を厚生労働省がこの数値で明記しているか（一次資料のPDF本文に到達できず）。,jr_057,,,
349,beauty,349_beauty_hand-sanitiser-and-skin.md,表の「火気」行を消防庁に帰属させている点（消防庁の該当文書名・URLが記事に示されていない）。,jr_057,,,
350,beauty,350_beauty_organic-and-natural-cosmetics.md,COSMOSを「EU民間」とする記述（COSMOS-standard AISBLはベルギー登録の非営利団体で、EUの制度ではない点をより明確にできる）。,jr_057,,,
350,beauty,350_beauty_organic-and-natural-cosmetics.md,「日本オーガニックコスメ協会など民間団体の基準」の具体的内容・認証マークの有無。,jr_057,,,
350,beauty,350_beauty_organic-and-natural-cosmetics.md,日本化粧品工業会のISO 16128解説ページの所在（URL https://www.jcia.org/user/business/ は業界向けトップで、ISO 16128の個別解説に到達できていない）。,jr_057,,,
351,fashion,351_fashion_washing-towels.md,「タオルの洗濯表示は多くが桶に数字（40または60）、乾燥機可」という分布。製品ごとの実態で、統計的な裏づけを確認できなかった。,jr_058,,,
351,fashion,351_fashion_washing-towels.md,タオルの買い替え目安「1〜2年」。公的・業界の裏づけとなる出典を確認できなかった（生活情報としての目安と思われる）。,jr_058,,,
351,fashion,351_fashion_washing-towels.md,出典の日本石鹸洗剤工業会のURL https://jsda.org/w/index.html が、現行サイトで「洗濯のQ&A（生乾き臭・柔軟剤）」に対応するページかどうか（ドメイン jsda.org は同会で正しい）。,jr_058,,,
352,fashion,352_fashion_washing-school-uniforms.md,"「学生服の価格は上下で3〜5万円が一般的」。公正取引委員会の公立中学校調査（平成29年11月）では2016年時点で男子33,000円・女子32,000円。その後の価格改定を反映した公的統計を確認できなかった。",jr_058,,,
352,fashion,352_fashion_washing-school-uniforms.md,「現在の学生服はポリエステル主体（5割〜全量）が主流」「洗う頻度（ズボン・スカートは週1回、ブレザーは月1回〜）」の目安。メーカー各社の説明に依存し、公的資料では確認できなかった。,jr_058,,,
353,fashion,353_fashion_jeans-sizing-and-shrinkage.md,「岡山県井原・倉敷（児島）、広島県福山で国内デニム生地の大半」というシェア。産地としての事実は確認できたが、シェアの根拠となる統計は確認できなかった。,jr_058,,,
353,fashion,353_fashion_jeans-sizing-and-shrinkage.md,未防縮（生デニム）の初回縮み率5〜10%、ブランドの実寸がインチ表記＋2〜5cm、着用での伸び1〜3cm。いずれも業界の慣用値で、一次情報を確認できなかった。,jr_058,,,
354,fashion,354_fashion_insoles-and-foot-care.md,「一部の『足底板』を名乗る市販品が一般医療機器として届出」「費用は数千〜1万円台」。PMDAの一般的名称・クラス分類で足底板が一般医療機器に当たるかを、データベース上で直接確認できなかった。,jr_058,,,
355,fashion,355_fashion_clothing-donation-and-recycling.md,「1着の平均着用年数 約3年」。関連調査では購入から手放すまで平均4.9年という数字もあり、環境省の公表値との対応を確認できなかった。,jr_058,,,
355,fashion,355_fashion_clothing-donation-and-recycling.md,「着用年数を1年延ばすだけで廃棄量が数万トン減る」。環境省関連資料では「約3万トンの削減」とする記述があり、「数万トン」で矛盾はしないが、最新版での数値を確認できなかった。,jr_058,,,
355,fashion,355_fashion_clothing-donation-and-recycling.md,表のリユース約20万トン（27%）・リサイクル約7万トン（9%）の更新値。2024年版マテリアルフローではリユース13.7万トン・資源回収19.1万トンと集計区分が変わっており、旧表の区分にそのまま対応する数値を特定できなかった。,jr_058,,,
356,fashion,356_fashion_clothing-size-labels-japan.md,9号の基準体型のウエスト64cmという値（バスト83cm・ヒップ91cm・身長158cmは確認済み）。旧JIS L4005:2001の体型別表で要確認。,jr_059,,,
356,fashion,356_fashion_clothing-size-labels-japan.md,「36/38/40はフランス式の表示を流用したブランド表記」——欧州各国共通の表記でもあり、国内ブランドでは9号＝38のように号数の言い換えとして使う例もある。根拠の特定ができず。,jr_059,,,
356,fashion,356_fashion_clothing-size-labels-japan.md,出典3つめの消費者庁「通信販売におけるクーリングオフの適用と返品特約」のURL（consumer_transaction/）に該当ページがあるか未確認。返品特約の解説は特定商取引法ガイド（no-trouble.caa.go.jp）が一次情報。,jr_059,,,
357,fashion,357_fashion_sewing-repairs-at-home.md,「100円ショップの補修コーナーが日本の日用品売り場の特徴として海外から注目されている」という記述の根拠。,jr_059,,,
357,fashion,357_fashion_sewing-repairs-at-home.md,「購入店で無料〜割引の裾上げが普通」という慣行の一般性。,jr_059,,,
357,fashion,357_fashion_sewing-repairs-at-home.md,"お直し店の料金目安（裾上げ500〜1,500円、ボタン付け200〜500円、ファスナー交換2,000〜5,000円）。公的な統計はなく、店舗・品目で幅がある。",jr_059,,,
357,fashion,357_fashion_sewing-repairs-at-home.md,補修の所要時間（ボタン5分、まつり縫い15〜30分、ダーニング20〜40分など）。教材・実務の経験則で、出典は特定できず。,jr_059,,,
358,fashion,358_fashion_sports-and-workout-clothes.md,「ポリエステルは疎水性で皮脂を吸着しやすく、綿は皮脂を水と一緒に離しやすい」という比較の定量的根拠。,jr_059,,,
358,fashion,358_fashion_sports-and-workout-clothes.md,「抗菌防臭加工は洗濯で徐々に落ちる」「表示に洗濯回数の目安がある製品もある」の出典（SEKマーク基準の洗濯耐久性試験の要確認）。,jr_059,,,
358,fashion,358_fashion_sports-and-workout-clothes.md,酸素系漂白剤を溶かしたぬるま湯に30分という具体的なつけ置き条件、および「重曹より酸素系漂白剤のほうが菌にも働く」という比較。,jr_059,,,
359,fashion,359_fashion_bag-straps-and-shoulder-load.md,「斜めがけは肩がけより負担が少ない」「ベルトが長くバッグが腰より下に垂れると腰への負担が増える」という比較。日本整形外科学会の該当ページ（joa.or.jp/public/sick/）に記載があるか未確認。,jr_059,,,
359,fashion,359_fashion_bag-straps-and-shoulder-load.md,出典欄の消費者庁「子どもの通学用かばん（ランドセル）の安全」（caa.go.jp/policies/policy/consumer_safety/child/）に該当資料が存在するか未確認。,jr_059,,,
359,fashion,359_fashion_bag-straps-and-shoulder-load.md,通勤バッグ3〜5kgという数値（出典欄も「—」）。,jr_059,,,
360,fashion,360_fashion_clothing-and-static-fabrics-choice.md,「毛 90%以上」のような範囲表示が認められる条件（規程の特例の適用範囲）。,jr_059,,,
360,fashion,360_fashion_clothing-and-static-fabrics-choice.md,素材別の性質表（ナイロンの黄変、レーヨンの湿潤強度低下など）の具体的な出典。日本化学繊維協会・QTECの該当ページを要確認。,jr_059,,,
361,health,361_health_sparkling-water.md,「『炭酸水』は無糖、『炭酸飲料』は糖・香料・酸味料を含むことが多い」という食品表示上の区分——食品表示基準に炭酸水の定義規定があるかを確認できていません（旧・炭酸飲料品質表示基準は2015年に食品表示基準へ統合）。,jr_060,,,
361,health,361_health_sparkling-water.md,「無糖炭酸水の国内市場は2010年代に5倍以上に拡大（飲料メーカー・業界推計）」——出典が業界推計とされ、倍率の根拠となる公表資料を特定できませんでした。,jr_060,,,
361,health,361_health_sparkling-water.md,「食前に多量は食事量が減る／少量は食欲を刺激する」という炭酸水と食欲の双方向の研究——具体的な研究の特定に至っていません。,jr_060,,,
362,health,362_health_herbal-teas.md,「1日1〜3杯程度」という摂取量の目安——公的資料による裏付けが見つかりませんでした。,jr_060,,,
362,health,362_health_herbal-teas.md,「センナは医薬品成分で食品に使えない（茎は例外的に食品）」——厚労省「医薬品的効能効果を標ぼうしない限り医薬品と判断しない成分本質リスト」での扱いを原文確認できていません。,jr_060,,,
362,health,362_health_herbal-teas.md,カモミールの「妊娠中は大量を避ける」、ハイビスカス・ローズヒップの「血圧への影響」——HFNetの素材情報の該当記載を原文で確認できていません。,jr_060,,,
363,health,363_health_breathing-and-relaxation.md,「1分間に6回程度のゆっくりした呼吸が心拍変動を高める」——複数研究があるとされますが、個別研究を特定していません。,jr_060,,,
363,health,363_health_breathing-and-relaxation.md,「こころの耳」がリラクセーションとして呼吸法・筋弛緩法・ストレッチの3つを紹介しているか——呼吸法とリラクセーションYOGAは確認できましたが、ストレッチの掲載は未確認です。,jr_060,,,
364,health,364_health_taking-breaks-at-work.md,「20分ごとに20秒、6m先を見る（20-20-20ルール）」——海外の目安との注記どおりで、日本の公的資料による裏付けは確認していません。,jr_060,,,
364,health,364_health_taking-breaks-at-work.md,「集中は連続で90分程度が限度（ウルトラディアンリズム）」——記事内で説として扱われていますが、出典未特定です。,jr_060,,,
364,health,364_health_taking-breaks-at-work.md,「電話番をしながらの昼休みは休憩とみなされない場合がある／手待ち時間は労働時間」——労基法34条の解釈通達・判例の原文を確認できていません。,jr_060,,,
365,health,365_health_sunlight-and-mood-summer.md,「屋内外の温度差5〜7℃以上で自律神経の負担」——一般的な説明との注記どおりで、公的資料は見つかりませんでした。,jr_060,,,
365,health,365_health_sunlight-and-mood-summer.md,「環境省は3以上で対策、8以上で日中の外出を控える目安を示している」——UVインデックスの対応表の文言を紫外線環境保健マニュアル2020の原文で確認できていません。,jr_060,,,
365,health,365_health_sunlight-and-mood-summer.md,「目から日焼け」の動物実験レベルの報告——原著を特定していません。,jr_060,,,
366,health,366_health_standing-all-day.md,「1時間に数分は座る、または歩く」という目安の出典。身体活動ガイド2023は「30分ごとに座位を中断」を挙げており、立位側の目安は別出典が必要。,jr_061,,,
366,health,366_health_standing-all-day.md,「ヒールは3cm以下が長時間には向く」。公的資料で3cmという具体的数値を確認できず。,jr_061,,,
366,health,366_health_standing-all-day.md,「動かない立位は約1.3〜2メッツ」。身体活動・運動ガイド2023は座位行動を1.5メッツ以下と定義し、立位はおおむね2メッツ程度とされる。1.3という下限の出典（改訂版身体活動のメッツ表か）を要確認。,jr_061,,,
366,health,366_health_standing-all-day.md,下肢静脈瘤が「女性に多い」「予防はふくらはぎの運動と弾性ストッキング」。日本静脈学会の圧迫療法ガイドライン2024で裏取り可能と思われるが未確認。,jr_061,,,
366,health,366_health_standing-all-day.md,腰痛予防対策指針（平成25年6月18日改訂）に「立ち作業で片足を台に乗せる」「床のクッション」の記載があるか。指針本体PDF（https://www.mhlw.go.jp/content/11303000/001376468.pdf）で条文を確認のこと。,jr_061,,,
367,health,367_health_fermented-foods-and-gut.md,e-ヘルスネット「腸内細菌と健康」の kennet ドメインURL（.../food/e-05-003.html）。同記事は www.e-healthnet.mhlw.go.jp 側で確認できたが、kennet 側のパスの存在は未確認。,jr_061,,,
367,health,367_health_fermented-foods-and-gut.md,「味噌汁の菌は加熱で大半が死ぬ」の具体的な出典。,jr_061,,,
368,health,368_health_fat-intake.md,n-6系・n-3系の目安量の男女・年齢別レンジ（男性約8〜11g／約2.0〜2.2g、女性約7〜8g／約1.6〜2.0g）。2025年版でn-3の算定方法が変更されているため、報告書の表で個別に要確認。,jr_061,,,
368,health,368_health_fat-intake.md,「マヨネーズ 大さじ1 約11g」。成分表の大さじ1＝12g換算だと脂質は約9g。14g換算なら約11g。分量の前提を要確認。,jr_061,,,
368,health,368_health_fat-intake.md,「鮭1切れ（80g）約3g（うちn-3系 約1g）」。成分表のシロサケはn-3系がおおむね0.6〜0.7g/100g程度で、80gなら約0.5〜0.6gとなり過大の可能性。種類（シロサケ／ギンザケ／アトランティックサーモン）を明示して成分表で要確認。,jr_061,,,
368,health,368_health_fat-intake.md,脂肪エネルギー比率「約28〜29%」「若い世代で30%超の割合が増加」の数値。令和6年調査の統計表で取り直しが必要（令和5年の値のまま年次だけ更新しないこと）。,jr_061,,,
368,health,368_health_fat-intake.md,食品安全委員会の評価書URL（https://www.fsc.go.jp/osirase/trans_fat.html）の現行性。平均0.3%（0.31%）という値は2012年3月の健康影響評価として確認できた。,jr_061,,,
369,health,369_health_seasonal-change-fatigue.md,「1日の気温差10℃以上」を不調の目安とする公的出典。,jr_061,,,
369,health,369_health_seasonal-change-fatigue.md,「気象病・天気痛は2010年代に日本で広まった言葉」。愛知医科大学の天気痛外来は2005年開設とされ、時期の記述を要確認。,jr_061,,,
370,health,370_health_working-from-home-health.md,2025年7月改訂版テレワークガイドラインで、作業環境（机・椅子・照明）の記述や自宅環境チェックリストの内容が変わっていないか。改訂版本文（https://www.mhlw.go.jp/content/tw_guideline.pdf）で要確認。,jr_061,,,
370,health,370_health_working-from-home-health.md,「連続1時間以内、10〜15分の休止」「視距離40cm以上」「画面上端が目の高さより下」。情報機器作業ガイドライン（令和3年改正版）本文で条項を要確認。,jr_061,,,
370,health,370_health_working-from-home-health.md,机の高さ「目安60〜72cm」の出典。情報機器作業ガイドラインの作業面の高さの記述で要確認。,jr_061,,,
371,trend,371_trend_brewing-black-tea.md,「欧州の硬水（200mg/L超）では色が濃く濁りやすい」という水色への影響（一次情報を確認できず）,jr_062,,,
371,trend,371_trend_brewing-black-tea.md,「英国紅茶協会」の案内内容（UK Tea & Infusions Association の該当ページを確認できず、日本紅茶協会の記述のみ確認）,jr_062,,,
371,trend,371_trend_brewing-black-tea.md,ティーバッグで2杯目は淹れない（1回で成分は出切る）,jr_062,,,
371,trend,371_trend_brewing-black-tea.md,未開封の紅茶の賞味期限1〜3年、開封後は数か月で使い切るという保存期間の目安（公的・業界の出典を特定できず）,jr_062,,,
372,trend,372_trend_shopping-frequency-and-food-waste.md,令和6年度の家庭系食品ロスの内訳（直接廃棄・食べ残し・過剰除去）の最新数値。確認できたのは令和5年度分,jr_062,,,
372,trend,372_trend_shopping-frequency-and-food-waste.md,消費者庁の調査で「買ってあるのを忘れた」が買いすぎ原因の上位という記述（該当調査・年次を特定できず）,jr_062,,,
372,trend,372_trend_shopping-frequency-and-food-waste.md,買い物の頻度は「週2〜3回が最多、毎日〜ほぼ毎日も約2割」（出典が「民間調査」のみで特定不能）,jr_062,,,
373,trend,373_trend_cooking-for-one.md,「中食・外食中心の単身者の食費は自炊中心より高い」傾向（家計調査は自炊／中食別の世帯比較を公表していない）,jr_062,,,
373,trend,373_trend_cooking-for-one.md,単身者の朝食欠食率、惣菜1食の塩分2〜3gという目安,jr_062,,,
374,trend,374_trend_steaming-and-simmering.md,「味は冷めるときにしみる」「さしすせそ」の科学的裏付け（公的資料では確認できず）,jr_062,,,
374,trend,374_trend_steaming-and-simmering.md,出典に挙げた農林水産省「和食の基本（だし・煮物）」の該当ページの存在と内容,jr_062,,,
374,trend,374_trend_steaming-and-simmering.md,蒸し時間の目安（ブロッコリー3〜4分、かぼちゃ8〜10分、鶏むね12〜15分、魚の切り身8〜10分）,jr_062,,,
375,trend,375_trend_making-miso-soup.md,「国民健康・栄養調査で汁物は日本人の食塩摂取源の上位」（同調査は料理別の食塩寄与を公表していない。別の研究に基づく可能性）,jr_062,,,
375,trend,375_trend_making-miso-soup.md,だし入り味噌は開封後冷蔵、という保存の指示（メーカー表示によるため一般化の裏付けなし）,jr_062,,,
376,trend,376_trend_grilling-fish-at-home.md,「塩を振って10分置き、出た水気を拭くと臭みが減る」の時間（10分）の根拠,jr_063,,,
376,trend,376_trend_grilling-fish-at-home.md,「魚を焼いた後に茶葉やコーヒーかすを空焼きするとにおいが減る」の効果,jr_063,,,
376,trend,376_trend_grilling-fish-at-home.md,道具別の焼き時間（グリル8〜12分、フライパン片面4〜5分＋裏3〜4分、トースター10〜15分、オーブン200〜220℃で12〜15分）に対応する公的・団体の出典が見つからない,jr_063,,,
377,trend,377_trend_herbs-fresh-and-dried.md,乾燥ハーブ「密閉・暗所・常温、6か月〜1年」、ローズマリー・タイム「冷蔵で2週間」、オイル漬け「冷蔵1〜2週間」の期間の出典,jr_063,,,
377,trend,377_trend_herbs-fresh-and-dried.md,大葉が「10枚で数十円」という価格、「茎を水に浸け容器で冷蔵すると2週間保つ」という保存期間,jr_063,,,
378,trend,378_trend_seasonal-festival-foods.md,「ちらし寿司・恵方巻・おせちは購入が多数」という購買実態を示す調査,jr_063,,,
378,trend,378_trend_seasonal-festival-foods.md,土用の丑の日のうなぎの代替（あなご・さんま・なす等の蒲焼）が「広がっている」ことを示すデータ,jr_063,,,
379,trend,379_trend_takeout-and-delivery-food-safety.md,テイクアウトの「消費期限・保存方法」の表示が店頭販売では義務ではない、という食品表示法上の整理（対面販売の表示義務の範囲は要確認）,jr_063,,,
379,trend,379_trend_takeout-and-delivery-food-safety.md,厚労省が事業者に「その日のうちに」の表示と保冷剤の同梱を求めたという具体的記載（自治体資料には同趣旨の記載あり）,jr_063,,,
380,trend,380_trend_kitchen-knife-safety-and-storage.md,「切れない包丁のほうが事故が多い」ことを示す統計データ,jr_063,,,
380,trend,380_trend_kitchen-knife-safety-and-storage.md,包丁の廃棄方法（新聞紙で包み「刃物」と書いて不燃・危険物）は自治体によって分別区分が異なるため、一般化の可否,jr_063,,,
391,wisdom,391_wisdom_chopsticks-and-table-manners.md,'Holding chopsticks about a third from the top is standard' — no authoritative source located.,jr_064,,,
391,wisdom,391_wisdom_chopsticks-and-table-manners.md,'Turning your own chopsticks around to serve from a shared dish is now discouraged' — widely repeated in manners guides but no public-body source found.,jr_064,,,
391,wisdom,391_wisdom_chopsticks-and-table-manners.md,"Sushi etiquette (dip the fish side, eat in one bite) — convention, no official source.",jr_064,,,
391,wisdom,391_wisdom_chopsticks-and-table-manners.md,"Table of kirai-bashi names and meanings (tate-bashi, sashi-bashi, tsuki-bashi, mayoi-bashi, neburi-bashi, watashi-bashi, yose-bashi) — conventional etiquette, no primary source located; the cited bunka.go.jp / maff.go.jp pages could not be opened from this environment.",jr_064,,,
392,wisdom,392_wisdom_the-home-bath-ofuro.md,"'200 L for flushing after a quake' as an emergency-water rationale — commonly stated in disaster-preparedness advice, not verified against a public-body source.",jr_064,,,
392,wisdom,392_wisdom_the-home-bath-ofuro.md,"'Most people bathe daily, in the evening' — plausible from industry surveys but no figure verified.",jr_064,,,
392,wisdom,392_wisdom_the-home-bath-ofuro.md,'The toilet is in a separate room in almost all Japanese homes' — no statistic located (Housing and Land Survey does not publish this split).,jr_064,,,
392,wisdom,392_wisdom_the-home-bath-ofuro.md,"Traditional bathing order (father/guests first, children, whoever heats the water last) — custom, unverifiable.",jr_064,,,
393,wisdom,393_wisdom_the-mamachari-bicycle.md,"'Bicycle deaths in 2024 and 2025' — NPA reports cyclist deaths fell in 2024 and total road deaths hit a post-1948 low of 2,547 in 2025, but the cyclist-specific 2024/2025 counts were not retrieved. Worth replacing the 2023 figure with the latest available.",jr_064,,,
393,wisdom,393_wisdom_the-mamachari-bicycle.md,"'Fixed umbrella holders are legal in most prefectures if they do not obstruct' — prefecture-by-prefecture, not verified.",jr_064,,,
393,wisdom,393_wisdom_the-mamachari-bicycle.md,"Price ranges (mamachari ¥15,000–40,000; e-mamachari ¥100,000–150,000) and bicycle-park fees (¥100–200/day, retrieval ¥2,000–5,000) — market/municipal figures, not verified.",jr_064,,,
394,wisdom,394_wisdom_indoor-plants-and-humidity.md,"Indoor humidity bands by season (rainy season 70–85%, summer 65–80%, autumn 50–65%, winter 20–35%) — the winter 20–30% figure is well supported, but the indoor rainy-season and summer figures could not be tied to JMA or an indoor-environment survey. JMA normals are outdoor values.",jr_064,,,
394,wisdom,394_wisdom_indoor-plants-and-humidity.md,"The named list of plants commonly sold in Japan (pothos, sansevieria, monstera, ZZ plant, ficus, peace lily, ivy) — plausible, no market source checked.",jr_064,,,
394,wisdom,394_wisdom_indoor-plants-and-humidity.md,"Watering intervals ('every two weeks in the rainy season, every four days in a heated winter room') — illustrative, not sourced.",jr_064,,,
395,wisdom,395_wisdom_window-condensation-in-winter.md,"'A family adds several litres of water vapour a day' — commonly quoted, no public-body source found.",jr_064,,,
395,wisdom,395_wisdom_window-condensation-in-winter.md,"'Single glazing and aluminium frames standard in most homes built before ~2010' — the 13%/1999-standard stock figure checks out, but the pre-2010 glazing claim specifically was not verified.",jr_064,,,
395,wisdom,395_wisdom_window-condensation-in-winter.md,"'The glass surface can drop below 5°C while the room is 20°C' — physically plausible for single glazing, no source located.",jr_064,,,
396,wisdom,396_wisdom_the-kitchen-sponge.md,'Microwave only if wet and metal-free (1 minute)' — no Japanese public-body source recommends this dose; NITE warns about microwave fires generally. Human check advised before publishing a heating time.,jr_065,,,
396,wisdom,396_wisdom_the-kitchen-sponge.md,"'Squeeze dry and hang, separate sponges for dishes/sink/drain, replace every 2–4 weeks' as a specifically Japanese household norm — Japanese retail/consumer sources do give a 3-week-to-1-month replacement guide, but the separation-by-colour rule is not sourced to a public body.",jr_065,,,
396,wisdom,396_wisdom_the-kitchen-sponge.md,MHLW source URL https://www.mhlw.go.jp/www1/houdou/0903/h0331-1.html — a legacy 1997 (then-Ministry of Health) press-release path; could not confirm it still resolves. Current guidance lives under mhlw.go.jp/stf/seisakunitsuite/bunya/kenkou_iryou/shokuhin/syokuchu/.,jr_065,,,
397,wisdom,397_wisdom_making-onigiri-at-home.md,"'Shaping through plastic wrap rather than with bare hands is now the hygiene standard' — widely advised in Japanese consumer material, but no public-body statement calling it the standard was located.",jr_065,,,
397,wisdom,397_wisdom_making-onigiri-at-home.md,MHLW six-points URL (same legacy www1 path as #396) — not confirmed to resolve.,jr_065,,,
397,wisdom,397_wisdom_making-onigiri-at-home.md,"Technique numbers: 'about 3 presses per side', '1 teaspoon of filling', 'a pinch of salt per onigiri', 'slightly less water' — conventional craft advice, no authoritative source found.",jr_065,,,
398,wisdom,398_wisdom_seasonal-decorations-and-storing-them.md,'Christmas decorations taken down on the 26th' and the December 26–28 kadomatsu window with the 29th/31st taboos — consistent with common practice but no authoritative source checked.,jr_065,,,
398,wisdom,398_wisdom_seasonal-decorations-and-storing-them.md,Agency for Cultural Affairs source (https://www.bunka.go.jp/english/) for 年中行事 — no annual-customs page found at that address; the citation may not support the calendar in the table.,jr_065,,,
398,wisdom,398_wisdom_seasonal-decorations-and-storing-them.md,"Association of Shinto Shrines page (jinjahoncho.or.jp/en/) as the source for Dondo-yaki; the mid-January (小正月, around 15 January) timing is standard but was not confirmed on that site.",jr_065,,,
399,wisdom,399_wisdom_the-hanko-seal.md,"'Foreign residents can register a jitsuin in katakana, alphabet or kanji matching the residence card; many municipalities accept alphabet seals' — rules are per-municipality ordinance and were not checked individually.",jr_065,,,
399,wisdom,399_wisdom_the-hanko-seal.md,MIC (soumu.go.jp) and MOJ (moj.go.jp) top-page citations — generic domains; the specific seal-registration and 登記 pages were not identified.,jr_065,,,
399,wisdom,399_wisdom_the-hanko-seal.md,"Price ranges (jitsuin ¥3,000–30,000+, bank seal ¥2,000–10,000, Shachihata ¥500–1,500, katakana mitome-in ¥1,000–3,000 made in a day) — retailer-dependent, not verified.",jr_065,,,
400,wisdom,400_wisdom_seasonal-greetings-and-letters.md,'Companies have largely stopped corporate nengajō since 2020' and 'LINE New Year stickers dominate among under-40s' — no survey source located.,jr_065,,,
400,wisdom,400_wisdom_seasonal-greetings-and-letters.md,Agency for Cultural Affairs citation for 季語・時候の挨拶 — no such page confirmed on bunka.go.jp.,jr_065,,,
400,wisdom,400_wisdom_seasonal-greetings-and-letters.md,"Shochū-mimai starting 'from the end of the rainy season / early July' and ochūgen/oseibo thank-you 'within a few days' — etiquette convention, unsourced.",jr_065,,,
401,beauty,401_beauty_how-much-toner-to-use.md,「たっぷり使う」習慣の由来が「日本のスキンケアの中心品目として発達し、大容量・低価格製品が普及したため」という歴史的説明。裏付け資料を特定できなかった。,jr_066,,,
401,beauty,401_beauty_how-much-toner-to-use.md,「コットンパックは3分程度まで」という時間の目安。出どころとなる公的資料・学会資料を特定できなかった。,jr_066,,,
401,beauty,401_beauty_how-much-toner-to-use.md,「化粧水の主成分は水（70〜90%）」という配合比の範囲。製品差が大きく、公的な根拠を特定できなかった。,jr_066,,,
401,beauty,401_beauty_how-much-toner-to-use.md,「洗顔後すぐ（数分以内）」という時間指定。30秒以内〜5分以内まで情報源により幅があり、公的な推奨時間は確認できなかった。,jr_066,,,
401,beauty,401_beauty_how-much-toner-to-use.md,角層の厚さ「約0.02mm」、および「角層が保持できる水分には上限があり、余剰分は蒸発時に周囲の水分も奪う（過乾燥）」という説明。皮膚科学の一般的記載として流通しているが、一次資料（学会・公的資料）での裏取りができていない。,jr_066,,,
402,beauty,402_beauty_removing-sunscreen.md,「石けんで落ちる」表示は紫外線散乱剤主体・低SPFに多く、子ども用の多くが該当、という製品分布の記述。一般的な解説としては整合するが、統計的な裏付け資料はない。,jr_066,,,
402,beauty,402_beauty_removing-sunscreen.md,クレンジングを「なじませる時間（30秒〜1分）」という具体的な秒数。公的・学会資料での裏取りができていない。,jr_066,,,
403,beauty,403_beauty_neck-and-decollete-care.md,「首の皮膚は顔より薄く、皮脂腺が少ない」という記述。皮膚科学の一般的記載だが、一次資料を特定できなかった（部位により顔＜首とは限らないとの記載もある）。,jr_066,,,
403,beauty,403_beauty_neck-and-decollete-care.md,スマホ姿勢・枕の高さが首の横じわの要因とする説明。臨床研究による裏付けを確認できなかった。,jr_066,,,
404,beauty,404_beauty_hair-iron-temperature.md,「電気ヘアーアイロンが電気用品安全法（PSE）の対象品目である」という記述。電気用品457品目の別表で個別品目名を確認できなかった（経産省の品目一覧で要確認）。,jr_066,,,
404,beauty,404_beauty_hair-iron-temperature.md,出典に挙げたNITE「ヘアアイロンの事故」（https://www.nite.go.jp/jiko/chuikanki/）に、ヘアアイロン単独の注意喚起資料が存在するか確認できなかった。本文の「（NITE・消費者庁）」という帰属も含め要確認。,jr_066,,,
404,beauty,404_beauty_hair-iron-temperature.md,濡れた髪への使用で「水蒸気爆発により内部が空洞化する」という機序。美容業界の説明として流通するが、査読文献等での裏取りができていない。,jr_066,,,
404,beauty,404_beauty_hair-iron-temperature.md,髪質別の設定温度目安（細い・傷んだ髪120〜140℃／普通140〜160℃／太い・硬い髪160〜180℃）。美容業界の一般的な案内で、公的基準はない。,jr_066,,,
405,beauty,405_beauty_hair-and-uv.md,「頭皮の日焼けは抜け毛の一因」とする説明。クリニックの解説記事では多数見られるが、学会・公的資料での裏付けは確認できなかった（記事は既に「とする説明もある」と留保している）。,jr_066,,,
405,beauty,405_beauty_hair-and-uv.md,「髪への紫外線防御の測定基準はない」という断定。国内で髪用UV製品の公的測定基準が存在しないことを明示する資料は確認できなかった（SPFがISO 24444に基づく皮膚での測定であることは確認済み）。,jr_066,,,
405,beauty,405_beauty_hair-and-uv.md,環境省マニュアルが紫外線対策の基本として「帽子・日傘・衣類・日焼け止め・サングラス」を挙げ、髪への言及は限定的、という要約。マニュアル本文（PDF）を開けていないため該当箇所の確認ができていない。,jr_066,,,
406,beauty,406_beauty_grey-hair-dyeing.md,「ヘナ」と称する製品へのジアミン混入とアレルギー事例の件数・公的な公表資料（国民生活センター等の該当リリースを特定できず）,jr_067,,,
406,beauty,406_beauty_grey-hair-dyeing.md,一時染毛料が「1回のシャンプーで落ちる」、ヘアマニキュアの持ちが「2〜4週間」という数値の一次情報,jr_067,,,
406,beauty,406_beauty_grey-hair-dyeing.md,出典3件のURLが実在し記載内容と対応するか（go.jpへ接続できないため未確認。日本ヘアカラー工業会 jhcia.org は検索結果上は実在）,jr_067,,,
407,beauty,407_beauty_beauty-devices-and-cleansing-brushes.md,「家庭用光治療器・低周波治療器が管理医療機器（クラスII）」という区分の具体例（PMDAの届出・認証情報で要確認）,jr_067,,,
407,beauty,407_beauty_beauty-devices-and-cleansing-brushes.md,「家庭用美顔器の大半は雑貨または一般医療機器」という割合の根拠,jr_067,,,
407,beauty,407_beauty_beauty-devices-and-cleansing-brushes.md,消費者庁「家庭用美顔器・美容機器による事故に注意」という表題の資料が実在するか（該当ページを特定できず）,jr_067,,,
408,beauty,408_beauty_dermatology-vs-cosmetic-dermatology.md,皮膚科の保険診療「初診数千円」という金額,jr_067,,,
408,beauty,408_beauty_dermatology-vs-cosmetic-dermatology.md,肝斑・老人性色素斑は自費、扁平母斑・太田母斑は保険という切り分けの、診療報酬上の具体的な適用条件,jr_067,,,
409,beauty,409_beauty_disposing-of-cosmetics.md,化粧品の未開封品を回収・寄付する店舗・NPOの具体的な受け皿（記事は「一部の店舗・団体」とのみ）,jr_067,,,
409,beauty,409_beauty_disposing-of-cosmetics.md,東京都環境局の当該URL（家庭ごみの分け方・出し方は区市町村所管のため、都のページが一覧を担うか要確認）,jr_067,,,
409,beauty,409_beauty_disposing-of-cosmetics.md,環境省「スプレー缶等の適正処理について（収集車火災の防止）」という表題のページと https://www.env.go.jp/recycle/ の対応,jr_067,,,
410,beauty,410_beauty_home-patch-test-for-cosmetics.md,国民生活センターの「化粧品による皮膚障害に関する相談」の件数・年次（記事は件数を示していないが、出典として挙げる以上は特定が必要）,jr_067,,,
410,beauty,410_beauty_home-patch-test-for-cosmetics.md,日本化粧品工業会「化粧品の正しい使い方（初めて使うときの注意）」というページの実在（工業会サイト jcia.org は実在を確認）,jr_067,,,
411,fashion,411_fashion_reusable-shopping-bag-hygiene.md,「『洗ったことがない』が半数前後」の民間調査名・実施年・サンプル数（複数の民間調査で51%前後、3人に1人など数値に幅がある）。,jr_068,,,
411,fashion,411_fashion_reusable-shopping-bag-hygiene.md,「洗う頻度は週1回程度」という目安の公的な根拠。農水省は「定期的に洗う」としており、週1回という頻度の出所は未確認。,jr_068,,,
411,fashion,411_fashion_reusable-shopping-bag-hygiene.md,保冷バッグの手入れ（内側を除菌シート／薄めた洗剤で拭く、手洗い）について、根拠欄が「メーカー案内」のみで具体的な出典が特定できない。,jr_068,,,
412,fashion,412_fashion_using-laundry-nets.md,「ドラム式は叩き洗いで摩擦が異なり、ネットの効果も少し変わる」の定量的根拠。,jr_068,,,
412,fashion,412_fashion_using-laundry-nets.md,「ネットの容量の半分〜7割」という詰め込み量の目安の出典。,jr_068,,,
412,fashion,412_fashion_using-laundry-nets.md,「日本でネットが普及した背景は縦型洗濯機の普及とおしゃれ着の家庭洗濯の広がり」という因果の裏づけ資料。,jr_068,,,
413,fashion,413_fashion_hanging-laundry-to-dry-faster.md,「日光より風が効く」の定量比較データ（アーチ干しで約30分短縮という比較記事はあるが一次実験データは未確認）。,jr_068,,,
413,fashion,413_fashion_hanging-laundry-to-dry-faster.md,「朝干して午後に取り込む／夜露で湿る前に」の根拠となる湿度データ。,jr_068,,,
413,fashion,413_fashion_hanging-laundry-to-dry-faster.md,「間隔10〜15cm」の数値。一般に「こぶし1つ分（約10〜15cm）」と語られるが、公的・メーカー実験の一次資料は未確認。,jr_068,,,
414,fashion,414_fashion_choosing-a-washing-machine.md,"「ドラム式は節水で年間数千円程度」の年間差額。比較記事では年間3,500円程度とされるが、料金単価・使用回数の前提が記事に書かれていない。",jr_068,,,
414,fashion,414_fashion_choosing-a-washing-machine.md,「洗濯容量は1人1日約1.5kg」という目安の一次出典（メーカー共通の慣用値で、公的資料は未確認）。,jr_068,,,
414,fashion,414_fashion_choosing-a-washing-machine.md,本体価格レンジ（縦型5〜15万円／ドラム式15〜30万円）。2025〜2026年の主要ヒートポンプ機は23〜32万円の例もあり、上限が実勢と合っていない可能性。,jr_068,,,
415,fashion,415_fashion_stockings-and-tights.md,「『伝線しにくい』加工は表示があり、編み方（交編）で差が出る」という表示義務・効果の根拠。,jr_068,,,
415,fashion,415_fashion_stockings-and-tights.md,「ストッキングは数回〜10回程度、タイツは1シーズン」という寿命の目安の出典。,jr_068,,,
415,fashion,415_fashion_stockings-and-tights.md,「伝線の始まりにマニキュアのトップコートまたは接着剤を少量」の応急処置。肌に触れる衣類への接着剤使用の安全性について公的な裏づけがなく、法務確認を推奨。,jr_068,,,
415,fashion,415_fashion_stockings-and-tights.md,ポリウレタンが「塩素」で劣化するという記述。水分・熱・紫外線は複数資料で確認できたが、塩素については日本化学繊維協会等の記載を確認できていない。,jr_068,,,
416,fashion,416_fashion_necktie-care.md,「結び目の跡はシルクの繊維が湿気と温度で戻る性質を使い、湯気で多くは回復する」という機序と回復率の根拠。,jr_069,,,
416,fashion,416_fashion_necktie-care.md,全国クリーニング生活衛生同業組合連合会に「クリーニングQ&A（ネクタイ・シルク）」という該当ページがあるか（団体名・ドメイン www.zenkuren.or.jp は正しいことは確認済み）。,jr_069,,,
417,fashion,417_fashion_wallet-and-leather-small-goods.md,「革小物の修理はメーカーや修理店で数千円が目安」という価格帯の出典（2026年時点の相場）。,jr_069,,,
417,fashion,417_fashion_wallet-and-leather-small-goods.md,日本皮革産業連合会（jlia.or.jp）に「革製品のお手入れ・革の種類」に相当するページがあるか。サイト自体の存在は確認済み。,jr_069,,,
418,fashion,418_fashion_leather-jacket-care.md,「カビの条件（湿度70%以上・20〜30℃）」の数値の一次出典（東京都保健医療局の資料での記載）。,jr_069,,,
418,fashion,418_fashion_leather-jacket-care.md,「革製品はクリーニング事故賠償基準でも特殊品として扱われる」——同基準（2015年10月第4次改訂が最新）に「特殊品」という区分があるかを原文で要確認。,jr_069,,,
418,fashion,418_fashion_leather-jacket-care.md,本文で「表示義務は消費者庁の資料」としているが、出典一覧に消費者庁の資料が入っていない（雑貨工業品品質表示規程十六の追加が必要）。,jr_069,,,
418,fashion,418_fashion_leather-jacket-care.md,皮革クリーニングの料金相場「数千〜1万円台」の出典。,jr_069,,,
419,fashion,419_fashion_fur-and-shearling-care.md,「毛皮専門店の保管サービス（保冷庫）」の一般的な提供状況・料金。,jr_069,,,
419,fashion,419_fashion_fur-and-shearling-care.md,フェイクファーの「モダクリル」が洗濯表示上の繊維名として使われるか（指定用語は「アクリル系」）。,jr_069,,,
420,fashion,420_fashion_clothing-deodorising-sprays.md,「布用」「空間用」「靴用」で成分が異なるという記述の出典。,jr_069,,,
420,fashion,420_fashion_clothing-deodorising-sprays.md,厚生労働省の出典URL（医薬品等の一般インデックス）が「殺菌・消毒の表示」の根拠資料として適切か。医薬品等適正広告基準のページに差し替えるべきか要確認。,jr_069,,,
420,fashion,420_fashion_clothing-deodorising-sprays.md,日本石鹸洗剤工業会の出典URL https://jsda.org/w/index.html に「除菌・消臭の表示に関する自主基準」という名称の資料があるか。,jr_069,,,
421,health,421_health_brushing-teeth-timing-and-floss.md,「日本歯科医師会は通常の食事後はすぐ磨いてよい／酸性飲食の直後は30分程度待つ」という文言が同会資料に実在するか,jr_070,,,
421,health,421_health_brushing-teeth-timing-and-floss.md,「歯ブラシだけでは歯間の汚れの約6割しか落ちない」の一次出典（歯ブラシ単独61.2%等の研究の帰属先）,jr_070,,,
421,health,421_health_brushing-teeth-timing-and-floss.md,「歯ブラシの交換は月1回」を日本歯科医師会が示しているか（表の出典欄は「同上＝日本歯科医師会」）,jr_070,,,
421,health,421_health_brushing-teeth-timing-and-floss.md,歯周病「日本人の成人の約半数に所見」を令和6年調査の数値（35歳以上で約5割、65歳以上で約6割）に更新すべきか,jr_070,,,
421,health,421_health_brushing-teeth-timing-and-floss.md,歯磨き回数の「毎食後は約3割」（令和6年調査での対応値）,jr_070,,,
422,health,422_health_bad-breath.md,e-ヘルスネット「歯周病」のURL https://kennet.mhlw.go.jp/information/information/teeth/h-02-001.html の実在（h-01-002/h-03-004は確認できたが当該IDは未確認）,jr_070,,,
422,health,422_health_bad-breath.md,「自臭症」の定義と有病割合、口臭測定器（ハリメーター）を備える歯科医院の普及状況,jr_070,,,
422,health,422_health_bad-breath.md,日本口臭学会サイト（jams-site.kenkyuukai.jp）に「口臭の原因と対策」という表題の一般向け資料があるか（学会公式サイトであること自体は確認済み）,jr_070,,,
423,health,423_health_dry-eye-and-eye-drops.md,「人工涙液は1日5〜6回まで」「開封後は1か月程度」が製品表示の一般的記載であること,jr_070,,,
423,health,423_health_dry-eye-and-eye-drops.md,コンタクト装用中の点眼可否「ハードは可、ソフトは製品による」の一般則,jr_070,,,
423,health,423_health_dry-eye-and-eye-drops.md,日本OTC医薬品協会（jsmi.jp）に「目薬の正しい使い方」という表題の資料があるか（ドメインは同協会のもので一致）,jr_070,,,
424,health,424_health_ear-cleaning.md,耳垢が「弱酸性で抗菌性」を学会資料が明記しているか,jr_070,,,
424,health,424_health_ear-cleaning.md,耳鼻科での耳垢除去が保険適用で「数分・痛みなく」であること（診療報酬上の耳垢栓塞除去の扱い）,jr_070,,,
425,health,425_health_nail-cutting-and-ingrown-nails.md,「足の爪は手の爪の半分の速さで伸びる」「足は月1回・手は週1回」の出典,jr_070,,,
425,health,425_health_nail-cutting-and-ingrown-nails.md,巻き爪矯正が「自由診療が多い」こと、およびワイヤー矯正・手術の保険適用範囲,jr_070,,,
425,health,425_health_nail-cutting-and-ingrown-nails.md,日本皮膚科学会「皮膚科Q&A 爪の病気」ページに陥入爪・巻き爪の項があり、スクエアオフを推奨しているか,jr_070,,,
426,health,426_health_low-temperature-burns.md,NITE「低温やけどの事故」とURL https://www.nite.go.jp/jiko/chuikanki/ の対応。NITE側は「『低温やけど』の事故防止について（注意喚起）」や製品安全情報マガジンVol.441（2023年11月）等が該当しそうだが、記載URLが該当ページかは未確認。,jr_071,,,
426,health,426_health_low-temperature-burns.md,低温やけどが「II〜III度に達することが多い」という深達度の割合。,jr_071,,,
426,health,426_health_low-temperature-burns.md,消費者庁「暖房器具による低温やけどに注意」というタイトルの資料とURL https://www.caa.go.jp/policies/policy/consumer_safety/caution/ の対応。消費者庁の低温やけど関連リリースは「ゆたんぽを安全に正しく使用しましょう！」（平成29年12月6日）「高齢者のやけどに御注意ください！」（平成27年11月18日）が確認できたが、記載タイトルの資料そのものは特定できなかった。,jr_071,,,
426,health,426_health_low-temperature-burns.md,湯たんぽ表面40〜50℃、電気毛布・ホットカーペット40〜45℃、電気あんか50℃前後、ノートPC・スマホ40℃超という器具別表面温度の具体値。,jr_071,,,
427,health,427_health_using-pain-relief-patches.md,「かぶれ（接触皮膚炎）は湿布のトラブルで最多」という順位。出典となる統計を特定できなかった。,jr_071,,,
427,health,427_health_using-pain-relief-patches.md,サリチル酸メチル・グリコール製剤が「第3類医薬品が多い」という区分の分布。,jr_071,,,
427,health,427_health_using-pain-relief-patches.md,出典に挙げたPMDA（https://www.pmda.go.jp/）と厚生労働省ページ（.../iyakuhin/）が、本文の記述に対応する具体ページかどうか。トップページ／カテゴリURLのため要差し替え検討。,jr_071,,,
427,health,427_health_using-pain-relief-patches.md,貼付時間の目安「8〜12時間、または1日1回」。製品ごとに大きく異なり、統一的な根拠資料は確認できなかった。,jr_071,,,
428,health,428_health_fall-prevention-and-locomotive-syndrome.md,2025（令和7）年国民生活基礎調査における「介護が必要となった主な原因」の各項目の正確な割合。概況の公表は確認できたが、個別の数値までは検索結果で取得できなかった。,jr_071,,,
428,health,428_health_fall-prevention-and-locomotive-syndrome.md,「高齢者の日常生活事故による救急搬送の約8割が転倒」の年次。東京消防庁資料では令和2年からの5年間で『ころぶ』事故が8割以上とされるが、記事が依拠する年次が不明。,jr_071,,,
428,health,428_health_fall-prevention-and-locomotive-syndrome.md,転倒場所の順序（居間・寝室・階段・浴室・玄関）。調査によって順位が大きく異なり、特定の出典と一致するか未確認。,jr_071,,,
429,health,429_health_strength-training-frequency.md,出典URL https://www.mhlw.go.jp/content/10904750/001171393.pdf がガイド2023本文PDFかどうか。検索では本文が 001194020.pdf、概要が 001204942.pdf として確認できた。,jr_071,,,
429,health,429_health_strength-training-frequency.md,負荷の目安「あと2〜3回できる余力を残す」が公的資料に基づく記載かどうか。,jr_071,,,
430,health,430_health_hangover-remedies.md,「二日酔いは飲みすぎのサイン」という表現が飲酒ガイドライン（2024年2月）本文にあるかどうか。ガイドラインの公表日と純アルコール量の枠組みは確認できたが、当該文言は未確認。,jr_071,,,
430,health,430_health_hangover-remedies.md,「機能性表示食品でも『二日酔い』を直接うたうものはない」。専門家解説では「二日酔い防止」は増強領域として届出困難とされ整合的だが、届出データベースでの網羅確認はできていない。,jr_071,,,
430,health,430_health_hangover-remedies.md,出典URL https://kennet.mhlw.go.jp/information/information/alcohol/a-02-001.html が「アルコールの分解と体質（ALDH2）」の該当ページかどうか。ALDH2の解説は用語辞典 /dictionary/alcohol/ya-007.html で確認できた。,jr_071,,,
431,trend,431_trend_cleaning-the-fridge.md,厚労省リステリアのページ URL（stf/seisakunitsuite/bunya/0000055260.html）の有効性,jr_072,,,
431,trend,431_trend_cleaning-the-fridge.md,厚生労働省「家庭でできる食中毒予防の6つのポイント」の URL（www1/houdou/0903/h0331-1.html）が現在も有効で、詰めすぎ7割・清掃・肉魚の汁の記述が実際に含まれるか。あわせて同資料の『冷蔵庫は10℃以下、冷凍庫は−15℃以下』の温度目安が本文に入っていない点も検討,jr_072,,,
431,trend,431_trend_cleaning-the-fridge.md,掃除頻度の目安（棚・壁は月1回、冷凍庫は3〜6か月に1回、背面の放熱部は年1〜2回）が家電製品協会などの公表資料に基づくか,jr_072,,,
431,trend,431_trend_cleaning-the-fridge.md,資源エネルギー庁の出典が『家庭の省エネ徹底ガイド（冷蔵庫）』という現行名称か、および URL（/category/saving_and_new/saving/general/howto/）が該当ページか。『7割』『冷凍庫は詰めるほうが効率的』の出典対応も未確認,jr_072,,,
432,trend,432_trend_electric-kettle-and-pot-care.md,『保温し続けた水は雑菌が増えることがある／水は毎日替える』の公的根拠（高温保温下での増殖の実態）,jr_072,,,
432,trend,432_trend_electric-kettle-and-pot-care.md,『転倒による子どものやけどが（電気ケトルの事故で）最多』という順位の根拠,jr_072,,,
432,trend,432_trend_electric-kettle-and-pot-care.md,家電製品協会の出典がトップページ（www.aeha.or.jp）のみで、『電気ケトル・ポットのお手入れ』という該当ページの所在・存在が未確認,jr_072,,,
433,trend,433_trend_handling-frozen-foods.md,『夏の車内では30分で表面が溶ける』の実測根拠,jr_072,,,
433,trend,433_trend_handling-frozen-foods.md,『解凍してそのまま』表示＝生食可、という食品表示基準上の整理（凍結前加熱の有無・喫食時加熱の要否の表示区分との対応）,jr_072,,,
433,trend,433_trend_handling-frozen-foods.md,冷凍食品の賞味期限『多くは1年〜1年半』、開封後『1か月程度』、自家製冷凍『2〜3週間〜1か月』の出典,jr_072,,,
434,trend,434_trend_canned-and-retort-foods-after-opening.md,『開封した缶をそのまま冷蔵すると金属が溶出する』という具体的機序の公的根拠（協会は別容器への移し替えを推奨しているが、溶出の記述は未確認）,jr_072,,,
434,trend,434_trend_canned-and-retort-foods-after-opening.md,レトルトの未開封賞味期限『1〜2年』、開封後『1〜2日』の出典（協会Q&Aの記述との一致）,jr_072,,,
434,trend,434_trend_canned-and-retort-foods-after-opening.md,誤解3の『湯せんなら缶のまま可の製品もある』と、表の『缶のまま直火・レンジは不可、出して温める』の関係。表に湯せんの可否が書かれておらず、読者が迷う可能性（要編集判断）,jr_072,,,
435,trend,435_trend_dashi-packs-and-granules.md,開封後の顆粒だしの保存期間『6か月〜1年』、だしパックの『水から入れて沸騰後2〜5分』の出典,jr_072,,,
435,trend,435_trend_dashi-packs-and-granules.md,顆粒だしの『重量の30〜40%が食塩』『小さじ1（3g）で食塩相当量約1〜1.3g』の裏付け（主要製品の栄養成分表示の実地確認）,jr_072,,,
436,trend,436_trend_storing-dried-foods.md,「わかめは水で5〜10分、10倍以上に増える」。流通情報では戻し率は約10〜12倍、戻し時間は水で約5分（10分を超えると食感が落ちる）とされ、おおむね一致するが一次資料は未確認。,jr_073,,,
436,trend,436_trend_storing-dried-foods.md,「古い豆に重曹少量を加えて煮る」方法の可否と分量。公的資料での裏取りができていない。,jr_073,,,
436,trend,436_trend_storing-dried-foods.md,出典に挙げた農林水産省「乾物の保存と利用」（https://www.maff.go.jp/j/shokusan/recycle/syoku_loss/）が実在し、乾物の保存目安を扱っているか。当該URLは食品ロス削減のページで、乾物の保存の解説ページとは限らない。,jr_073,,,
436,trend,436_trend_storing-dried-foods.md,未開封の保存目安（昆布1年以上、干し椎茸1年、乾燥豆1〜2年）と「開封後1年以内に使い切る」の根拠。業界団体・農水省の一次資料で数字を確認できなかった。,jr_073,,,
437,trend,437_trend_washing-vegetables.md,「台所用洗剤の多くは『野菜・果物』の用途表示がある」。家庭用品品質表示法の表示区分として妥当だが、割合（多く）の根拠は未確認。,jr_073,,,
437,trend,437_trend_washing-vegetables.md,「水洗いで数割、ゆでるとさらに残留農薬が減る」という農水省資料の具体的な低減率。出典資料を特定できなかった。,jr_073,,,
437,trend,437_trend_washing-vegetables.md,カット野菜の殺菌工程を根拠づける「厚生労働省の衛生規範」。各種衛生規範はHACCP制度化に伴い廃止されており、現行の根拠文書（大量調理施設衛生管理マニュアル等）への差し替えが必要か要確認。,jr_073,,,
437,trend,437_trend_washing-vegetables.md,出典の農林水産省「消費者の部屋Q&A」URL（https://www.maff.go.jp/j/heya/）が野菜の洗い方・残留農薬のQ&Aに対応しているか。,jr_073,,,
438,trend,438_trend_dishwashing-and-dishwashers.md,「食洗機のセンサーは汚れを検知して洗う」。汚れセンサー搭載は機種依存で、全機種に当てはまるとは限らない。,jr_073,,,
438,trend,438_trend_dishwashing-and-dishwashers.md,出典の一般財団法人家電製品協会「食器洗い乾燥機の上手な使い方」（https://www.aeha.or.jp/）の該当ページを特定できなかった。,jr_073,,,
438,trend,438_trend_dishwashing-and-dishwashers.md,洗浄温度「食洗機60〜80℃」。一般解説では洗い約60〜70℃、最終すすぎ80〜90℃とされ、おおむね整合するがメーカー・機種差があり一次資料未確認。,jr_073,,,
439,trend,439_trend_cleaning-the-kitchen-drain.md,「排水管の洗浄は月1回程度」「ぬめりは数日でできる」の頻度の根拠。公的資料での裏取りができていない。,jr_073,,,
439,trend,439_trend_cleaning-the-kitchen-drain.md,出典の東京都下水道局「油を流さないで」（https://www.gesui.metro.tokyo.lg.jp/）および消費者庁「家庭用洗剤・洗浄剤の安全な使い方」（https://www.caa.go.jp/policies/policy/consumer_safety/caution/）の該当ページの存在。ドメインは正しいがページ単位では未確認。,jr_073,,,
440,trend,440_trend_kitchen-waste-odour.md,「ディスポーザーの単体設置は多くの自治体で不可」。一般的な説明と一致するが、自治体別の根拠資料は未確認。,jr_073,,,
440,trend,440_trend_kitchen-waste-odour.md,「家庭の生ごみは可燃ごみの約3〜4割（重量）」。自治体資料では約35〜40%、20〜30%など幅があり、環境省の全国値としては未確認。,jr_073,,,
440,trend,440_trend_kitchen-waste-odour.md,「生ごみの冷凍は密閉すれば衛生上の問題はないとする自治体の案内が多い」。個別の自治体案内を特定できなかった。,jr_073,,,
440,trend,440_trend_kitchen-waste-odour.md,「生ごみの約8割は水分」。複数の自治体資料が70〜80%としており整合的だが、環境省の一次資料は未確認。,jr_073,,,
440,trend,440_trend_kitchen-waste-odour.md,出典の環境省「一般廃棄物の排出及び処理状況」（https://www.env.go.jp/recycle/waste_tech/ippan/）と東京都環境局のURLの該当ページ。,jr_073,,,
451,wisdom,451_wisdom_humidifiers-in-winter.md,"“Heated Japanese rooms drop to 20–30% humidity” and “40–60% target” as a household target — the legal standard (Building Sanitation Law, unchanged in the Apr 2022 revision) is 40–70% RH for specified buildings; the 40–60% figure is convention, not a standard.",jr_074,,,
451,wisdom,451_wisdom_humidifiers-in-winter.md,“Japanese homes swing from 80% humidity to 25% in a year” — no source found for these two endpoints as a national pattern; JMA data would be needed.,jr_074,,,
451,wisdom,451_wisdom_humidifiers-in-winter.md,“many households moved to steam or hybrid types” after the pneumonitis reports — no shipment statistics found.,jr_074,,,
452,wisdom,452_wisdom_slippers-and-house-shoes.md,“It is one of the standard fall-prevention items on municipal checklists” — not verified against any specific municipal checklist.,jr_074,,,
453,wisdom,453_wisdom_neighbourhood-festivals-matsuri.md,"Donation of ¥1,000–5,000 per household as the typical range — local convention, no published survey found.",jr_074,,,
453,wisdom,453_wisdom_neighbourhood-festivals-matsuri.md,"“An estimated 300,000 festivals a year” — widely repeated estimate (about 81,000 shrines x ~3 festivals + temples + ~5,000 municipal events ≈ 310,000); no official statistic exists. The article already flags it as an estimate.",jr_074,,,
453,wisdom,453_wisdom_neighbourhood-festivals-matsuri.md,“Bon odori (July–August)” — many districts on the old lunar calendar (and Okinawa) hold it in September; range may need widening.,jr_074,,,
454,wisdom,454_wisdom_the-kairo-heat-pad.md,"“¥30–60 per pad; a winter's daily use is ¥3,000–5,000” — bulk packs are often ¥15–30 per pad; Nikkei reports kairo prices up about 20% over five years, but no per-unit official figure found.",jr_074,,,
455,wisdom,455_wisdom_the-kyuusu-teapot-and-tea-tools.md,"Kyusu capacity 200–360 mL, cups 80–150 mL, and hand-made kyusu price range — retail conventions, no authoritative source.",jr_074,,,
455,wisdom,455_wisdom_the-kyuusu-teapot-and-tea-tools.md,Source “Aichi Prefecture — Tokoname ware” points only at https://www.pref.aichi.jp/ (site root); a specific traditional-craft page was not located.,jr_074,,,
456,wisdom,456_wisdom_window-screens-amido.md,'Landlords expect tenants to re-mesh screens themselves' — no source; treatment of amido under 原状回復 guidelines not checked.,jr_075,,,
456,wisdom,456_wisdom_window-screens-amido.md,"'Mosquito season runs May–October' as a nationwide statement; season length varies by region (Okinawa/Kyushu longer, Hokkaido shorter).",jr_075,,,
456,wisdom,456_wisdom_window-screens-amido.md,"Mesh specification '18–24 mesh, grey or black polypropylene' and the claim that finer 24–30 mesh blocks some pollen — no manufacturer or public source located.",jr_075,,,
457,wisdom,457_wisdom_the-hyakkin-100-yen-shop-at-home.md,"'PSE-marked but quality varies; NITE has reported charger incidents' — NITE alerts cover lithium-ion products and cheap non-genuine batteries generally, not 100-yen-shop chargers specifically.",jr_075,,,
457,wisdom,457_wisdom_the-hyakkin-100-yen-shop-at-home.md,'¥100 adhesive hooks hold 1–2 kg' and 'kitchen consumables come from the same factories as branded goods' — not verifiable.,jr_075,,,
457,wisdom,457_wisdom_the-hyakkin-100-yen-shop-at-home.md,'¥100 items are about 70% of the range' — no company or industry figure found; chains are publicly moving away from ¥100-only lines.,jr_075,,,
458,wisdom,458_wisdom_the-japanese-bathroom-fan-and-drying.md,'A clogged filter drops airflow by half and is a fire risk in heater units (NITE reports)' — NITE bathroom heater-dryer incident data not reached.,jr_075,,,
458,wisdom,458_wisdom_the-japanese-bathroom-fan-and-drying.md,'Mould grows above 70% humidity at 20–30°C' — commonly cited thresholds start nearer 60% RH with optimum growth at 25–30°C; the 70% figure is defensible but not from a primary source.,jr_075,,,
459,wisdom,459_wisdom_seasonal-air-conditioner-care.md,'Keep 20 cm+ clearance around the outdoor unit' — manufacturer clearances differ by model (front vs rear vs sides).,jr_075,,,
459,wisdom,459_wisdom_seasonal-air-conditioner-care.md,"'Professional cleaning every 2–4 years' interval — a trade rule of thumb, no public-body source.",jr_075,,,
460,wisdom,460_wisdom_reading-a-japanese-utility-bill.md,"'A 2-person household pays ¥5,000–8,000 per two months' for Tokyo water and sewer — plausible but not checked against the Tokyo Waterworks Bureau tariff table.",jr_075,,,
460,wisdom,460_wisdom_reading-a-japanese-utility-bill.md,'Fuel cost adjustment ±¥0–5/kWh' as the current band — TEPCO publishes this monthly and the September 2026 value was not confirmed.,jr_075,,,
460,wisdom,460_wisdom_reading-a-japanese-utility-bill.md,"'Total for a 2-person flat: 250–350 kWh/month, ¥8,000–12,000' — not checked against a survey statistic.",jr_075,,,
461,beauty,461_beauty_face-washing-water-temperature.md,「日本の水道水の温度は冬に10℃前後まで下がる地域が多い」の出典。,jr_076,,,
461,beauty,461_beauty_face-washing-water-temperature.md,国民生活センター「洗顔料に関する相談・テスト情報」という表題の公表資料の実在。,jr_076,,,
461,beauty,461_beauty_face-washing-water-temperature.md,日本化粧品工業会「化粧品の正しい使い方」 https://www.jcia.org/user/public/knowledge/usage — 団体名（2023年4月に日本化粧品工業連合会から改組）とドメインjcia.orgは正しいが、このページパスの実在は未確認。,jr_076,,,
461,beauty,461_beauty_face-washing-water-temperature.md,日本皮膚科学会「皮膚科Q&A」に洗顔の水温に関する記述があるか（/qa/ の該当項目）。,jr_076,,,
462,beauty,462_beauty_eyelash-extensions-and-perms.md,パッチテスト「48時間」、装着後「24時間は水にぬれないよう」の根拠資料。,jr_076,,,
462,beauty,462_beauty_eyelash-extensions-and-perms.md,厚生労働省「まつ毛パーマ用のパーマ剤について」という表題の資料の実在（該当するのは薬生発0628第10号のパーマネント・ウェーブ用剤製造販売承認基準と推定）。,jr_076,,,
462,beauty,462_beauty_eyelash-extensions-and-perms.md,自まつ毛の長さ「平均6〜8mm」の出典（7〜10mmとする資料もある）。,jr_076,,,
463,beauty,463_beauty_gel-nails-and-nail-health.md,「一度感作されると歯科材料や医療用テープに反応する場合もあり、皮膚科学会も注意を促しています」——学会としての注意喚起文書の特定ができていない（接触皮膚炎診療ガイドライン2020のアクリレート記載で代替できるか要確認）。,jr_076,,,
463,beauty,463_beauty_gel-nails-and-nail-health.md,「健康な爪の厚さ 約0.3〜0.5mm」の出典（検索では裏付け資料に到達できず）。,jr_076,,,
463,beauty,463_beauty_gel-nails-and-nail-health.md,アセトンでのオフ「10〜15分」の根拠。,jr_076,,,
464,beauty,464_beauty_acne-care-and-otc-limits.md,受診の目安「赤いニキビが10個以上」——ガイドラインの重症度分類は片顔の炎症性皮疹数（軽症5個以下／中等症6〜20個 と一般に紹介される）で、本文の「10個」と対応しない。閾値の根拠を要確認。,jr_076,,,
464,beauty,464_beauty_acne-care-and-otc-limits.md,日本皮膚科学会「皮膚科Q&A：にきび」 https://www.dermatol.or.jp/qa/qa9/ のURLの実在。,jr_076,,,
465,beauty,465_beauty_facial-massage-and-rollers.md,「顔の皮膚の厚さは約1〜2mm、まぶたは約0.5mm」——上眼瞼皮膚の実測は約0.82〜0.88mmとする報告があり、0.5mmの出典が必要。,jr_076,,,
465,beauty,465_beauty_facial-massage-and-rollers.md,消費者庁「美容・健康関連商品の広告表示に関する景品表示法上の注意」という表題の資料の実在（小顔サービス9社への措置命令や『景品表示法における違反事例集』で代替可能）。,jr_076,,,
466,beauty,466_beauty_sleeping-with-wet-hair.md,「濡れた頭皮でマラセチアなど常在菌が増え、におい・フケ・かゆみの原因になる」という因果の強さ。脂漏性皮膚炎とマラセチアの関連は一般的な説明だが、就寝時の自然乾燥との直接の因果を示す資料は確認できず。,jr_077,,,
466,beauty,466_beauty_sleeping-with-wet-hair.md,ドライヤーの吹き出し口を「約20cm」離す、「一か所に3秒以上当てない」という具体的な数値。メーカー取扱説明書では10cm以上、20cm程度など記載に幅があり、公的な統一基準は確認できず。,jr_077,,,
466,beauty,466_beauty_sleeping-with-wet-hair.md,家庭用ドライヤーの吹き出し温度「100℃前後」。家電情報サイトでは100〜120℃という説明が見られるが、一次情報（メーカー仕様・公的試験）で確認できず。,jr_077,,,
466,beauty,466_beauty_sleeping-with-wet-hair.md,枕カバーの交換「週1回」が目安という頻度。根拠資料を確認できず。,jr_077,,,
466,beauty,466_beauty_sleeping-with-wet-hair.md,風量の目安「1.5m³/分以上」。価格比較サイト等の分類では1.5m³/分以上が大風量とされるが、公的基準ではない。,jr_077,,,
467,beauty,467_beauty_body-moisturising-timing.md,「両腕・両脚全体で6〜8FTU程度」「すね1本で約1FTU」という部位別FTU換算。,jr_077,,,
467,beauty,467_beauty_body-moisturising-timing.md,「入浴後5〜10分以内」という時間の根拠。皮膚科領域で広く使われる目安だが、ガイドライン上の明示的な数値として確認できず（2024年版該当箇所の確認が必要）。,jr_077,,,
467,beauty,467_beauty_body-moisturising-timing.md,出典の厚生労働省ページがトップページURL（https://www.mhlw.go.jp/）のみで、建築物環境衛生管理基準（湿度40〜70%）の該当ページが特定されていない。基準値自体は40%以上70%以下で正しい。,jr_077,,,
467,beauty,467_beauty_body-moisturising-timing.md,誤解2の「多くの人の塗布量は目安の半分以下とされている」。出典未確認。,jr_077,,,
468,beauty,468_beauty_makeup-sponges-and-puffs.md,道具別の洗浄頻度・交換目安（パフ週1回・1〜3か月、クッションファンデのパフ1か月など）。メーカー案内に基づく実務的な目安で、公的基準や研究の裏づけは確認できず。,jr_077,,,
469,beauty,469_beauty_whitening-toothpaste-and-oral-care.md,「1日2回、2分」という磨き方の時間。4学会提言は「1日2回、就寝前を含む」は示すが「2分」の根拠は未確認。,jr_077,,,
469,beauty,469_beauty_whitening-toothpaste-and-oral-care.md,「個人輸入品による歯ぐきの炎症の相談例あり」という相談事例の存在と件数。,jr_077,,,
469,beauty,469_beauty_whitening-toothpaste-and-oral-care.md,ブラッシング圧「150〜200g」。歯科医院・企業サイトでは広く用いられる数値だが、学会等の一次情報では確認できず。,jr_077,,,
470,beauty,470_beauty_collagen-supplements-and-skin.md,HFNetのコラーゲン項目に「ヒトでの有効性については信頼できる十分なデータが見当たらない」という記述が現在もあるか（サイト移転・更新のため公開時点での再確認が必要）。,jr_077,,,
470,beauty,470_beauty_collagen-supplements-and-skin.md,"コラーゲンドリンク1本150〜300円・月4,500〜9,000円という費用感。市場価格の目安で出典なし。",jr_077,,,
470,beauty,470_beauty_collagen-supplements-and-skin.md,研究で多い摂取量「1日2.5〜10g・8〜12週間」。多くの試験がこの範囲なのは概ね妥当だが、範囲を示す出典の特定が必要。,jr_077,,,
471,fashion,471_fashion_pearl-care.md,「極度の乾燥（乾燥剤の隣・密閉容器での長期保管）が真珠層のひび割れを招く」という説明。宝石店の一般的な案内としては流布しているが、公的資料・業界団体の一次情報を確認できなかった。,jr_078,,,
471,fashion,471_fashion_pearl-care.md,出典に挙げた国民生活センター「装身具（アクセサリー）に関する相談」というページの実在。トップページURLのみが示されており、該当資料を特定できなかった。,jr_078,,,
471,fashion,471_fashion_pearl-care.md,日本ジュエリー協会の「ジュエリーのお手入れ・保管方法」というページ名。同協会サイトに真珠の手入れを含むジュエリーQ&A・基礎知識のページは存在するが、記事の記載どおりのページ名・URLは特定できなかった（https://jja.ne.jp/aboutjewellery/jewellery_qa/ が該当候補）。,jr_078,,,
471,fashion,471_fashion_pearl-care.md,糸の張り替え周期「毎日〜週1で1〜2年、冠婚葬祭のみなら3〜5年」。販売店ごとに1〜3年など目安が異なり、業界団体の統一見解は確認できず。,jr_078,,,
472,fashion,472_fashion_cashmere-care.md,「カシミヤは虫害（カツオブシムシ・イガ）に最も遭いやすい素材のひとつ」という比較。定性的には妥当だが、素材間の比較データを確認できなかった。,jr_078,,,
472,fashion,472_fashion_cashmere-care.md,手洗いの具体的手順（押し洗い1〜2分、すすぎ2回、脱水30秒、1〜2日休ませる）。一般的な家庭洗濯の指南値で、公的資料の裏付けは確認できず。,jr_078,,,
473,fashion,473_fashion_linen-clothing-care.md,「白い麻の黄ばみは酸素系漂白剤（40℃程度）に30分」という具体的条件。製品表示によるため一次資料未確認。,jr_078,,,
473,fashion,473_fashion_linen-clothing-care.md,リネンの初回洗濯での縮み「2〜5%程度」。業界の一般的な説明値とされるが、一次資料を確認できなかった。,jr_078,,,
474,fashion,474_fashion_washing-pillows.md,「一晩にコップ1杯（約200ml）前後の汗」。広く引用される数値だが、出典となる研究・公的資料を特定できなかった（500mlとする説明も流通）。,jr_078,,,
474,fashion,474_fashion_washing-pillows.md,出典の東京都健康安全研究センター（https://www.tmiph.metro.tokyo.lg.jp/）のダニ資料の所在。ウェブ検索の上限に達し、ドメインと資料名の対応を確認できなかった。なお「ダニは50℃で20〜30分、60℃なら短時間で死滅」「天日干しだけでは死なない」という記述自体は複数の解説と一致する。,jr_078,,,
474,fashion,474_fashion_washing-pillows.md,素材別の買い替え目安（ポリエステルわた1〜3年、パイプ3〜5年、ビーズ1〜2年、低反発2〜3年、羽毛3〜5年、そばがら1〜2年）と「枕本体は2〜3か月に1回洗う」頻度。寝具メーカーの案内に由来する目安で、公的・業界団体の一次資料は未確認。,jr_078,,,
475,fashion,475_fashion_backpack-washing.md,「ランドセルは水洗い禁止」。各メーカーの取扱説明としては一般的だが、本文が根拠とする業界団体・公的資料を確認できなかった。,jr_078,,,
475,fashion,475_fashion_backpack-washing.md,「撥水・防水加工は洗うと弱まる」「芯材・底板入りは水洗い不可が多い」など素材・パーツ別の可否。鞄業界団体の一次資料で確認できなかった。,jr_078,,,
475,fashion,475_fashion_backpack-washing.md,出典に挙げた国民生活センター「かばん・ランドセルに関する相談」というページの実在。トップページURLのみで該当資料を特定できなかった。,jr_078,,,
476,fashion,476_fashion_stain-first-aid.md,「24時間以内なら家庭で落ちる可能性が高く、1週間以上経つと酸化して定着」という時間の目安の出典,jr_079,,,
476,fashion,476_fashion_stain-first-aid.md,カレーの黄色（ターメリック／クルクミン）が日光で薄くなること、インクに消毒用エタノールが有効であることの一次資料,jr_079,,,
476,fashion,476_fashion_stain-first-aid.md,出典「全国クリーニング生活衛生同業組合連合会『クリーニングに出す前に：しみについて』」——団体名・ドメイン（zenkuren.or.jp）は正しいが、該当ページの所在は未確認,jr_079,,,
476,fashion,476_fashion_stain-first-aid.md,出典「日本石鹸洗剤工業会『しみ抜きの基本』https://jsda.org/w/03_shiki/」——jsda.org/w/03_shiki/ は『石けん洗剤知識』の目次ページで、『しみ抜きの基本』という表題のページは確認できず（実用情報は /w/04_yakud/ 系にある）。該当ページの特定が必要,jr_079,,,
477,fashion,477_fashion_laundry-water-temperature.md,「日本の水道水は冬に10℃前後」「夏20〜25℃」——東京都水道局の水温データでの裏取り（go.jp に到達できず未確認）,jr_079,,,
477,fashion,477_fashion_laundry-water-temperature.md,「洗い＝残り湯／すすぎ＝水道水」を公的資料・メーカー資料で裏取りできていない（一般に広く案内されている内容ではある）,jr_079,,,
477,fashion,477_fashion_laundry-water-temperature.md,「粉末洗剤は5〜10℃の水で溶けにくい」という温度域の出典,jr_079,,,
478,fashion,478_fashion_vacuum-storage-bags.md,「6か月以内に一度は出して干す」という期間の目安の出典,jr_079,,,
478,fashion,478_fashion_vacuum-storage-bags.md,「体積が3分の1程度まで」「袋の8割まで」「数か月で少し空気が入る」という定量的な目安の出典,jr_079,,,
478,fashion,478_fashion_vacuum-storage-bags.md,出典「国民生活センター『衣類用圧縮袋の商品テスト』」——同センターに該当する商品テスト公表資料があるか未確認。ある場合は公表年月とタイトルの明記が必要,jr_079,,,
478,fashion,478_fashion_vacuum-storage-bags.md,日本羽毛製品協同組合（nichiukyo.org）が『強い圧縮は非推奨』と明言している該当ページ（羽毛製品Q&A／収納・取扱動画）の特定。団体名とドメインは正しいことを確認済み,jr_079,,,
479,fashion,479_fashion_shoe-repair-and-resoling.md,「外側だけ減る＝O脚・がに股、内側＝内股・偏平足」という対応関係の医学的裏付け（断定を避ける表現が望ましい）,jr_079,,,
479,fashion,479_fashion_shoe-repair-and-resoling.md,ランニングシューズの寿命500〜800km、マッケイ製法のオールソールは2〜3回程度という回数制限の出典,jr_079,,,
479,fashion,479_fashion_shoe-repair-and-resoling.md,修理費用・所要時間（トップリフト、ハーフソール、オールソール、ヒール本体、インソール、ライニング）の相場——業界横断の公表資料を確認できず、各社料金表に依存,jr_079,,,
479,fashion,479_fashion_shoe-repair-and-resoling.md,出典「一般社団法人日本皮革産業連合会『革靴のお手入れと修理』https://www.jlia.or.jp/」の該当ページ特定,jr_079,,,
480,fashion,480_fashion_clothing-mould-and-mildew.md,「床から10cm以上」「壁から5cm離す」「月に数回、30分送風」という具体数値の出典,jr_079,,,
480,fashion,480_fashion_clothing-mould-and-mildew.md,カビの発生条件「湿度60%以上、温度20〜30℃」「6〜9月の押し入れは湿度70〜80%」の出典（自治体資料では湿度70%以上を条件とするものも多い）,jr_079,,,
480,fashion,480_fashion_clothing-mould-and-mildew.md,出典3件（東京都保健医療局、NITE、日本石鹸洗剤工業会）の該当ページ——団体名・ドメインの組み合わせに不整合は見当たらないが、go.jp に到達できず中身は未確認,jr_079,,,
481,health,481_health_heatstroke-prevention.md,「外気35℃で車内は15分で危険域」。JAF等の実測条件（直射日光・車種）で数字が変わるため出典明示が必要。,jr_080,,,
481,health,481_health_heatstroke-prevention.md,熱中症死亡者の8割以上が65歳以上、屋内死亡例の多くがエアコン未使用（東京都監察医務院データが典拠と思われるが未確認）。,jr_080,,,
481,health,481_health_heatstroke-prevention.md,食事以外で1日1.2Lの水分（環境省）、汗をかいたら0.1〜0.2%の塩分。環境省「熱中症環境保健マニュアル」の最新版で要確認。,jr_080,,,
482,health,482_health_early-cold-symptoms-and-otc.md,出典URL https://www.mhlw.go.jp/stf/seisakunitsuite/bunya/0000120172.html が「抗微生物薬適正使用の手引き 第三版」（2023年11月公表＝版年は正しい）の掲載ページか。AMR臨床リファレンスセンターは現在 amr.jihs.go.jp に移管されている。,jr_080,,,
482,health,482_health_early-cold-symptoms-and-otc.md,風邪の原因の9割前後がウイルス、200種以上という数字。,jr_080,,,
483,health,483_health_hand-washing-and-gargling.md,厚生労働省「正しい手の洗い方」URL（0000191947.html）の現存と内容。ヨード液うがいの甲状腺・常在菌への影響という記述の典拠。,jr_080,,,
483,health,483_health_hand-washing-and-gargling.md,"森ら（2006）の各条件の除去率（1/100、1/10,000）と、Satomura（2005）の387人・約36%減の原著記載。DOI 10.1016/j.amepre.2005.06.013 の到達性。",jr_080,,,
484,health,484_health_constipation-and-daily-habits.md,刺激性下剤の「週2〜3回まで」という頓服基準の典拠（便通異常症診療ガイドライン2023の記載か）。,jr_080,,,
484,health,484_health_constipation-and-daily-habits.md,国民生活基礎調査の便秘有訴者率について、2025年（大規模）調査の公表値が出ていないか。今年の最新値で更新が必要。,jr_080,,,
484,health,484_health_constipation-and-daily-habits.md,食事摂取基準2025年版における女性（18〜64歳）の食物繊維目標量が18g以上のままか（男性は引き上げが確認できたが、女性の年齢区分ごとの値は未確認）。,jr_080,,,
485,health,485_health_earphones-and-hearing.md,WHO／ITU H.870 の音圧レベル別の週許容時間の公式一覧（83/86/89/92dBの各行）。,jr_080,,,
485,health,485_health_earphones-and-hearing.md,「11億人（12〜35歳）」の推計。WHOは2021年の World Report on Hearing 以降、より新しい推計を示している可能性があるため最新表現の確認が必要。,jr_080,,,
485,health,485_health_earphones-and-hearing.md,出典の団体名とURLの対応：「厚生労働省 e-ヘルスネット」に https://kennet.mhlw.go.jp/ を当てているが、同ドメインは現在「健康づくりサポートネット」。名称の更新が必要か要確認。,jr_080,,,
486,health,486_health_time-restricted-eating.md,「時間制限食は数か月で体重が2〜4%減る」という幅。Liu 2022では12か月で9.0%（TRE+CR）/7.2%（CR）、Lowe 2020では12週で約1%。導入の「2〜4%」がどのメタ解析に基づくか未特定。,jr_081,,,
486,health,486_health_time-restricted-eating.md,「朝食を抜く形は日本の研究で体重増加・血糖悪化との関連が繰り返し報告」— 具体的な日本人コホート研究を特定できず。,jr_081,,,
486,health,486_health_time-restricted-eating.md,「複数のメタ解析（2020〜2023年）で体重は平均1〜3kg程度減る」— 個別のメタ解析を特定できず。2024〜2026年により新しい統合解析が出ていないかは未確認。,jr_081,,,
486,health,486_health_time-restricted-eating.md,たんぱく質「体重1kgあたり1.0〜1.2g」の根拠（日本人の食事摂取基準2025年版との整合）は未確認。,jr_081,,,
487,health,487_health_indoor-humidity-and-infections.md,Harper（1961年、J Hyg 59:479-486）の生存率（湿度50%以上で6時間後に数%、湿度20%前後で約6割）— 原著の数値を検証できず（WebSearch予算上限に到達）。,jr_081,,,
487,health,487_health_indoor-humidity-and-infections.md,「カビは60%以上、ダニは60〜80%で活発」「湿度計は床から1〜1.5m」の数値の出典は未特定。,jr_081,,,
487,health,487_health_indoor-humidity-and-infections.md,出典URL https://www.mhlw.go.jp/content/10900000/000698848.pdf が2020年冬季換気リーフレットの正しいファイルかどうか未確認（検索で確認できたのは .../content/000698868.pdf の商業施設向け版）。,jr_081,,,
487,health,487_health_indoor-humidity-and-infections.md,建築物衛生法の管理基準は2022年4月に温度が17℃以上→18℃以上へ改正済み（湿度40〜70%は変更なし）。記事は湿度のみ引用しており誤りではないが、改正後の基準であることの確認を推奨。,jr_081,,,
487,health,487_health_indoor-humidity-and-infections.md,超音波式加湿器によるレジオネラ肺炎の「国内で死亡例あり」— 具体的事例・年次を特定できず。読者の行動に関わるため要確認。,jr_081,,,
488,health,488_health_post-meal-blood-sugar-spikes.md,「HbA1c 5.6%以上で特定健診の保健指導対象」「6.0〜6.4%は糖尿病が否定できない」の基準値（特定健診の保健指導判定値・日本糖尿病学会の区分）を検証できず。,jr_081,,,
488,health,488_health_post-meal-blood-sugar-spikes.md,「日本糖尿病学会も極端な糖質制限を推奨していない」— 糖尿病診療ガイドライン2024では糖質制限食・低GI食が新たに項目化されており、2024年版での記載ぶりの確認が必要。,jr_081,,,
488,health,488_health_post-meal-blood-sugar-spikes.md,出典「糖尿病診療ガイドライン2024」のURL（jds.or.jp/modules/publication/index.php?content_id=4）が当該書籍ページを指すか未確認。なお2026年9月時点でも最新版は2024年版であることは確認済み。,jr_081,,,
488,health,488_health_post-meal-blood-sugar-spikes.md,食べる順番（ベジファースト）、食後15〜30分の歩行、朝食欠食と昼食後血糖、早食いと糖尿病リスク、睡眠6時間未満とインスリン抵抗性——各「根拠の程度」欄の裏づけ文献を特定できず。,jr_081,,,
489,health,489_health_sleeping-position.md,「一晩に20〜30回寝返り」の出典（日本睡眠学会等）を特定できず。,jr_081,,,
489,health,489_health_sleeping-position.md,出典の厚生労働省「健康づくりのための睡眠ガイド2023」は睡眠時間・睡眠環境（光・音・温度）が中心で、寝姿勢の記述があるか未確認。本文の主題と出典が対応していない可能性。,jr_081,,,
489,health,489_health_sleeping-position.md,日本整形外科学会の「寝具は硬すぎず柔らかすぎず、寝返りしやすいもの」という引用の所在（低腰痛ページ）を確認できず。,jr_081,,,
489,health,489_health_sleeping-position.md,日本睡眠学会の出典がトップページ（jssr.jp）のみで、該当する「睡眠に関するQ&A」の個別ページが未特定。,jr_081,,,
489,health,489_health_sleeping-position.md,逆流性食道炎で「上半身を10〜15cm高く」— 一般的な指導では15〜20cmとするものが多く、数値の根拠確認が必要。,jr_081,,,
490,health,490_health_walking-speed-and-health.md,「10分×2回でも合計20分で効果は変わらない」— 分割運動の同等性を示す出典が未特定。ガイド2023は「合計時間」で評価するが、同等性の断定は要確認。,jr_081,,,
490,health,490_health_walking-speed-and-health.md,「1分間に100〜110歩」「歩幅＝身長×0.45」「最大心拍（220−年齢）の60〜70%」の出典を特定できず。,jr_081,,,
490,health,490_health_walking-speed-and-health.md,「時速5〜6km＝3.5〜4メッツ」— 厚労省の運動基準ではやや速歩（93m/分≒5.6km/h）4.0メッツ、速歩（107m/分≒6.4km/h）4.3メッツとされており、3.5メッツ下限は低めの可能性。改訂ガイド2023の強度表で要確認。,jr_081,,,
490,health,490_health_walking-speed-and-health.md,"中之条研究の「1万2,000歩／40分以上は効果が頭打ち」は青栁幸利氏の一般向け解説で確認できるが、査読論文としての一次出典は未特定。出典URL（tmghig.jp/research/）も研究所トップで個別ページ未特定。",jr_081,,,
491,trend,491_trend_storing-onions-and-potatoes.md,「りんごを1個入れると発芽が遅れる（エチレン）」— エチレンの発芽抑制効果の一次情報を確認できず（検索回数上限）。,jr_082,,,
491,trend,491_trend_storing-onions-and-potatoes.md,「学校菜園での集団食中毒が繰り返し起きている」の件数・年次は農林水産省／厚生労働省資料の原文で要確認。,jr_082,,,
491,trend,491_trend_storing-onions-and-potatoes.md,保存期間の目安（じゃがいも常温1〜2か月／冷蔵野菜室2〜3週間、玉ねぎ1〜2か月、新玉ねぎ1週間、さつまいも13〜15℃で1か月）は公的資料で未確認。,jr_082,,,
492,trend,492_trend_mouldy-food-what-to-discard.md,「2.5cm以上切り落とす」はUSDA FSISの1インチに対応し方向性は一致するが、日本の公的機関が同じ目安を示しているかは未確認。,jr_082,,,
492,trend,492_trend_mouldy-food-what-to-discard.md,「みそ・しょうゆの表面の白い膜＝産膜酵母で無害」は一般的な説明だが、公的資料での裏取りができていない。,jr_082,,,
492,trend,492_trend_mouldy-food-what-to-discard.md,冷凍庫（−18℃）ではカビが増えないという記述の一次情報（USDA原文）は未確認。,jr_082,,,
493,trend,493_trend_eating-raw-eggs.md,「EUは洗卵しない／常温販売」「生食前提で賞味期限を設定している国は少数」は一次情報未確認。,jr_082,,,
493,trend,493_trend_eating-raw-eggs.md,"「サルモネラ食中毒は現在年間20〜30件前後」— 2024年の食中毒統計ではサルモネラ属菌は全事件数（1,037件）の約2.0％＝約21件で整合するが、患者数と1990年代の「数百件・患者1万人超」は原典で要確認。",jr_082,,,
493,trend,493_trend_eating-raw-eggs.md,出典の農林水産省「鶏卵のサルモネラ総合対策指針」はURLが /j/syouan/ の上位階層のみで、該当ページを特定できていない。,jr_082,,,
493,trend,493_trend_eating-raw-eggs.md,賞味期限の理論値（夏期16日・春秋25日・冬期57日）は検索スニペットで冬期57日が確認できたのみ。夏期・春秋の日数は日本卵業協会等の原文で要確認。,jr_082,,,
494,trend,494_trend_wooden-kitchen-tools-care.md,「木は乾けば菌が減る」「プラスチックと同程度」の比較は出典未確認。乾性油（亜麻仁油・えごま油）を月1回塗る手入れも同様。,jr_082,,,
494,trend,494_trend_wooden-kitchen-tools-care.md,「熱湯（80℃以上）を全面にかける」という木製まな板の除菌条件は自治体資料で要確認（一般には熱湯消毒の温度・時間条件が示される）。,jr_082,,,
494,trend,494_trend_wooden-kitchen-tools-care.md,出典の消費者庁「雑貨工業品品質表示規程（漆器）」URLと日本漆器協同組合連合会のURLは到達確認ができていない。,jr_082,,,
494,trend,494_trend_wooden-kitchen-tools-care.md,"削り直し費用1,000〜3,000円、まな板は厚さ2cmを切るまで削れる、菜箸の交換目安1年前後は業界情報で未確認。",jr_082,,,
495,trend,495_trend_storing-curry-and-stews.md,"「年間20〜30件前後、患者数1,000〜2,000人」は2024年食中毒統計（全体1,037件・14,229人）の内訳で要確認。最新年に更新のこと。",jr_082,,,
495,trend,495_trend_storing-curry-and-stews.md,ウェルシュ菌の発育温度12〜50℃、至適43〜47℃、約10分に1回分裂、潜伏6〜18時間は一次情報で未確認（検索回数上限）。,jr_082,,,
495,trend,495_trend_storing-curry-and-stews.md,冷凍保存の目安（ルウのカレー1か月、生クリーム系シチュー2〜3週間）、再加熱75℃1分以上の家庭向け適用は未確認。,jr_082,,,
496,trend,496_trend_kitchen-sponge-hygiene.md,Cardinale 2017 の540億個/cm3 は共焦点顕微鏡の画像解析による「局所密度の最大値」であり、スポンジ全体の平均ではない点（本文は「最大」と書いており大きな誤りではないが、原著で表現を確認のこと）,jr_083,,,
496,trend,496_trend_kitchen-sponge-hygiene.md,「日本の衛生関連団体・メーカーの推奨は2週間〜1か月」という交換目安の出典,jr_083,,,
496,trend,496_trend_kitchen-sponge-hygiene.md,塩素系漂白剤「水1Lにキャップ約2杯」「5分」、酸素系「40℃液に30分」、熱湯80℃以上／1分煮沸という具体的条件の出典,jr_083,,,
496,trend,496_trend_kitchen-sponge-hygiene.md,日本石鹸洗剤工業会「台所用スポンジの衛生的な使い方」および出典URL https://jsda.org/w/03_shiki/ の実在とページ表題（検索回数上限により未確認）,jr_083,,,
497,trend,497_trend_brown-rice-and-mixed-grains.md,「玄米は白米の1.5〜2倍のヒ素」および農林水産省の「日本人の通常の食生活では健康影響の懸念はない」という引用文言の原文一致,jr_083,,,
497,trend,497_trend_brown-rice-and-mixed-grains.md,もち麦2割混ぜ「約1.5〜2g」、雑穀1割混ぜ「約0.8〜1g」の食物繊維量の根拠,jr_083,,,
497,trend,497_trend_brown-rice-and-mixed-grains.md,ビタミンB1（白米0.02mg／玄米0.16mg）、マグネシウム（7mg／49mg）、エネルギー（156kcal／152kcal）の成分表（八訂）該当値,jr_083,,,
497,trend,497_trend_brown-rice-and-mixed-grains.md,厚生労働省 e-ヘルスネットのURL https://kennet.mhlw.go.jp/information/information/food/e-05-001.html の現行有効性（e-ヘルスネットはドメイン移行があったため要確認）,jr_083,,,
498,trend,498_trend_mushroom-storage-and-safety.md,冷凍によりうま味成分（グアニル酸）が出やすくなるという説明の一次情報,jr_083,,,
498,trend,498_trend_mushroom-storage-and-safety.md,厚生労働省「毒キノコによる食中毒に注意しましょう」の掲載URL（0000144969）の現行有効性,jr_083,,,
498,trend,498_trend_mushroom-storage-and-safety.md,各きのこの冷蔵・冷凍の保存日数（しいたけ4〜5日、しめじ・まいたけ3〜4日、エリンギ1週間、乾燥しいたけ常温1年など）の出典,jr_083,,,
498,trend,498_trend_mushroom-storage-and-safety.md,生えのきの「フラムトキシン」の溶血作用と加熱失活、しいたけ皮膚炎の公的資料での記述,jr_083,,,
499,trend,499_trend_seaweed-storage-and-iodine.md,ひじきの無機ヒ素が水戻し・ゆで戻しで約5〜9割減少という農林水産省調査の数値、および英国食品基準庁2004年勧告の内容,jr_083,,,
499,trend,499_trend_seaweed-storage-and-iodine.md,"乾燥昆布100gあたり約200,000μg、乾燥わかめ100gで約10,000μg、焼きのり1枚(3g)で約60μgのヨウ素量（成分表の該当値と品目の対応）",jr_083,,,
499,trend,499_trend_seaweed-storage-and-iodine.md,厚生労働省「日本人の食事摂取基準（2025年版）」の掲載URL（newpage_44138）の有効性,jr_083,,,
499,trend,499_trend_seaweed-storage-and-iodine.md,各海藻の保存期間（乾燥わかめ未開封約1年・開封後3〜6か月など）の出典,jr_083,,,
499,trend,499_trend_seaweed-storage-and-iodine.md,"日本人の平均ヨウ素摂取量「1,000〜3,000μg／日と推定」の出典（2025年版では昆布由来の吸収率を再検討しており、推定値の記載を要確認）",jr_083,,,
499,trend,499_trend_seaweed-storage-and-iodine.md,"昆布だし1杯(200ml)で数百〜1,000μg前後、つくだ煮大さじ1(約15g)で数千μgという換算の根拠",jr_083,,,
500,trend,500_trend_sashimi-and-anisakis.md,2025年（令和7年）食中毒統計の確定値。あるサイトは「2025年はノロウイルスが最多、アニサキスは280件」と報じる一方、同サイトは2024年を246件としており厚労省確定値（330件）と矛盾する。公表済みなら2025年値への更新可否を要確認,jr_083,,,
500,trend,500_trend_sashimi-and-anisakis.md,「−20℃で24時間以上」「70℃以上または60℃で1分」の条件が厚生労働省の現行記載と一致するか,jr_083,,,
500,trend,500_trend_sashimi-and-anisakis.md,ブラックライト（紫外線）でアニサキス虫体が確認しやすくなるという記述の公的根拠,jr_083,,,
500,trend,500_trend_sashimi-and-anisakis.md,"推計「年間7,000件以上」の出典（国立感染症研究所IASR／推計研究）の該当号と数値",jr_083,,,
511,wisdom,511_wisdom_sudare-and-summer-shading.md,"Concrete numbers for exterior shading: interior glass surface 5–10°C cooler, room air 1–3°C cooler, air-conditioning use down 10–20% ‘in utility and university trials’ — no specific trial is named and the figures could not be tied to a METI/MOE document.",jr_084,,,
511,wisdom,511_wisdom_sudare-and-summer-shading.md,"Reflective window film cutting 30–60% of heat, and interior curtains ~30–40%.",jr_084,,,
511,wisdom,511_wisdom_sudare-and-summer-shading.md,"Retail figures: sudare 88 × 180 cm at ¥500–1,500 and yoshizu at ¥2,000–5,000; natural reed lasting 2–4 seasons. Not checked against current home-centre catalogues.",jr_084,,,
511,wisdom,511_wisdom_sudare-and-summer-shading.md,Source URL https://www.kankyo.metro.tokyo.lg.jp/ — Tokyo Bureau of Environment; the specific heat-island/uchimizu page was not located and the bureau reorganised its site recently.,jr_084,,,
512,wisdom,512_wisdom_uchimizu-water-sprinkling.md,MOE heat-island page URL https://www.env.go.jp/air/life/heat_island/ and MLIT https://www.mlit.go.jp/mizukokudo/ — neither reachable from this environment; the MOE heat-island countermeasure guideline also has an edition year that should be stated.,jr_084,,,
512,wisdom,512_wisdom_uchimizu-water-sprinkling.md,"Tokyo trial figures: ground surface −10 to −15°C and air at 1.5 m −1 to −2°C lasting 30–60 minutes. (The 2,400 kJ/L latent-heat figure IS correct — about 2,440 kJ/kg at 25°C — and needs no change.)",jr_084,,,
512,wisdom,512_wisdom_uchimizu-water-sprinkling.md,"‘Spraying water onto the outdoor unit itself is discouraged by manufacturers’ — manufacturer positions differ (some permit water on the heat-exchanger fins, none on the electrics); not verified.",jr_084,,,
512,wisdom,512_wisdom_uchimizu-water-sprinkling.md,"‘Tokyo's government has run city-wide uchimizu campaigns since 2003’ and ‘Mission Uchimizu (Tokyo, since 2003)’. The 2003 打ち水大作戦 is generally described as a citizens'/NPO-led campaign (打ち水大作戦本部, later with the Japan Water Forum) backed by national and metropolitan government, so ‘Tokyo's government has run’ may be a misattribution. Could not verify — search budget exhausted.",jr_084,,,
513,wisdom,513_wisdom_re-papering-shoji-screens.md,"Shōji paper roll dimensions (width 94 cm, length 1.8–2.15 m, one roll per screen) and prices (washi ¥300–600, reinforced ¥600–1,000, patch stickers ¥100, fusuma ¥3,000–8,000 per side).",jr_084,,,
513,wisdom,513_wisdom_re-papering-shoji-screens.md,"Source line ‘Consumer Affairs Agency — Household goods labelling (shōji paper, adhesives)’: the Household Goods Quality Labelling Act covers adhesives under 雑貨工業品, but shōji paper does not appear to be a designated item.",jr_084,,,
513,wisdom,513_wisdom_re-papering-shoji-screens.md,"Source line ‘Japan Housing and Wood Technology Center — Traditional fittings: shōji and fusuma maintenance’ (howtec.or.jp): the domain matches the organisation, but it is not clear HOWTEC publishes shōji/fusuma maintenance guidance — the source may not support the text.",jr_084,,,
513,wisdom,513_wisdom_re-papering-shoji-screens.md,"‘Reinforced paper is 2–4× stronger’ and ‘plastic laminated (Warlon-type) reduces the wood's breathing and can trap humidity’ — manufacturer claims, no independent source.",jr_084,,,
514,wisdom,514_wisdom_drying-wet-shoes.md,"Leather care specifics: 1:1 water–vinegar wipe for snow salt stains, and cedar shoe trees + conditioner timing.",jr_084,,,
514,wisdom,514_wisdom_drying-wet-shoes.md,That NITE has published accident data specifically on hair-dryers/heaters used to dry shoes; the cited NITE 注意喚起 URL could not be opened.,jr_084,,,
514,wisdom,514_wisdom_drying-wet-shoes.md,"The whole comparison table's drying times and temperature thresholds (fan dryer 3–6 h, heated dryer 60°C+ 1–3 h, low-heat 40°C mode), described in the article itself as practical estimates.",jr_084,,,
514,wisdom,514_wisdom_drying-wet-shoes.md,Whether footwear is in fact a designated item under the Household Goods Quality Labelling Act (the CAA source line claims ‘care labelling for footwear’).,jr_084,,,
515,wisdom,515_wisdom_sink-strainers-and-drain-nets.md,"Drain-net pack pricing (packs of 30–100 for ¥100–300; intro says packs of 50 for ¥100) and copper basket price ¥1,000–2,000 / how much copper ions actually slow biofilm.",jr_084,,,
515,wisdom,515_wisdom_sink-strainers-and-drain-nets.md,"Source URLs: Tokyo Bureau of Sewerage (gesui.metro.tokyo.lg.jp) and JSDA (jsda.org/w/03_shiki/) — organisation-to-domain pairing looks right, page contents unverified.",jr_084,,,
515,wisdom,515_wisdom_sink-strainers-and-drain-nets.md,‘Food scraps at 20–30°C grow bacteria within a day’ — described in the article as a general food-hygiene estimate; no source.,jr_084,,,
515,wisdom,515_wisdom_sink-strainers-and-drain-nets.md,"‘Replacement baskets/lids/traps are ¥300–1,000 at a home centre’ and that landlords commonly charge for a lost basket at move-out.",jr_084,,,
516,wisdom,516_wisdom_doyō-boshi-airing-clothes-and-books.md,ウール製品の「freeze wool items 48 h」。家庭用冷凍庫では-18℃で72時間以上（または数日〜2週間）を推奨する資料が多く、48時間で十分かは要確認,jr_085,,,
516,wisdom,516_wisdom_doyō-boshi-airing-clothes-and-books.md,カビの発芽閾値「60–65% RH」および衣蛾・カツオブシムシが初夏に産卵するという生活史のタイミング（防虫・文化財保存の一次情報で要確認）,jr_085,,,
516,wisdom,516_wisdom_doyō-boshi-airing-clothes-and-books.md,出典3件（文化庁・気象庁英語版・消費者庁 家庭用品品質表示）のURLが実際に本文の内容を扱うページか。いずれもトップ階層に近い一般URLで、記述との対応が未確認,jr_085,,,
516,wisdom,516_wisdom_doyō-boshi-airing-clothes-and-books.md,梅雨期の屋内湿度70–85%、および晴天2–3日後に湿度60%未満になるという気象条件（気象庁の平年値で要確認）,jr_085,,,
517,wisdom,517_wisdom_old-toothbrushes-and-cleaning-tools.md,「phone ports (dry)」を綿棒・つまようじで掃除してよいという助言。端子破損の恐れがあり、メーカー推奨と整合するか要確認,jr_085,,,
517,wisdom,517_wisdom_old-toothbrushes-and-cleaning-tools.md,出典URL https://jsda.org/w/03_shiki/ と https://www.nite.go.jp/jiko/chuikanki/ が現存し、それぞれ「洗剤の基礎」「塩素系と酸性タイプの混合注意」を扱うページか（go.jp・団体サイトへ到達できず未確認）,jr_085,,,
518,wisdom,518_wisdom_diatomaceous-earth-bath-mats.md,「労働安全衛生法が0.1%超の石綿含有製品を禁止」という記述の条文根拠（労働安全衛生法施行令第16条の政令改正）と、現行製品の「アスベスト不検出」試験表示の一般性,jr_085,,,
518,wisdom,518_wisdom_diatomaceous-earth-bath-mats.md,出典URL https://www.mhlw.go.jp/stf/newpage_15516.html が実在し、珪藻土製品の石綿に関する回収・取扱い指針のページか（検索では https://www.mhlw.go.jp/content/11303000/000711799.pdf が該当資料として出現）,jr_085,,,
518,wisdom,518_wisdom_diatomaceous-earth-bath-mats.md,珪藻土マットが日本の浴室に普及した時期「Around 2015」,jr_085,,,
519,wisdom,519_wisdom_plastic-bag-charge-and-my-bag.md,「日本の消費者調査で再利用バッグから細菌が検出された」という調査の出典（国民生活センター等か未特定）,jr_085,,,
519,wisdom,519_wisdom_plastic-bag-charge-and-my-bag.md,コンビニのレジ袋辞退率「約25%→約75%」（日本フランチャイズチェーン協会データ）。2020年直後の数値とみられ、2026年時点の最新値は未確認,jr_085,,,
519,wisdom,519_wisdom_plastic-bag-charge-and-my-bag.md,価格の「最低1円」および百貨店の紙袋10–20円という相場,jr_085,,,
519,wisdom,519_wisdom_plastic-bag-charge-and-my-bag.md,全国のレジ袋使用量が「約半減」、レジ袋が日本のプラスチック廃棄物の重量比「約2%」という推計（環境省資料で要確認）,jr_085,,,
519,wisdom,519_wisdom_plastic-bag-charge-and-my-bag.md,綿トートの損益分岐「50–150回」。英環境庁2006年（131回）とデンマーク環境省2018年（気候変動指標で通常綿52回・オーガニック綿149回）に整合するとみられるが、原典未確認,jr_085,,,
520,wisdom,520_wisdom_kakeibo-household-budget-book.md,2025年平均の費目別構成比のうち食料以外（光熱・水道 約8%、交通・通信 約14%、教養娯楽 約10%）。2024年までの水準からは大きく動いていないと見られるが、2025年確報での再確認が必要,jr_085,,,
520,wisdom,520_wisdom_kakeibo-household-budget-book.md,「40代未満の多くはアプリ、60代以上の多くは紙」という利用層の分布（出典なし）,jr_085,,,
520,wisdom,520_wisdom_kakeibo-household-budget-book.md,"紙の家計簿の価格帯 ¥500–1,500、および婦人之友社・高橋書店・講談社という版元の網羅性",jr_085,,,
520,wisdom,520_wisdom_kakeibo-household-budget-book.md,"羽仁もと子の言葉「the point is not to record, but to plan」が現行版の1ページ目に掲載されているか（婦人之友社サイトへ到達できず未確認）",jr_085,,,
520,wisdom,520_wisdom_kakeibo-household-budget-book.md,貯蓄目標「手取りの10–20%」は編集上の目安で公的推奨ではない旨、記事自身が注記済み,jr_085,,,
521,beauty,521_beauty_skincare-during-pregnancy.md,アゼライン酸が「皮膚科では妊娠中のニキビに使われることが多い」。国内ではアゼライン酸は保険適用の医療用医薬品ではなく自由診療・化粧品扱いのため、国内実態としての裏付けが必要。,jr_086,,,
521,beauty,521_beauty_skincare-during-pregnancy.md,ハイドロキノンの皮膚吸収率「約35〜45%」。海外のin vivo経皮吸収試験の引用値と思われるが、出典（文献名・年）を確認できていない。,jr_086,,,
521,beauty,521_beauty_skincare-during-pregnancy.md,ヘアカラーについて「海外の産科ガイドでは通常の使用は問題ないとされる」。具体的にどの国のどの学会資料かを確認できていない。,jr_086,,,
521,beauty,521_beauty_skincare-during-pregnancy.md,出典「産婦人科診療ガイドライン：産科編」に版年の記載がない。同ガイドラインは3年ごと改訂（2020年版・2023年版）で、2026年版が出ている可能性があるため、引用時に版年を明記のこと。,jr_086,,,
521,beauty,521_beauty_skincare-during-pregnancy.md,妊娠線が出る人が「5〜9割」。海外文献で50〜90%とされる一般値だが、日本産科婦人科学会の資料での裏付け未確認。,jr_086,,,
522,beauty,522_beauty_hair-colour-fading.md,「色素の定着に24〜48時間」「予洗いで汚れの7〜8割が落ちる」「アイロン160℃以下」「38℃以下のぬるま湯」。いずれも美容業界の一般的な目安で、日本ヘアカラー工業会等の一次資料での確認が未了。,jr_086,,,
522,beauty,522_beauty_hair-colour-fading.md,出典「日本ヘアカラー工業会『ヘアカラーの基礎知識：色落ちとお手入れ』」のページが実在するか（jhcia.org内の該当ページ）未確認。,jr_086,,,
523,beauty,523_beauty_facial-shaving-for-women.md,「剃ると濃くなることはない」を日本皮膚科学会Q&Aの該当項目で確認できていない（記事内の要検証注記どおり）。,jr_086,,,
523,beauty,523_beauty_facial-shaving-for-women.md,"理容室のレディースシェービング料金「3,000〜6,000円」。地域差が大きく、相場の出典未確認。",jr_086,,,
523,beauty,523_beauty_facial-shaving-for-women.md,顔そりが理容師の業務範囲である旨（理容師法）と、美容師による顔そりの可否の線引き。厚労省の生活衛生ページで条文・通知を確認のこと。,jr_086,,,
523,beauty,523_beauty_facial-shaving-for-women.md,顔用カミソリの刃を「3〜5回使ったら交換」。メーカー推奨の根拠を確認できていない。,jr_086,,,
524,beauty,524_beauty_body-odour-and-washing.md,「ナイロンタオルでこすると角層が削れ、皮脂が過剰に分泌されてにおいやすくなる」。皮脂分泌増加まで示した文献の確認が未了。,jr_086,,,
524,beauty,524_beauty_body-odour-and-washing.md,わきが（腋臭症）の日本人の割合「約10〜15%」。広く引用される値だが一次資料未確認。,jr_086,,,
524,beauty,524_beauty_body-odour-and-washing.md,ノネナールの発見年・「加齢臭」の語の普及時期（2000年前後）、ジアセチルによるミドル脂臭の説明。いずれも化粧品メーカーの研究発表が出所で、学会資料での裏付け未了。,jr_086,,,
524,beauty,524_beauty_body-odour-and-washing.md,出典「原発性局所多汗症診療ガイドライン 2023年改訂版」。2023年改訂版より新しい版が出ていないか、日本皮膚科学会のガイドライン一覧で要確認。,jr_086,,,
525,beauty,525_beauty_retinol-and-vitamin-c.md,「2017年に純粋レチノールがシワを改善する効能で医薬部外品として承認」。承認年・承認品目の確認が未了（抗シワ医薬部外品としてはニールワンが先行しており、年次の書き分けに注意）。,jr_086,,,
525,beauty,525_beauty_retinol-and-vitamin-c.md,「トレチノインは日本では処方薬」。外用トレチノインは国内未承認で自由診療の院内製剤として扱われるのが実態であり、表現の精度を編集部で確認のこと。,jr_086,,,
525,beauty,525_beauty_retinol-and-vitamin-c.md,「レチノールは0.1%程度でも効果が報告」「効果が見えるまで8〜12週間／4〜12週間」「濃度10%以上のビタミンC製品はピリピリしやすい」「開封後2〜3か月」。臨床試験・製品表示の一般値で、出典未確認。,jr_086,,,
525,beauty,525_beauty_retinol-and-vitamin-c.md,出典「日本香粧品学会『新規効能取得のための抗シワ製品評価ガイドライン』」のURL（jcss.jp）が同学会の公式ドメインか、またガイドラインの制定・改訂年（2006年制定とされる）を確認できていない。,jr_086,,,
536,fashion,536_fashion_dress-codes-for-weddings-and-funerals.md,「お通夜は現在は喪服が多数派」という世代・地域を超えた一般化。葬祭業界の調査データの有無。,jr_089,,,
536,fashion,536_fashion_dress-codes-for-weddings-and-funerals.md,「黒ストッキングは30デニール以下が正式」「真珠は一連まで／二連は避ける」「パンプスのヒール3〜5cm・3〜7cm」など、慣習系の数値基準に業界団体の裏付けがあるか。,jr_089,,,
536,fashion,536_fashion_dress-codes-for-weddings-and-funerals.md,出典3件のURL（zengokyo.or.jp／sousai-director.jp／zensoren.or.jp）が実在し、記載の資料名のページが存在するか。とくに葬祭ディレクター技能審査協会の「厚生労働省認定」表記の現行有効性。,jr_089,,,
536,fashion,536_fashion_dress-codes-for-weddings-and-funerals.md,"喪服の貸衣装相場「¥5,000〜10,000」。",jr_089,,,
537,fashion,537_fashion_non-iron-shirts.md,「JIS L1905（洗濯後の外観保持性）」の規格番号と正式名称。W&W性の等級「3.2級以上」という業界の目安値。JIS L1905 は形態安定性／外観保持性のどの試験方法か要確認。,jr_089,,,
537,fashion,537_fashion_non-iron-shirts.md,「柔軟剤は加工を弱める」というメーカー案内の存在。,jr_089,,,
537,fashion,537_fashion_non-iron-shirts.md,形態安定加工の耐久「洗濯50〜100回／2〜3年」というメーカー横断の目安。,jr_089,,,
537,fashion,537_fashion_non-iron-shirts.md,綿ポリ混のポリエステル比率「30〜50%」が一般的という記述。,jr_089,,,
538,fashion,538_fashion_washing-school-shoes-uwabaki.md,「黄ばみの原因は洗剤・漂白剤のすすぎ残し＋日光」「塩素系漂白剤は黄変・ゴム劣化を招く」という因果の一次資料。,jr_089,,,
538,fashion,538_fashion_washing-school-shoes-uwabaki.md,出典「日本小児整形外科学会 https://www.jpoa.org/ 」のドメインと「子どもの足と靴」という資料の実在。団体名とドメインの対応を要確認。,jr_089,,,
538,fashion,538_fashion_washing-school-shoes-uwabaki.md,日本石鹸洗剤工業会の出典URLパス（jsda.org/w/03_shiki/）に「靴・スニーカーの洗い方」の該当ページがあるか。,jr_089,,,
538,fashion,538_fashion_washing-school-shoes-uwabaki.md,酸素系漂白剤の分量「水2Lに大さじ1〜2」、つけおき「40℃前後・30分〜1時間」が日本石鹸洗剤工業会などの案内と一致するか。,jr_089,,,
539,fashion,539_fashion_counterfeit-goods-and-customs.md,2021年改正商標法・意匠法の2022年10月1日施行、および「海外事業者が日本の個人へ郵送する行為も輸入に含む」という条文上の建て付け（商標法2条7項）。,jr_089,,,
539,fashion,539_fashion_counterfeit-goods-and-customs.md,「購入者が刑事罰を受けることは通常ない」という整理。個人輸入者側の責任について特許庁・税関の公表資料での確認が必要（読者の法的判断に直結するため要精査）。,jr_089,,,
539,fashion,539_fashion_counterfeit-goods-and-customs.md,フリマ各社の補償制度で偽物が返金対象となる条件（各社規約の現行版）。,jr_089,,,
539,fashion,539_fashion_counterfeit-goods-and-customs.md,"真贋鑑定サービスの料金「1点3,000〜10,000円」、中古相場「定価の7割前後」、「定価の3〜5割以下は疑う」といった相場感。",jr_089,,,
539,fashion,539_fashion_counterfeit-goods-and-customs.md,税関の差止実績の最新値（2024年・2025年の件数・点数、仕出国別の内訳）。記事の「2023年度 約2.9万件／約100万点」「多くが中国・香港から」は最新年へ更新が必要。,jr_089,,,
540,fashion,540_fashion_washing-new-clothes-before-wearing.md,「ホルムアルデヒドは水に溶けやすく1回の洗濯で大きく減る（大半が除去）」という定量的な根拠。,jr_089,,,
540,fashion,540_fashion_washing-new-clothes-before-wearing.md,「海外サイト直送の個人輸入品は家庭用品規制法の検査を経ていない」という同法の適用範囲（販売業者規制と個人輸入の関係）。,jr_089,,,
540,fashion,540_fashion_washing-new-clothes-before-wearing.md,ホルムアルデヒド規制値「乳幼児（24か月以下）は検出されないこと＝16ppm以下」「大人用の肌着等は75ppm以下」の現行条文・告示。,jr_089,,,
540,fashion,540_fashion_washing-new-clothes-before-wearing.md,出典「日本皮膚科学会 接触皮膚炎診療ガイドライン 2020」に2021年以降の改訂版が出ていないか。PDFのURLが現行のものか。,jr_089,,,
252,trend,252_trend_storing-yogurt.md,出典「消費者庁『乳及び乳製品の成分規格等に関する命令（乳等命令）』」のURLが厚生労働省（mhlw.go.jp）のまま。2024年4月1日に食品衛生基準行政が消費者庁へ移管されており、消費者庁側の正しいURLに差し替えが必要,最終整合パス,,,
537,fashion,537_fashion_non-iron-shirts.md,出典「厚生労働省『家庭用品規制法：ホルムアルデヒドの規制基準（繊維製品）』」のURLが消費者庁（caa.go.jp）。所管（厚労省か消費者庁か）を確定し、機関名とURLを一致させる必要がある,最終整合パス,,,
521,beauty,521_beauty_skincare-during-pregnancy.md,出典を「厚生労働省『妊娠と薬情報センター』」としているが、URLは国立成育医療研究センター（ncchd.go.jp）。表記主体の確定が必要,最終整合パス,,,
548,health,548_health_house-dust-allergy.md,出典を「厚生労働省『アレルギーポータル』」としているが、URLは allergyportal.jp（日本アレルギー学会が運営）。運営主体の表記を確定する必要がある,最終整合パス,,,
