記事番号,棚,ファイル名,現在の記述,修正案,根拠,出典,検出バッチ,採否,対応日
001,beauty,001_beauty_cleansing.md,つまり、クレンジング料について語れるのは**「落とす」ことまで**です。それ以上を約束する説明は、法令上も事実としても正確ではありません。,つまり、クレンジング料について語れるのは、原則として**「落とす」ことと使用感まで**です。メイクアップ効果などの物理的効果や使用感の表示は、事実に反しない限り56項目とは別に認められていますが、それ以上を約束する説明は、法令上も事実としても正確ではありません。,薬食発0721第1号（平成23年7月21日）の56項目は効能効果の範囲であり、メイクアップ効果等の物理的効果および使用感の表示は事実に反しない限り認められる（同通知の取扱い通知・解説）。「落とすことまで」という断定は精度不足。,https://www.mhlw.go.jp/file/06-Seisakujouhou-11120000-Iyakushokuhinkyoku/kesyouhin_hanni_20111.pdf; https://www.mhlw.go.jp/file/06-Seisakujouhou-11120000-Iyakushokuhinkyoku/kesyouhin_hanni_20112.pdf; https://cosmetic-ingredients.org/range-of-cosmetic-indications-and-usage/,jr_000,,
002,health,002_health_napping.md,逆です。**高齢者は長時間の昼寝を避けることが望ましい**とされています。夜の睡眠との兼ね合いで、床の上にいる時間が長くなりすぎないことが重視されています。,逆です。**高齢者は長時間の昼寝を避けることが望ましい**とされています。同ガイドは、**床上時間が8時間以上にならないことを目安に**必要な睡眠時間を確保するよう示しています。,『睡眠ガイド2023』の高齢者向け推奨事項は「長い床上時間は健康リスクとなるため、床上時間が8時間以上にならないことを目安に必要な睡眠時間を確保する」。記事の抽象的な表現より、ガイドの数値目安を示すほうが正確。,https://sndj-web.jp/news/002764.php; https://www.mhlw.go.jp/stf/seisakunitsuite/bunya/kenkou_iryou/kenkou/suimin/index.html,jr_000,,
003,trend,003_trend_batch-cooking.md,残った食品を温め直すときも、**75℃以上を目安に十分に加熱**することが示されています。,残った食品を温め直すときも、**75℃以上を目安に十分に加熱**することが示されています。**ノロウイルスによる汚染のおそれがある二枚貝などは、中心部を85〜90℃で90秒以上加熱**することが別に示されています。,「6つのポイント」の75℃1分以上・温め直し75℃以上は一般的な加熱目安で、ノロウイルス対策は厚生労働省が85〜90℃90秒以上としており、冬場の作り置き・温め直しでは目安が異なる。公開前に厚労省「ノロウイルスに関するQ&A」の原文で数値を確認のこと。,https://www.mhlw.go.jp/topics/bukyoku/iyaku/syoku-anzen/dl/pamph01_05.pdf; https://www.mhlw.go.jp/stf/seisakunitsuite/bunya/kenkou_iryou/shokuhin/index.html,jr_000,,
005,wisdom,005_wisdom_taking-shoes-off-indoors.md,"Japan's 2023 Housing and Land Survey puts the **average floor area of a dwelling at 90.86 m²**, with **4.26 rooms** and **14.65 tatami-mat equivalents of living space per person**.","Japan's 2023 Housing and Land Survey puts the **average floor area of a dwelling built for residential use only at 90.86 m²**, with **4.26 rooms** per dwelling and **14.65 tatami-mat equivalents of living space per person**.",90.86㎡と4.26室は「専用住宅」1住宅当たりの数値（居住室のほか玄関・便所・台所等を含む延べ面積）。全住宅平均と読める書き方は精度不足。14.65畳は1人当たり居住室の畳数で一致。数値自体は令和5年住宅・土地統計調査の基本集計（令和6年9月25日公表）と一致。,https://www.stat.go.jp/data/jyutaku/2023/pdf/kihon_gaiyou.pdf; https://www.soumu.go.jp/menu_news/s-news/01toukei03_01000121.html,jr_000,,
006,beauty,006_beauty_skincare-order.md,つまり、順番の議論で語れるのは**「使いやすさ」と「負担の少なさ」まで**です。,つまり、順番の議論で語れるのは、原則として**「使いやすさ」と「負担の少なさ」まで**です（使用感やメイクアップ効果などの物理的効果の表示は、事実に反しない限り56項目とは別に認められています）。,56項目は効能効果の範囲を定めるもので、使用感・物理的効果の表示は別枠で認められている。「56項目に限定」だけを前提に線引きすると不正確。通知番号・日付（薬食発0721第1号、平成23年7月21日）と56項目という数字自体は現行で正しいことを確認済み。,https://www.mhlw.go.jp/file/06-Seisakujouhou-11120000-Iyakushokuhinkyoku/kesyouhin_hanni_20111.pdf; https://www.mhlw.go.jp/file/06-Seisakujouhou-11120000-Iyakushokuhinkyoku/kesyouhin_hanni_20112.pdf,jr_000,,
007,health,007_health_pillow-height.md,**同じ人でも、仰向けと横向きで必要な高さが2倍近く違う**——これが「万人に合う高さ」が存在しない理由です。,**同じ人でも、横向きでは仰向けより3〜5cmほど高さが必要になるとされます**——これが「万人に合う高さ」が存在しない理由です。,寝具メーカー各社の案内では「横向きは仰向けより3〜5cm程度高く」が一般的な説明。表の目安（仰向け1〜6cm／横向き4〜10cm）からも「2倍近く」は言い過ぎで、断定的すぎる。,https://www.nihonbashi-nishikawa.com/column/pillow/pillow-height/; https://www.rakuten.ne.jp/gold/premium-store/article/article98.html,jr_001,,
008,trend,008_trend_using-the-fridge.md,| 冷凍室 | **約−18〜−20℃** | 冷凍食品、冷凍保存する食材 |,| 冷凍室 | **約−20〜−18℃** | 冷凍食品、冷凍保存する食材 |,メーカー（日立・パナソニック）の表記は「約−20〜−18℃」。記事は範囲が降順になっており、他の行（昇順）とも書式が揃っていない。,https://kadenfan.hitachi.co.jp/support/rei/q_a/a86.html; https://jpn.faq.panasonic.com/app/answers/detail/a_id/9962/,jr_001,,
010,wisdom,010_wisdom_storage-in-narrow-spaces.md,| Average floor area per dwelling | **90.86 m²** |,| Average floor area per purpose-built dwelling | **90.86 m²** |,90.86㎡は「居住専用に建築された住宅（専用住宅）」1住宅当たりの延べ面積。全住宅の平均と読める書き方になっている。数値そのものは令和5年住宅・土地統計調査 基本集計で確認できた。,https://www.stat.go.jp/data/jyutaku/2023/pdf/kihon_gaiyou.pdf; https://www.stat.go.jp/data/jyutaku/2023/tyousake.html,jr_001,,
010,wisdom,010_wisdom_storage-in-narrow-spaces.md,| Average number of rooms | **4.26** |,"| Average number of living rooms (excluding kitchen, bath, hallway) | **4.26** |","4.26は「1住宅当たり居住室数」で、台所・浴室・玄関などを含まない。英語の ""rooms"" のままでは総室数と誤読されうる。数値自体は同調査で確認できた（1住宅当たり居住室の畳数は32.49畳）。",https://www.e-stat.go.jp/dbview?sid=0004021461; https://www.stat.go.jp/data/jyutaku/2023/pdf/kihon_gaiyou.pdf,jr_001,,
011,beauty,011_beauty_storing-cosmetics.md,昭和55年の厚生省告示により、次の化粧品には使用期限の表示が必要です。,昭和55年9月26日厚生省告示第166号により、次の化粧品には使用期限の表示が必要です。,該当告示は「昭和55年9月26日厚生省告示第166号」。告示番号まで書くほうが読者・法務の確認が容易。,https://www.mhlw.go.jp/web/t_doc?dataId=81073000&dataType=0&pageNo=1; https://www.japal.org/dom/amendment/001611.html,jr_001,,
011,beauty,011_beauty_storing-cosmetics.md,## A. 最大の誤解は「冷やせば長持ちする」です。製品は、表示された条件で3年以上品質が保たれるように作られています。,## A. 最大の誤解は「冷やせば長持ちする」です。使用期限の表示がない製品は、表示された保管条件のもとで、未開封なら3年は品質が保たれる前提で作られています。,「製品は」と全製品を指す書き方だが、3年の前提が成り立つのは使用期限表示が不要な（＝3年以内に変質しないと確認された）未開封品に限られる。記事本文の説明とも整合させる必要がある。,https://www.jcia.org/user/public/faq; https://www.mhlw.go.jp/web/t_doc?dataId=81073000&dataType=0&pageNo=1,jr_001,,
012,health,012_health_bedroom-temperature.md,- 環境省 熱中症予防情報サイト   https://www.wbgt.env.go.jp/,- 環境省 熱中症予防情報サイト   https://www.wbgt.env.go.jp/ - 環境省 デコ活「適切な室温管理について／COOLBIZ」（「28℃」は室温の目安）   https://ondankataisaku.env.go.jp/decokatsu/coolbiz/article/2020_action_detail_004.html,本文の「28℃は設定温度ではない」に対応する出典が一覧にない。環境省デコ活のCOOLBIZページを追加すると本文と出典が対応する。,https://ondankataisaku.env.go.jp/decokatsu/coolbiz/article/2020_action_detail_004.html,jr_001,,
012,health,012_health_bedroom-temperature.md,- 厚生労働省『健康づくりのための睡眠ガイド2023』（2024年2月策定）,- 厚生労働省『健康づくりのための睡眠ガイド2023』（2024年2月策定、2024年9月一部修正）,睡眠ガイド2023は2024年2月策定後、令和6年（2024年）9月18日に一部修正されている。参照する版を明示しておくほうが確認しやすい。,https://www.mhlw.go.jp/stf/seisakunitsuite/bunya/kenkou_iryou/kenkou/suimin/index.html; https://jssr.jp/files/nexus/20250925-02.pdf,jr_001,,
013,trend,013_trend_making-dashi.md,昆布の**グルタミン酸**と、かつお節の**イノシン酸**。この2つを合わせると、うま味の強さは足し算ではなく、**単独の場合の7〜8倍**に感じられることが知られています。,昆布の**グルタミン酸**と、かつお節の**イノシン酸**。この2つを合わせると、うま味の強さは足し算ではなく、配合の比率によっては**単独の場合の最大7〜8倍**に感じられることが知られています。,うま味インフォメーションセンターおよび日本うま味調味料協会は「最大で7〜8倍」と表現しており、倍率は配合比に依存する。記事は無条件の7〜8倍と読める。,https://www.umamiinfo.jp/what/tasting/make-use.html; https://www.umamikyo.gr.jp/knowledge/katsuyou/experience_02.html,jr_002,,
013,trend,013_trend_making-dashi.md,うま味調味料も、同じグルタミン酸を利用したものです。,うま味調味料の主成分はグルタミン酸ナトリウムですが、イノシン酸ナトリウムなど核酸系のうま味物質を加えた製品もあります。,日本うま味調味料協会の説明では、うま味調味料はグルタミン酸ナトリウムを主成分とし、核酸系うま味物質を配合した「複合調味料」タイプも市販されている。「同じグルタミン酸」だけでは不正確。,https://www.umamikyo.gr.jp/knowledge/ingredient.html,jr_002,,
016,beauty,016_beauty_cosmetics-expiry.md,薬機法は、**製造後3年以内に変質するおそれのある化粧品**にだけ使用期限の表示を義務づけています。昭和55年の厚生省告示で、具体的には次の3種類です。,薬機法第61条第5号は、**製造後3年以内に変質するおそれのある化粧品**にだけ使用期限の表示を義務づけています。対象は昭和55年9月26日厚生省告示第166号で指定されており、具体的には次の3種類です。,条番号・告示番号を特定できる。化粧品の法定表示は薬機法第61条第5号、指定は昭和55年9月26日厚生省告示第166号（旧薬事法第50条第14号等の規定に基づく）。,https://www.mhlw.go.jp/web/t_doc?dataId=81073000&dataType=0&pageNo=1; https://www.tmiph.metro.tokyo.lg.jp/k_yakuji/i-kanshi/c_label/,jr_002,,
016,beauty,016_beauty_cosmetics-expiry.md,3年の前提は**未開封**です。開封後は空気にも手にも触れます。**業界の一般的な案内では、開封後は数か月から1年以内を目安に使い切る**こととされています。,3年の前提は**未開封**です。開封後は空気にも手にも触れます。日本化粧品工業会は**開封後は早めに使い切る**よう案内しており、一般には3か月〜1年程度を目安とする説明が多く見られます（製品の種類や剤形によって異なります）。,出典と本文が対応していない。記事が唯一挙げる日本化粧品工業会「化粧品Q&A」は「いったん開封した化粧品は早めに使いきる」としか述べておらず、「数か月〜1年」という数値は示していない。数値は二次資料での一般的な目安。,https://www.jcia.org/user/public/faq; https://syogyo.jp/matome/2025/02/post_040551,jr_002,,
016,beauty,016_beauty_cosmetics-expiry.md,| 適切な保存条件で3年以内に性状・品質が変わるおそれのあるもの | 上記に準ずる |,| 適切な保存条件で3年以内に性状・品質が変わるおそれのあるもの | 成分を問わない包括的な規定 |,告示上、第3類型は第1・2類型の「準ずるもの」ではなく、成分にかかわらず適用される包括規定。「上記に準ずる」は関係を取り違えている。,https://www.mhlw.go.jp/web/t_doc?dataId=81073000&dataType=0&pageNo=1,jr_002,,
017,health,017_health_phone-before-bed.md,眠りに入ったあとの中断は、直接的に睡眠を削ります。**通知を切る効果は確実です。**,眠りに入ったあとの中断は、直接的に睡眠を削ります。**通知を切ることは、取り組みやすく効果が見込める対策です。**,断定が強すぎる。通知オフの効果量を示す一次資料は記事に挙げられていない。記事自身が他節で「数字で言い切れる段階ではない」と述べており、内部で整合しない。,https://www.mhlw.go.jp/stf/seisakunitsuite/bunya/kenkou_iryou/kenkou/suimin/index.html,jr_002,,
017,health,017_health_phone-before-bed.md,## A. 最大の誤解は「光さえ抑えれば大丈夫」です。国の指針は「寝室に持ち込まない」という、光より一段強い行動を挙げています。,## A. 最大の誤解は「光さえ抑えれば大丈夫」です。国の指針は、明るい画面を見ないことに加えて「寝室に持ち込まない」という行動まで挙げています。,睡眠ガイド2023は「持ち込まない」を光対策より強い行動として位置づけてはおらず、理由としてLEDのブルーライトによる体内時計への影響を挙げている。「光より一段強い」は記事側の解釈。,https://www.mhlw.go.jp/content/10904750/001181265.pdf; https://sleep1.jp/https-sleep1-jp-sleep_guides_no2/,jr_002,,
017,health,017_health_phone-before-bed.md,- 厚生労働省『健康づくりのための睡眠ガイド2023』（2024年2月策定）,- 厚生労働省『健康づくりのための睡眠ガイド2023』（2024年2月策定、2024年9月18日一部修正）,2024年2月公表は正しいが、令和6年（2024年）9月18日付で一部修正版が公開されている。引用は修正版に合わせるべき。2026年9月時点でこれが最新版（2025・2026年の改訂はない）。,https://www.mhlw.go.jp/stf/seisakunitsuite/bunya/kenkou_iryou/kenkou/suimin/index.html,jr_002,,
018,trend,018_trend_pan-care.md,ふっ素樹脂（いわゆるテフロン）加工の**連続使用可能温度は約260℃**とされています。これを超えると加工の劣化が始まり、**約350℃では分解ガスが発生するおそれ**があります。,ふっ素樹脂（いわゆるテフロン）加工の**連続使用可能温度は約260℃**とされています。これを超えると加工の劣化が始まり、**350℃前後から熱分解が進み、400℃以上では有害な分解ガスが発生するおそれ**があります（食品安全委員会ファクトシート）。,260℃の連続使用温度は業界資料で確認できる。一方、分解ガスの温度は資料により350℃・360℃・315〜375℃と幅があり、公的な一次資料である食品安全委員会ファクトシートは「400℃以上でHF・COF2等の有害なフュームが発生」としている。単一の「約350℃」は出典を特定しにくい。,https://www.fsc.go.jp/sonota/factsheets/f02_fluorocarbon_polymers.pdf; http://www.jfia.gr.jp/handling.html,jr_002,,
018,trend,018_trend_pan-care.md,**空焚きをすると、フライパンの表面温度は数分でこの温度に達します。**,**空焚きをすると、フライパンの表面温度は短時間でこの範囲まで上がることがあります。**,「数分で」という到達時間を示す公的試験データを確認できなかった。また直前で260℃と350℃の2つの温度を挙げているため「この温度」の指示先が不明確。,https://www.fsc.go.jp/sonota/factsheets/f02_fluorocarbon_polymers.pdf,jr_002,,
018,trend,018_trend_pan-care.md,- 一般社団法人 日本弗素樹脂工業会   https://www.jfia.gr.jp/,- 一般社団法人 日本弗素樹脂工業会「ふっ素樹脂の取扱い」   http://www.jfia.gr.jp/handling.html,日本弗素樹脂工業会のサイトは http://www.jfia.gr.jp/ で提供されており、検索結果でもHTTPSのURLは確認できない。また本文が依拠する温度の記述は「ふっ素樹脂の取扱い」ページおよび取扱マニュアルPDFにあるため、深いリンクのほうが検証しやすい。,http://www.jfia.gr.jp/; http://www.jfia.gr.jp/handling.html; http://www.jfia.gr.jp/pdf/Fluororesin_handling_manual_11.pdf,jr_002,,
018,trend,018_trend_pan-care.md,- 独立行政法人 製品評価技術基盤機構（NITE）製品安全情報   https://www.nite.go.jp/jiko/,- 独立行政法人 製品評価技術基盤機構（NITE）製品安全情報   https://www.nite.go.jp/jiko/ - 内閣府 食品安全委員会「フッ素樹脂」ファクトシート   https://www.fsc.go.jp/sonota/factsheets/f02_fluorocarbon_polymers.pdf,本文の温度・分解ガスの記述を直接裏づける公的一次資料として、食品安全委員会のファクトシートを追加すべき。現行の国民生活センター・NITEはトップ階層URLのみで、記事の主張に対応する注意喚起ページを特定できなかった。,https://www.fsc.go.jp/sonota/factsheets/f02_fluorocarbon_polymers.pdf,jr_002,,
021,fashion,021_fashion_pilling.md,繊維検査機関の資料によると、**「アクリル×綿」「ポリエステル×毛（ウール）」のような混紡**は特に注意が必要とされています。,クリーニング業界団体の資料によると、**「アクリル×綿」「ポリエステル×毛（ウール）」のような混紡**は特に注意が必要とされています。,この組み合わせの記述は東京都クリーニング生活衛生同業組合「毛玉について」に由来。メンケン品質検査協会のコラムはピリングの発生機構とピリング試験（1〜5級の等級判定）の解説が中心で、この組み合わせの記載は確認できなかった。主張自体は正しい。,https://www.tokyo929.or.jp/column/ware/post_23.php; https://menken.jp/column/pilling/,jr_003,,
022,health,022_health_morning-light.md,太陽を直接見る必要はありませんし、**目を痛める危険があります。絶対にしないでください。**,太陽を直接見る必要はありませんし、**目を痛める危険があります。直視は避けてください。**,安全上の注意としては妥当だが、断定表現（禁止語）を含む。強度を保ったまま言い換え可能。,,jr_003,,
025,wisdom,025_wisdom_tenugui.md,**After a few washes the fraying stops on its own.**,"**Trim the loose threads as they appear, and after repeated washes the fraying settles about a centimetre in and stops.**",手ぬぐい製造元の説明では、ほつれた糸を数回カットしながら洗濯を繰り返すことで、生地端から約1cmのところでほつれが落ち着く。「数回の洗濯で自然に止まる」という記述は手入れの工程を省いており不正確。,https://hanten.jp/column/tenugui/tenugui13; https://www.kobe-np.co.jp/rentoku/omoshiro/202208/0015569924.shtml,jr_003,,
025,wisdom,025_wisdom_tenugui.md,- Agency for Cultural Affairs — living culture information   https://www.bunka.go.jp/seisaku/bunkashingikai/kondankaito/seikatsubunka/,- Agency for Cultural Affairs — living culture research (seikatsu bunka)   https://www.bunka.go.jp/tokei_hakusho_shuppan/tokeichosa/seikatsubunka_chosa/index.html,検索で存在を確認できた文化庁の生活文化関連ページは「生活文化調査研究」。記事の bunkashingikai/kondankaito/seikatsubunka/ は現行の「その他の懇談会等」一覧に見当たらず、リンク切れの可能性が高い。,https://www.bunka.go.jp/tokei_hakusho_shuppan/tokeichosa/seikatsubunka_chosa/index.html; https://www.bunka.go.jp/seisaku/bunkashingikai/kondankaito/,jr_003,,
026,fashion,026_fashion_knitwear-washing.md,- 政府広報オンライン「衣替えの季節です。あなたは正しく洗濯していますか？」   https://www.gov-online.go.jp/article/201812/entry-9307.html,- 政府広報オンライン「衣替えの季節です。あなたは正しく洗濯していますか？」（2018年12月掲載／2024年8月の改正前の内容）   https://www.gov-online.go.jp/article/201812/entry-9307.html,当該記事は2018年12月掲載で、41種類時点の内容。記事本文が2024年8月改正後の43種類を前提にしているため、改正前資料である旨を明記しないと出典と本文が対応しない。,https://www.gov-online.go.jp/article/201812/entry-9307.html; https://www.caa.go.jp/policies/policy/representation/household_goods/guide/wash_02.html,jr_004,,
028,trend,028_trend_seasonal-food.md,- **農畜産業振興機構の「ベジ探」**では、東京・名古屋・大阪・福岡の中央卸売市場の入荷量と価格の推移がグラフで見られます。,- **農畜産業振興機構の「ベジ探」**（野菜情報総合把握システム）では、東京・名古屋・大阪・福岡の中央卸売市場における**野菜**の入荷量と価格の推移がグラフで見られます（果実は対象外）。,ベジ探は「野菜情報総合把握システム」で、扱うのは野菜の市況・生産・輸出入等のデータ。直前の項目が「野菜・果物」を扱う東京都の統計であるため、果実も見られると読める現状の書き方は誤解を招く。,https://vegetan.alic.go.jp/other/about-vetain.html; https://vegetan.alic.go.jp/price-trends/changes-arrivals-prices.html,jr_004,,
030,wisdom,030_wisdom_single-purpose-kitchen-tools.md,"- **¥1.11 trillion** — the fiscal-2025 size of the 100-yen shop market (Teikoku Databank), its third straight year above ¥1 trillion. Growth came from the **¥150–¥500 tier**: functional housework items, kitchen tools, DIY goods.","- **¥1.11 trillion** — the projected fiscal-2025 size of the 100-yen shop market (Teikoku Databank, April 2026 outlook), its third straight year above ¥1 trillion. Growth came from the **¥150–¥500 tier**: functional housework items, kitchen tools, DIY goods.",帝国データバンクの当該調査は「2025年度見通し」で、約1兆1100億円は見込み値。確定値のように書かない方が正確（3年連続1兆円超、150〜500円帯が成長を牽引という点は一致）。,https://www.tdb.co.jp/report/industry/20260402-100yenshop25y/; https://prtimes.jp/main/html/rd/p/000001304.000043465.html; https://www.itmedia.co.jp/business/articles/2604/06/news024.html,jr_004,,
031,fashion,031_fashion_leather-shoe-care.md,型崩れを防ぐだけでなく、**中に溜まった湿気を取り除く役割**があります。特に木製のものが勧められています。脱いだ直後に入れるのが目安です。,型崩れを防ぐだけでなく、**中に溜まった湿気を取り除く役割**があります。特に木製のものが勧められています。入れる時機は、脱いだ直後とする案内と、湿気が強い日は少し乾かしてからとする案内があり、見解が分かれます。,脱いだ直後は靴内の湿度が高く、詰め物が汗の蒸発を妨げるため少し湿気を飛ばしてから入れる方がよい、という案内も複数ある。「脱いだ直後が目安」と断定するのは精度不足。,https://kame-maru.com/shoe-tree; https://leatherabout15.com/leave-shoe-tree/; https://shoeslife.jp/topics/shoetree01/,jr_004,,
032,health,032_health_hydration.md,## A. 最大の誤解は「飲み物で2リットル」です。厚生労働省の資料では、成人男性が1日に得る水分2.5リットルのうち、飲み水は1.2リットルです。,## A. 最大の誤解は「飲み物で2リットル」です。「健康のため水を飲もう」推進運動の資料では、成人男性が1日に得る水分2.5リットルのうち、飲み水は1.2リットルです。,リード・A見出し・本文の3か所が「厚生労働省の資料」としているが、水道行政移管（2024年4月）後の所管は国土交通省・環境省。運動名で呼ぶほうが年次に左右されない。,https://www.env.go.jp/water/water_supply/nomou/index.html; https://suido.suido-gesuido-media.jp/article/2024-04-01/21821,jr_005,,
032,health,032_health_hydration.md,「1日2リットル」という数字が世界中で独り歩きしています。厚生労働省の資料は、もっと細かい内訳を示しています。,「1日2リットル」という数字が世界中で独り歩きしています。「健康のため水を飲もう」推進運動の資料は、もっと細かい内訳を示しています。,同上。水道行政は2024年4月に厚生労働省から国土交通省・環境省へ移管されており、「厚生労働省の資料」という帰属は現在の所管と一致しない。,https://suido.suido-gesuido-media.jp/article/2024-04-01/21821; https://www.env.go.jp/water/water_supply/nomou/index.html,jr_005,,
032,health,032_health_hydration.md,- 厚生労働省『日本人の食事摂取基準』   https://www.mhlw.go.jp/stf/seisakunitsuite/bunya/kenkou_iryou/kenkou/eiyou/syokuji_kijyun.html,- 厚生労働省『日本人の食事摂取基準（2025年版）』（令和7年度〜令和11年度適用）   https://www.mhlw.go.jp/stf/seisakunitsuite/bunya/kenkou_iryou/kenkou/eiyou/syokuji_kijyun.html,食事摂取基準は5年ごとに改定され、本文が「指標は設けられていません」と断定する以上、参照した版年の明示が必要。今回は検索枠を使い切り版年を一次情報で確認できていないため、公開前に版年と水分の記載の有無を原文で確認のこと。,https://www.mhlw.go.jp/stf/seisakunitsuite/bunya/kenkou_iryou/kenkou/eiyou/syokuji_kijyun.html,jr_005,,
033,trend,033_trend_regional-cuisine.md,"郷土料理は「観光地のごちそう」として紹介されがちですが、国が1,365品目を集めたデータベースを見ると、成り立ちは逆のことが多いと分かります。","郷土料理は「観光地のごちそう」として紹介されがちですが、国が2022年3月までに1,365品目を集めたデータベースを見ると、成り立ちは逆のことが多いと分かります。","1,365品目は2022年3月29日の農林水産省報道発表（20都府県579品を追加して全47都道府県が揃った時点）の数字。データベースはその後も更新されうるため、時点を明示するのが安全。品目数・年次自体は報道発表と一致。",https://www.maff.go.jp/j/press/shokuhin/wasyoku/220329.html; https://washokujapan.jp/info/info-20220329/,jr_005,,
033,trend,033_trend_regional-cuisine.md,- 一般社団法人 和食文化国民会議   https://washokujapan.jp/,- 一般社団法人 和食文化国民会議「『うちの郷土料理』（農林水産省Webサイト）完成のお知らせ」（2022年3月29日）   https://washokujapan.jp/info/info-20220329/,団体トップページでは本文のどの記述にも対応しない。同団体が出している当該データベース完成の告知ページを示すほうが本文と対応する。,https://washokujapan.jp/info/info-20220329/,jr_005,,
035,wisdom,035_wisdom_indoor-drying.md,> **[Verify]** The 2011 finding and the five-hour figure are widely reported citing Kao's research. Confirm against Kao's published material before publication.,"> **[Verify]** The 2011 finding is Kao's joint research with Aichi Gakuin University, presented at the 2011 meeting of the Japan Society for Bioscience, Biotechnology and Agrochemistry. The five-hour figure is reported secondhand and has no located primary source. Confirm both against Kao's publishe",現行の検証注記は「花王の研究として広く報じられている」としているが、5時間の数字の出所と2011年研究の共同研究者を検証者に伝えたほうが確認作業が早い。,https://news.mynavi.jp/article/20110526-a056/; https://snkrdunk.com/articles/20683/,jr_005,,
035,wisdom,035_wisdom_indoor-drying.md,- Kao Corporation — research on the cause of indoor-drying odour (2011)   https://www.kao.com/jp/,"- Kao Corporation / Aichi Gakuin University — research on the cause of indoor-drying odour (2011); reported via Nikkei, 2011   https://www.nikkei.com/article/DGXNASGG2800A_Z10C11A6TJM000/",出典URLが花王のコーポレートトップページで、該当研究の資料を指していない。本文の根拠にあたるページを直接示す必要がある。,https://www.nikkei.com/article/DGXNASGG2800A_Z10C11A6TJM000/; https://news.e-expo.net/release/2011/05/post-170-25.html/,jr_005,,
035,wisdom,035_wisdom_indoor-drying.md,- Consumer Affairs Agency — household product labelling   https://www.caa.go.jp/policies/policy/representation/household_goods/,,この出典に対応する記述が本文に一つもない（洗濯表示・家庭用品品質表示に触れていない）。厚生労働省の「室内環境と健康」も同様に本文の主張と結びついていないため、対応する記述を足すか、出典から外す。,https://www.caa.go.jp/policies/policy/representation/household_goods/guide/wash_02.html,jr_005,,
036,fashion,036_fashion_care-labels.md,基本の記号は**5つ**——洗濯（桶）、漂白（三角）、乾燥（四角）、アイロン、クリーニング（円）。これに付加記号を組み合わせます。,基本の記号は**5つ**——洗濯（桶）、漂白（三角）、乾燥（四角）、アイロン、クリーニング（円）。これに付加記号を組み合わせます。2024年の改正では、手洗い30℃の記号とスチームなしアイロンの記号が加わり、アイロンの上限温度表記も110/150/200℃から120/160/210℃に変わりました。**旧記号の経過措置は2025年8月19日で終了しています。**,JIS L 0001:2024（2024年8月20日公示）は記号2種の追加で43種類とし、アイロンの上限温度を120/160/210℃に変更。旧記号の経過措置は2025年8月19日終了。記事は種類数だけを示し、実務上重要な改正内容と経過措置終了に触れていない。,https://www.meti.go.jp/press/2024/08/20240820001/20240820001-3r.pdf; https://www.kaken.or.jp/carelabel2024; https://webdesk.jsa.or.jp/common/W10K0620?id=1297,jr_005,,
036,fashion,036_fashion_care-labels.md,## 誤解2｜桶の中の数字は温度ではない,## 誤解2｜桶の中の数字は洗濯コースの番号,他の見出しは誤解の内容をそのまま述べる形式だが、この見出しだけ否定形のため、直後の本文（数字は上限温度）と読み手には矛盾して見える。内部の整合性の問題。,https://www.caa.go.jp/policies/policy/representation/household_goods/guide/wash_01.html,jr_005,,
037,health,037_health_desk-posture.md,- 厚生労働省 同ガイドライン リーフレット   https://www.mhlw.go.jp/content/000580827.pdf,- 厚生労働省 同ガイドライン リーフレット（令和元年公表版。令和3年12月の一部改正内容は未反映の可能性があるため、本文PDFと併せて確認）   https://www.mhlw.go.jp/content/000580827.pdf,000580827.pdf は令和元年7月の策定時に公表されたリーフレットで、令和3年改正（照度等）の反映状況が確認できない。,https://www.mhlw.go.jp/content/000580827.pdf; https://www.hyogos.johas.go.jp/news/20211215-3/,jr_005,,
037,health,037_health_desk-posture.md,## A. 最大の誤解は「正しい姿勢を保ち続ければよい」です。国のガイドラインは「1時間を超えて続けない」「10〜15分休む」と、時間で区切っています。,## A. 最大の誤解は「正しい姿勢を保ち続ければよい」です。国のガイドラインは、一連続作業時間が「1時間を超えないように」し、次の作業までに「10〜15分」の休止を設けるよう指導する、と時間で区切っています。,ガイドライン本文は「一連続作業時間が1時間を超えないようにし…10分～15分の作業休止時間を設け…るよう指導すること」という事業者への指導事項であり、一律の禁止規定ではない。断定的な要約は読者に義務規定と誤解させうる。,https://www.mhlw.go.jp/content/000539603.pdf; https://www.rodo.co.jp/faq/76700/,jr_005,,
038,trend,038_trend_brewing-coffee.md,- 内閣府 食品安全委員会「食品中のカフェイン」ファクトシート   https://www.fsc.go.jp/factsheets/index.data/factsheets_caffeine.pdf,- 内閣府 食品安全委員会「食品中のカフェイン」ファクトシート（作成：平成23年3月31日／最終更新：平成30年2月23日）   https://www.fsc.go.jp/factsheets/index.data/factsheets_caffeine.pdf,URLは有効で、当該PDFの表紙に「作成日：平成23年3月31日」「最終更新日：平成30年2月23日」と記載。版年を明記しないと古い資料かどうか読者が判断できない。なお本文にカフェインの記述はなく、この出典は末尾の注意書きにのみ対応している。,https://www.fsc.go.jp/factsheets/index.data/factsheets_caffeine.pdf,jr_006,,
038,trend,038_trend_brewing-coffee.md,| 粉に挽いて保存 | **約2週間** |,| 粉に挽いて保存 | **約1〜2週間**（メーカーにより「7〜10日」とする案内もあります） |,UCCは開封後の目安を「粉なら7〜10日程度、豆なら30日程度」と案内しており、「約2週間」は各社案内の幅の上限寄り。豆の約1か月は各社の案内とおおむね一致する。,https://mystyle.ucc.co.jp/magazine/a_3002/; https://www.keycoffee.co.jp/experience/knowledge/detail/coffee-storage-period/,jr_006,,
040,wisdom,040_wisdom_the-rainy-season.md,"- Ministry of Agriculture, Forestry and Fisheries — rice cultivation   https://www.maff.go.jp/j/seisan/kikaku/","- Ministry of Agriculture, Forestry and Fisheries — rice cultivation (replace with the specific MAFF page before publication)",同じURLが043_trend_storing-rice.mdでは「米に関する情報」の出典として使われている汎用パスで、稲作と梅雨の関係を示す資料ページではない。,https://www.maff.go.jp/j/heya/kodomo_sodan/0006/01.html,jr_006,,
041,fashion,041_fashion_indoor-drying.md,2011年、花王の調査により、部屋干し臭の原因が**モラクセラ菌の代謝物**であることが特定されました。,2011年、花王と愛知学院大学（河村好章教授）の共同研究により、部屋干し臭の原因が**モラクセラ菌の代謝物**であることが特定されました（日本農芸化学会2011年度大会で発表）。,この研究は花王単独ではなく愛知学院大学との共同研究で、日本農芸化学会2011年度大会（2011年3月）で発表されたもの。,https://www.nikkei.com/article/DGKDASGG2800A_Z10C11A6TJM000/; https://news.e-expo.net/release/2011/05/post-170-25.html/,jr_006,,
041,fashion,041_fashion_indoor-drying.md,衣類が湿ったままだと**約5時間で増殖が始まる**とされています。,衣類が湿ったままだと**約5時間で増殖が進む**とされています（この「5時間」は生活情報で広く使われている目安で、上記の2011年の研究で示された数値ではありません）。,「5時間」は複数の生活情報メディアが用いる目安。花王・愛知学院大学の2011年発表には含まれておらず、前段の研究の結論と読み違えられる並びになっている。,https://at-living.press/life/29349/; https://www.kao.com/jp/qa/detail/15871/,jr_006,,
041,fashion,041_fashion_indoor-drying.md,- 花王株式会社（部屋干し臭の原因に関する研究、2011年）   https://www.kao.com/jp/,- 花王株式会社・愛知学院大学（部屋干し臭の原因菌に関する研究、日本農芸化学会2011年度大会 2011年発表）   https://www.kao.com/jp/qa/detail/15871/,現行URLは花王のコーポレートトップで、参照している研究の資料ページではない。花王公式では製品Q&Aのニオイ対策ページが対応する公開情報。,https://www.kao.com/jp/qa/detail/15871/; https://www.nikkei.com/article/DGKDASGG2800A_Z10C11A6TJM000/,jr_006,,
043,trend,043_trend_storing-rice.md,- 農林水産省 米に関する情報   https://www.maff.go.jp/j/seisan/kikaku/,- 農林水産省 米に関する情報（米の生産・消費に関する統計・資料ページ。公開前に該当ページの正確なURLに差し替えてください）,https://www.maff.go.jp/j/seisan/kikaku/ は「米に関する情報」の固有ページではない汎用パスで、040_wisdom_the-rainy-season.md では同じURLが「稲作」の出典として使われている。同一URLが別テーマの出典として重複しており、本文と対応していない可能性が高い。,https://www.maff.go.jp/j/heya/kodomo_sodan/0006/01.html,jr_006,,
046,beauty,046_beauty_toner.md,量を増やしても、蒸発する量は変わりません。**回数より、その後の工程です。**,量を増やしても、蒸発する量は変わりません。**量より、その後の工程です。**,見出しは「たっぷり使うほどよい」＝使用量の話だが、結論の太字は「回数」になっており記事内で対象がずれている（内部の不整合）。,,jr_007,,
046,beauty,046_beauty_toner.md,直後の感触は、角層が一時的に水分を含んだ状態です。**感触＝結果ではありません。** 化粧品として表示できる効能は、厚生労働省の通知で56項目に限定されています。,直後の感触は、角層が一時的に水分を含んだ状態です。**感触＝結果ではありません。** 化粧品として表示できる効能は、厚生労働省の通知で56項目に限定されており、56番目の「乾燥による小ジワを目立たなくする」は効能評価試験を行った場合にのみ表示できます。,薬食発0721第1号（平成23年7月21日）で56項目目「乾燥による小ジワを目立たなくする。」が追加されたが、この項目は効能評価試験済みであることが表示の条件とされている。56項目という数自体は正しい。,https://www.mhlw.go.jp/file/06-Seisakujouhou-11120000-Iyakushokuhinkyoku/kesyouhin_hanni_20111.pdf; https://www.mhlw.go.jp/web/t_doc?dataId=00tb7518&dataType=1&pageNo=,jr_007,,
047,health,047_health_bath-vs-shower.md,> 【要検証】数値は消費者庁の注意喚起に基づきます。**公開前に原文と最新年のデータを確認してください。**,> 【要検証】数値は消費者庁の注意喚起および厚生労働省「人口動態統計」に基づきます。**公開前に原文と最新年（令和6年確定数）のデータを確認してください。**,浴槽での溺死・溺水の実数は消費者庁ではなく厚生労働省「人口動態統計」が一次出典。令和6年確定数も公表済み。,https://www.e-stat.go.jp/dbview?sid=0003411652,jr_007,,
048,trend,048_trend_storing-bread.md,一方、**冷凍**では老化しやすい温度帯を素早く通過して止まるため、正しく冷凍すれば**焼きたてに近い状態を約1か月保てる**とされています。,一方、**冷凍**では老化しやすい温度帯を素早く通過して止まるため、正しく冷凍すれば**焼きたてに近い状態を2週間〜1か月ほど保てる**とされています。,家庭の冷凍庫での目安は資料により2週間〜1か月と幅があり、製パン各社（敷島製パン等）は開け閉めの多い家庭用冷凍庫では2週間以内を推奨している。「約1か月」と一律に書くと断定が強すぎる。,https://faq.pasconet.co.jp/faq/show/76; https://www.nihon-kashi.ac.jp/campuslife/blog/13859/,jr_007,,
048,trend,048_trend_storing-bread.md,この老化が**最も進みやすい温度帯が0〜5℃付近**（資料によっては2〜4℃）とされています。**冷蔵室（約2〜5℃）は、パンにとって最悪の温度帯**です。,この老化が**最も進みやすい温度帯が0〜5℃付近**（資料によっては0〜4℃）で、水分含量が30〜60%のときに最も速く進むとされています。**冷蔵室（約2〜5℃）は、パンにとって不向きな温度帯**です。,でん粉の老化は水分含量30〜60%・0〜4℃付近で最も速く進行するとされ、下限は0℃付近。「2〜4℃」という記載は一般的な資料の記述（0〜4℃）とずれている。,https://www.flour.co.jp/news/article/273/; https://www.alic.go.jp/joho-s/joho07_003263.html,jr_007,,
051,beauty,051_beauty_sunscreen.md,- 気象庁 紫外線情報   https://www.data.jma.go.jp/gmd/env/uvhp/,- 気象庁「紫外線（UVインデックス）情報」   https://www.data.jma.go.jp/env/uvindex/,気象庁サイト再編で /gmd/ プレフィックスは廃止。現行の紫外線情報トップは data.jma.go.jp/env/uvindex/（解説・過去データは /env/uvhp/info_uv.html）。,https://www.data.jma.go.jp/env/uvindex/; https://www.data.jma.go.jp/env/uvhp/info_uv.html,jr_008,,
051,beauty,051_beauty_sunscreen.md,- 日本化粧品工業会（紫外線防止用化粧品の測定基準・表示に関する情報）   https://www.jcia.org/,- 日本化粧品工業会「SPF測定法基準」／「紫外線防止」   https://www.jcia.org/user/business/guideline/spf,本文の2mg/cm²・PA表示の根拠は同会サイトのトップではなく「SPF測定法基準」「紫外線防止」ページ。読者・校閲者が該当記述に到達できるよう直接ページを指すべき。団体名（2024年に日本化粧品工業連合会から改称）は現行名で正しい。,https://www.jcia.org/user/business/guideline/spf; https://www.jcia.org/user/business/guideline/uvprotection,jr_008,,
051,beauty,051_beauty_sunscreen.md,- SPF・PAの値は、国際的に定められた試験法に基づき、**皮膚1cm²あたり2mg（または2μL）**を塗って測定されます。,- SPF・PAの値は、国際規格（SPFは**ISO 24444**、UVA防御のPAは**ISO 24442**）に基づき、**皮膚1cm²あたり2mg（または2μL）**を塗って測定されます。,2mg/cm²の塗布量はISO 24444（SPF）およびISO 24442（UVA/PFA）の試験条件。日本化粧品工業会はこれらを自主基準として採用しており、規格名を明示できる。,https://www.jcia.org/user/business/guideline/spf; https://webdesk.jsa.or.jp/books/W11M0090/index/?bunsyo_id=ISO+24444:2019/Amd+1:2022,jr_008,,
053,trend,053_trend_storing-vegetables.md,| **さつまいも** | **10℃以下**で | 内部の細胞が壊れ、腐敗や内部の褐変 |,| **さつまいも** | **9〜10℃以下**で（適温13〜14℃） | 内部の細胞が壊れ、腐敗や内部の褐変 |,さつまいもの貯蔵適温は13〜14℃で、9℃以下に長く置くと腐敗しやすいとされる。「10℃以下」は目安として大きくは外れないが、適温を併記しないと冷暗所＝適切という誤読を招く。,https://yasai-tuuhan.com/yasai-knowledge/chilling-injury-of-vegetables.html; https://www.maff.go.jp/j/heya/sodan/2301/03.html; https://satsumaimo-miyagi.com/sweet-potato-storage/,jr_008,,
053,trend,053_trend_storing-vegetables.md,| **きゅうり** | **5℃以下**で | 表面のくぼみ（ピッティング）。適温は10〜15℃ |,| **きゅうり** | **5℃以下**で | 表面のくぼみ（ピッティング）。適温は10〜13℃ |,きゅうりの貯蔵適温は一般に10〜13℃とされる。15℃は上限としては高め。,https://yorimichi-azumino.com/cucumber-storage/; https://yasai-tuuhan.com/yasai-knowledge/chilling-injury-of-vegetables.html,jr_008,,
055,wisdom,055_wisdom_dashi.md,- Japan Umami Seasoning Association — experiencing umami through dashi   https://www.umamikyo.gr.jp/knowledge/katsuyou/experience_02.html,- Japan Umami Manufacturers Association (日本うま味調味料協会) — experiencing umami through dashi   https://www.umamikyo.gr.jp/knowledge/katsuyou.html,"umamikyo.gr.jp は日本うま味調味料協会（1948年設立）。英語表記は Japan Umami Manufacturers Association が通用しており、""Japan Umami Seasoning Association"" は同会の名称として確認できない。深い階層URL（katsuyou/experience_02.html）も確認できず、確認できるのは /knowledge/katsuyou.html。",https://www.umamikyo.gr.jp/society/; https://www.umamikyo.gr.jp/knowledge/katsuyou.html,jr_008,,
055,wisdom,055_wisdom_dashi.md,"Combined, the perceived umami is not additive — it is reported as **about 7–8 times** the strength of either alone.","Combined, the perceived umami is not additive — at roughly a **1:1** ratio of the two it is reported as **about 7–8 times** the strength of either alone.",7〜8倍はグルタミン酸とイノシン酸をおよそ1:1で合わせたときの最大値として報告されている。比率の条件を省くと、どんな配合でも7〜8倍になるように読める。,https://www.umamiinfo.com/what/whatisumami/; https://www.nature.com/articles/s41598-020-77107-w,jr_008,,
056,beauty,056_beauty_how-often-to-wash-face.md,日本皮膚科学会のニキビ治療ガイドラインでは、**1日2回、石けん・洗顔料の泡を用いた洗顔**が推奨されています。,日本皮膚科学会『尋常性痤瘡・酒皶治療ガイドライン2023』では、**1日2回、石けん・洗顔料の泡を用いた洗顔**が推奨されています（推奨度C1）。,現行版は2023年版（前版は2017年）。1日2回の洗顔は推奨度C1で示されており、版年と推奨度を明示したほうが読者が原文に当たれる。1日2回推奨・洗いすぎ回避という本文の内容自体は2023年版と整合する。,https://minds.jcqhc.or.jp/summary/c00827/; https://www.maruho.co.jp/medical/articles/acne/treatment/index.html; https://www.dermatol.or.jp/dermatol/wp-content/uploads/xoops/files/guideline/zasou2023.pdf,jr_008,,
057,health,057_health_caffeine.md,| 妊娠中 | **1日200mg**以下 |,| 妊娠中・授乳中 | **1日200mg**以下 |,EFSAの評価は妊婦だけでなく授乳婦も対象で、習慣的摂取1日200mgまでなら胎児・乳児への健康リスクは増加しないとしている。記事末尾の注記も授乳中に言及しており、表と整合させるべき。,https://www.fsc.go.jp/factsheets/index.data/factsheets_caffeine.pdf; https://www.efsa.europa.eu/sites/default/files/corporate_publications/files/efsaexplainscaffeine150527.pdf,jr_009,,
057,health,057_health_caffeine.md,茶類、エナジードリンク、一部の医薬品にも含まれます。**玉露はコーヒーより多く含む**とされています。,茶類、エナジードリンク、一部の医薬品にも含まれます。**玉露は100mLあたりの含有量がコーヒーより多い**とされています（玉露約160mg／100mL、コーヒー約60mg／100mL）。,食品安全委員会ファクトシートの飲料別含有量は100mLあたりの値で、玉露160mg、コーヒー（浸出液）60mg。一杯あたりの量は容量が異なるため、比較の単位を明示しないと誤読につながる。,https://www.fsc.go.jp/factsheets/index.data/factsheets_caffeine.pdf; https://www.mhlw.go.jp/stf/seisakunitsuite/bunya/0000170477.html,jr_009,,
058,trend,058_trend_storing-eggs.md,- 一般社団法人 日本養鶏協会「鶏卵日付表示等改訂委員会」資料（平成22年3月）,- 社団法人 日本養鶏協会「鶏卵日付表示等改訂委員会」資料（平成22年3月18日）,当該資料の日付は平成22年3月18日で、当時の表記は「（社）日本養鶏協会」。またPDFは日本養鶏協会のサイトではなく jz-tamago.co.jp（日本卵業協会系ドメイン）に置かれているため、団体名とURLの対応を公開前に確認する必要がある。,https://www.jz-tamago.co.jp/wp/wp-content/uploads/2020/03/E05_3_m_1.pdf,jr_009,,
058,trend,058_trend_storing-eggs.md,殻の表面を洗うと、保護している膜が失われることがあります。**洗わずに保存してください。**,殻の表面を洗うと、保護している膜（クチクラ層）が失われることがあります。国内で流通する多くの卵はGPセンターで洗浄・殺菌済みですが、**家庭で洗い直さず、そのまま冷蔵保存してください。**,日本で市販される鶏卵の多くはGPセンターで洗卵・殺菌されており、クチクラ層はすでに大部分が失われている。家庭での再洗浄は濡れた殻から菌が侵入するおそれがある点が主な理由で、記事の説明は前提が省略されている。,https://www.pref.aichi.jp/soshiki/eisei/0000008894.html; https://www.fsc.go.jp/e-mailmagazine/mailmagazine_h2902_r2.html,jr_009,,
061,beauty,061_beauty_pore-care.md,- 独立行政法人 国民生活センター   https://www.kokusen.go.jp/,- 独立行政法人 国民生活センター「飲料のカフェイン含有量に関する調査」等、化粧品・美容機器の相談事例   https://www.kokusen.go.jp/,本文中に国民生活センターに由来する記述がなく、トップページURLのみが挙がっているため、出典と本文が対応していない。参照した具体的な公表資料を特定するか、出典から外すのが妥当。,https://www.kokusen.go.jp/,jr_009,,
063,trend,063_trend_freezing-tips.md,業務用の急速冷凍は、この温度帯を**30分以内**で通過させることを指します。**家庭用冷凍庫は「緩慢凍結」**で、空気による冷却のため時間がかかり、大きな結晶ができやすくなります。,急速凍結とは、食品の**中心温度**がこの温度帯を**30分以内**に通過することを指します。**家庭用冷凍庫の多くは「緩慢凍結」**になりやすく、空気による冷却のため時間がかかり、大きな結晶ができやすくなります。,業界解説では「食品の中心温度が最大氷結晶生成帯（−1℃〜−5℃）を30分以内に通過する凍結」を急速凍結と定義しており、基準は中心温度。また定義自体は業務用に限らない。家庭用冷凍庫にも急速冷凍機能を備えた機種があるため断定を避けるのが安全。,https://www.orikane.co.jp/orikanelab/16878/; https://frozen-lab.eda-mame.jp/basics/difference-quick-slow-freezing,jr_010,,
065,wisdom,065_wisdom_mould-prevention.md,"- National Consumer Affairs Center, ""Using chlorine-based household cleaners — Do not mix"" (18 March 2026)","- National Consumer Affairs Center, ""Using household chlorine-based cleaners — Do not mix! Accidents are occurring in bathrooms and elsewhere"" (18 March 2026)",原題は「住宅用塩素系洗浄剤の使い方－まぜるな危険！浴室などで事故が発生しています－」。訳題が原題の後半（浴室での事故）を落としている。,https://www.kokusen.go.jp/news/data/n-20260318_1.html,jr_010,,
066,beauty,066_beauty_skin-type.md,**定義がないものに、半数以上が該当している。** この状態が「肌質」という言葉の実態です。,**診断基準がないものを、半数以上が自分に当てはまると感じている。** この状態が「肌質」という言葉の実態です。,数値は自己申告（自分でそう感じているか）であり、基準に「該当している」わけではない。上の修正（診断基準がない）とも表現を揃える必要がある。,https://be-story.jp/prtimes/153791/,jr_010,,
067,health,067_health_eye-strain.md,- 厚生労働省『情報機器作業における労働衛生管理のためのガイドライン』本文と解説   https://www.mhlw.go.jp/content/000539603.pdf,- 厚生労働省『情報機器作業における労働衛生管理のためのガイドライン』本文と解説（令和元年7月12日 基発0712第3号）   https://www.mhlw.go.jp/content/000539603.pdf - 厚生労働省「『情報機器作業における労働衛生管理のためのガイドラインについて』の一部改正について」（令和3年12月1日 基発1201第7号）   https://www.jaish.gr.jp/anzen/hor/hombun/hor1-62/hor1-62-33-1-0.htm,000539603.pdf は令和元年策定時の本文＋解説PDFで、令和3年12月1日の一部改正が反映されているか確認が必要。改正通達を出典に併記するのが安全。,https://www.mhlw.go.jp/content/000539603.pdf; https://www.jaish.gr.jp/anzen/hor/hombun/hor1-62/hor1-62-33-1-0.htm,jr_010,,
070,wisdom,070_wisdom_cleaning-order.md,"Chlorine-based household cleaners that can release **1.0 ppm or more of chlorine gas** must, by law, carry the words **まぜるな危険** — ""Do not mix — danger.""","Household cleaners, detergents and bleaches — **chlorine-type and acid-type alike** — that produce **1.0 ppm or more of chlorine gas** in the prescribed test must, by law, carry the words **まぜるな危険** — ""Do not mix — danger"" — alongside **「塩素系」 or 「酸性タイプ」**.","Under the Household Goods Quality Labelling Act (雑貨工業品品質表示規程) the 1.0 ppm chlorine-gas-generation test triggers the まぜるな危険 warning for both chlorine-type and acid-type products, across household/furniture cleaners, synthetic detergents and bleaches. Saying only 'chlorine-based' may lead a reader to ",https://www.caa.go.jp/policies/policy/representation/household_goods/guide/zakka/zakka_06.html; https://www.caa.go.jp/policies/policy/representation/household_goods/guide/zakka/zakka_31.html; https://www.shouhiseikatu.metro.tokyo.lg.jp/torihiki/hyoji/documents/kahyohandbook3003.pdf,jr_011,,
071,beauty,071_beauty_dry-skin.md,- 厚生労働省「化粧品の効能の範囲の改正について」（薬食発0721第1号）,- 厚生労働省「化粧品の効能の範囲の改正について」（平成23年7月21日付 薬食発0721第1号）,通知番号「0721」は発令日を含む形式であり、根拠を追えるように発出年月日（平成23年7月21日）を併記すべきです。リンク先PDF名の「20111」も2011年を示します。,https://www.mhlw.go.jp/file/06-Seisakujouhou-11120000-Iyakushokuhinkyoku/kesyouhin_hanni_20111.pdf,jr_011,,
072,health,072_health_feeling-cold.md,一般人を対象とした調査では、**男性26.6%、女性55.1%**が冷えを自覚したという報告があります。,一般人を対象とした小規模な調査（男性64名・女性89名）では、**男性26.6%、女性55.1%**が冷えを自覚したという報告があります。,この26.6%、55.1%という値は男性64名・女性89名（計153名）という小標本の報告に由来します。標本規模を伴わないと、全国代表性のある数値と誤読されます。,https://ja.wikipedia.org/wiki/%E5%86%B7%E3%81%88%E6%80%A7,jr_011,,
072,health,072_health_feeling-cold.md,男性でも4人に1人以上が自覚しています。,上記の調査では、男性でも4人に1人以上が自覚しています。,26.6%は男性64名の小標本調査の値です。出所を示さずに断定形で書くと、確立した全国統計のように読まれます。,https://ja.wikipedia.org/wiki/%E5%86%B7%E3%81%88%E6%80%A7,jr_011,,
076,beauty,076_beauty_sensitive-skin.md,- 自分を敏感肌と感じる女性は**53.4%**（民間調査）、約6割、20代では約7割という報告もあります。,- 自分を敏感肌と感じる女性の割合は、調査によって**約5割から約7割**まで幅があります（いずれも民間調査。調査主体・調査年・対象年代が異なるため、単純には比較できません）。,53.4%・約6割・20代で約7割という3つの数値が、調査主体も調査年も示されないまま並記されている。導入の「女性の半数以上」とも幅が食い違う。出所の異なる数値を並べる場合は、比較できないことを明示するか、1つの調査に絞るべき。,,jr_012,,
076,beauty,076_beauty_sensitive-skin.md,- 2005年の医師アンケートでは、**39.4%の医師が「敏感肌というのは思い込み」と回答**したとされます。,- 2005年に実施されたとされる医師アンケートでは、**約4割の医師が「敏感肌というのは思い込み」と回答**したと紹介されています（調査主体・対象人数は未特定。21年前の調査である点にご留意ください）。,2005年の調査は本日（2026年9月12日）時点で21年前。調査主体・標本数・調査方法がいずれも本文に示されておらず、39.4%という小数第1位までの数値を断定的に提示するには裏付けが不足している。,,jr_012,,
078,trend,078_trend_best-before.md,**同時に、安全側に余裕を見込んだ数字でもあります。** これが「賞味期限を過ぎた瞬間にアウトではない」理由です。,**同時に、安全側に余裕を見込んだ数字でもあります。** これが「賞味期限を過ぎた瞬間にアウトではない」理由です。ただし令和7年3月改正のガイドラインでは、従来広く使われてきた安全係数「0.8以上」という目安が削除され、安全係数は1に、差し引く日数は0に近づけることが望ましいとされました。**今後は余裕の幅が縮む方向にあります。**,令和7年3月改正『食品期限表示の設定のためのガイドライン』で、旧ガイドライン（平成17年2月）の安全係数0.8以上という目安が削除され、1に近づけることが望ましいとされた。「余裕を見込んだ数字」という説明を無条件に置くと、改正後の方向性と食い違う。,https://www.caa.go.jp/policies/policy/food_labeling/food_labeling_act/assets/food_labeling_cms201_250328_1029.pdf; https://www.caa.go.jp/policies/policy/food_labeling/food_sanitation/expiration_date/assets/food_labeling_cms201_250328_01.pdf,jr_012,,
080,wisdom,080_wisdom_earthquake-preparation.md,"**The gap is clear: people stock water, but two-thirds have not secured the furniture that injures them before they reach it.**","**The gap is clear: people stock water, but close to two-thirds have not secured the furniture that injures them before they reach it.**","At 37.6% secured, 62.4% have not — under two-thirds. Even at the older 35.9% figure it was 64.1%. ""Two-thirds"" overstates it; ""close to two-thirds"" is accurate for both figures.",https://survey.gov-online.go.jp/public_safety/202510/r07/r07-bousai/,jr_012,,
080,wisdom,080_wisdom_earthquake-preparation.md,"- Cabinet Office, ""Public opinion survey on disaster prevention"" (September 2022)   https://survey.gov-online.go.jp/r04/r04-bousai/","- Cabinet Office, ""Public opinion survey on disaster prevention"" (August 2025)   https://survey.gov-online.go.jp/public_safety/202510/r07/r07-bousai/","If the 35.9% figure is replaced with the August 2025 figure, no claim in the article rests on the 2022 survey any more, and the duplicate 2025 entry below should be merged into one. Both URLs were confirmed to exist and to carry the titles given.",https://survey.gov-online.go.jp/public_safety/202510/r07/r07-bousai/; https://survey.gov-online.go.jp/r04/r04-bousai/,jr_012,,
081,beauty,081_beauty_morning-skincare-order.md,**製品ごとの使用方法が優先します。** 設計上この順に当てはまらない製品もあります。厚生労働省の通知により化粧品の効能表示は56項目に限定されており、「順番で効果が変わる」という主張はその範囲外です。,**製品ごとの使用方法が優先します。** 設計上この順に当てはまらない製品もあります。なお、化粧品が広告・表示でうたえる効能の範囲は厚生労働省の通知で定められた56項目に限られており、「この順番なら効果が上がる」といった表示はその範囲に含まれません。,「その範囲外です」は、順番で効果が変わらないことの論拠のように読めるが、効能の範囲（薬食発0721第1号）は表示・広告でうたえる範囲を定めたものであって、事実としての効果の有無を判定するものではない。表示規制の話であることを明示したほうが正確。,https://www.mhlw.go.jp/file/06-Seisakujouhou-11120000-Iyakushokuhinkyoku/kesyouhin_hanni_20111.pdf,jr_012,,
085,wisdom,085_wisdom_the-genkan.md,The 2023 Housing and Land Survey puts the **average dwelling at 90.86 m² with 4.26 rooms.**,The 2023 Housing and Land Survey puts the **average home built solely for living in at 90.86 m² with 4.26 rooms.**,90.86㎡・4.26室は「専用住宅」1住宅当たりの数値（令和5年住宅・土地統計調査 確報集計、2024年9月25日公表）。全住宅の平均ではない点を明示したほうが正確。,https://www.stat.go.jp/data/jyutaku/2023/pdf/kihon_gaiyou.pdf; https://www.soumu.go.jp/menu_news/s-news/01toukei03_01000121.html,jr_013,,
085,wisdom,085_wisdom_the-genkan.md,- Agency for Cultural Affairs — living culture   https://www.bunka.go.jp/,,文化庁トップページは本文のどの記述も裏づけない。参照した個別ページのURLに差し替えるか、この1項目を削除してください。,https://www.bunka.go.jp/,jr_013,,
086,beauty,086_beauty_night-skincare-order.md,日本皮膚科学会のガイドラインでは**1日2回**の洗顔が目安。**1日4回は洗いすぎ**,日本皮膚科学会『尋常性痤瘡・酒皶治療ガイドライン2023』は、痤瘡（ニキビ）の生活指導として**1日2回**の洗顔を挙げています。**回数を増やしても利点は示されていません**,「1日2回」は痤瘡（ニキビ）診療の生活指導としての記載で、全般的なスキンケアの基準として書かれたものではない。回数の文脈と出典の版年を明示したほうが正確。,https://www.dermatol.or.jp/dermatol/wp-content/uploads/xoops/files/guideline/zasou2023.pdf; https://www.maruho.co.jp/medical/articles/acne/treatment/index.html,jr_013,,
086,beauty,086_beauty_night-skincare-order.md,化粧品の効能表示は法令で56項目に限定されており,化粧品の効能効果の表示は薬機法に基づく厚生労働省通知（薬食発0721第1号・平成23年7月21日）で56項目に限定されており,56項目は法律・政令・省令そのものではなく、薬機法の運用として示された厚生労働省医薬食品局長通知（薬食発0721第1号、平成23年7月21日）による範囲。項目数56は正しい。,https://www.mhlw.go.jp/file/06-Seisakujouhou-11120000-Iyakushokuhinkyoku/kesyouhin_hanni_20111.pdf; https://www.mhlw.go.jp/web/t_doc?dataId=00tb7518&dataType=1&pageNo=,jr_013,,
087,health,087_health_summer-fatigue.md,| **IV度（最重症）** | 深部体温40.0℃以上かつ意識レベル低下 | 集中治療 |,| **IV度（最重症）** | 深部体温40.0℃以上かつGCS8点以下（深い意識障害） | 集中治療 |,『熱中症診療ガイドライン2024』のIV度は「深部体温40.0℃以上かつGCS≦8」。現場用の簡易基準としてqIV度（表面体温40.0℃以上もしくは明らかな熱感、かつGCS≦8もしくはJCS≧100）も併記されている。「意識レベル低下」では基準が緩すぎる。,https://www.jaam.jp/info/2024/files/20240725_2024.pdf; https://www.carenet.com/news/general/carenet/59020,jr_013,,
090,wisdom,090_wisdom_tatami.md,| **Chūkyōma** | 910 × 1820 mm | 1.656 m² | Nagoya region |,"| **Chūkyōma** | 910 × 1820 mm | 1.656 m² | Nagoya and much of central Japan; also parts of Tōhoku, Hokuriku and the far south |",中京間（三六間）は名古屋周辺だけでなく、東北・北陸の一部や奄美・沖縄などでも用いられるとされる。「Nagoya region」だけでは狭い。,https://tatamizuki.com/article/tatami-size-standards/; https://www.daiken.jp/buildingmaterials/tatami/columnipe/002/,jr_014,,
090,wisdom,090_wisdom_tatami.md,"Room sizes are still commonly quoted in mats. **The same ""six-mat room"" can differ by up to 26% in floor area depending on the region** — which is why square-metre figures are recommended alongside.","Room sizes are still commonly quoted in mats. **A Kyōma ""six-mat room"" is about 26% larger in floor area than a Danchima one** — which is why square-metre figures are recommended alongside.",1.824 / 1.445 = 1.262（京間は団地間より約26%大きい）。逆向きに見れば団地間は京間より約21%小さい。「differ by up to 26%」は基準がどちらか曖昧なので、基準を明示するほうが正確。,https://tatamizuki.com/article/tatami-size-2/; https://hayamihyou.net/tatami/,jr_014,,
092,health,092_health_choosing-supplements.md,サプリメントは世界中で広く使われていますが、日本では2024年に制度が大きく変わりました。その理由を知ることが、選び方の出発点です。,サプリメントは世界中で広く使われていますが、日本では2024年に制度が大きく変わり、2026年9月に完全施行されました。その理由を知ることが、選び方の出発点です。,2024年改正のうちGMP義務化は2026年9月1日完全施行。今日（2026年9月）時点では「2024年に変わった」だけでは現状を示せない。,https://www.link-j.org/member_event/article-53026.html,jr_014,,
092,health,092_health_choosing-supplements.md,- 消費者庁 食品表示課「機能性表示食品の今後について」（2024年8月・9月）   https://www.caa.go.jp/notice/assets/food_labeling_cms201_240823_01.pdf,- 消費者庁 食品表示課「機能性表示食品の今後について」（2024年9月）   https://www.caa.go.jp/policies/policy/food_labeling/foods_with_function_claims/movie_004/assets/food_labeling_cms206_20250106_04.pdf,検索で確認できる同名資料（消費者庁食品表示課 2024年9月）のURLは foods_with_function_claims/movie_004/ 配下。記事記載の /notice/assets/food_labeling_cms201_240823_01.pdf は検索結果で確認できない。,https://www.caa.go.jp/policies/policy/food_labeling/foods_with_function_claims/movie_004/assets/food_labeling_cms206_20250106_04.pdf,jr_014,,
093,trend,093_trend_prep-order.md,段取りの話に見えますが、衛生の話でもあります。順番そのものが、厚生労働省の予防ポイントに書かれています。,段取りの話に見えますが、衛生の話でもあります。順番の考え方は、厚生労働省の予防ポイントの「下準備」に沿ったものです。,厚労省「家庭でできる食中毒予防の6つのポイント」の下準備の項は、生肉・魚を切った包丁やまな板で生食する野菜・果物を切らない、使ったらすぐ洗って熱湯をかける、できれば器具を分ける、と示している。記事のような1〜5の手順の並びそのものは記載されていない。,https://www.mhlw.go.jp/topics/bukyoku/iyaku/syoku-anzen/dl/pamph01_05.pdf; https://www.gov-online.go.jp/article/20110602/entry-8196.html,jr_014,,
093,trend,093_trend_prep-order.md,## A. 基本は「生で食べるものを先に、生の肉や魚を後に」。これは効率ではなく、「つけない」ための順番です。,## A. 基本は「生で食べるものを先に、生の肉や魚を後に」。これは効率ではなく、交差汚染を「つけない」ための考え方です。器具を分けられるなら、そのほうが確実とされています。,厚労省・日本食品衛生協会の6つのポイントは、順番よりまず「肉・魚用と野菜用で包丁・まな板を分ける」ことを推奨している。順番はそれができない場合の次善策。,https://www.n-shokuei.jp/eisei/sfs_6point.html; https://www.gov-online.go.jp/article/20110602/entry-8196.html,jr_014,,
095,wisdom,095_wisdom_futon-airing.md,**Airing lowers humidity below the level mites like. It does not cook them.** A futon dryer that reaches 50°C+ does the latter.,**Airing lowers humidity below the level mites like. It does not cook them.** A futon dryer that holds the whole futon at 50°C or more for long enough does the latter.,引用元（ウェザーニュース／日本橋西川）は、50℃台では20〜30分以上の持続、60℃以上なら短時間としている。「到達する」だけでは不十分で、布団全体で温度を保持する必要がある点を明示したほうが誤解を招かない。,https://weathernews.jp/news/202604/220251/; https://www.nihonbashi-nishikawa.com/column/comforter/futon-dryer-dustmite/,jr_015,,
095,wisdom,095_wisdom_futon-airing.md,"- Weathernews, ""Do dust mites survive sun-drying?"" (April 2026)","- Weathernews, 「天日干しでもダニは死なない？ 知っておきたい""生存率""と死滅させる方法」 (April 2026)",URL（weathernews.jp/news/202604/220251/）と掲載月は一致するが、英題は原題の意訳。原題を併記したほうが照合しやすい。,https://weathernews.jp/news/202604/220251/,jr_015,,
096,fashion,096_fashion_seasonal-wardrobe-change.md,- 消費者庁「新しい洗濯表示」   https://www.caa.go.jp/policies/policy/representation/household_goods/laundry_symbols.html,- 消費者庁「洗濯表示（令和6年8月20日以降）」   https://www.caa.go.jp/policies/policy/representation/household_goods/guide/wash_02.html - 消費者庁「新しい洗濯表示」   https://www.caa.go.jp/policies/policy/representation/household_goods/laundry_symbols.html,本文は「2024年8月改正で43記号」に言及しているが、laundry_symbols.html は2016年改正の周知ページ。改正後の記号を扱う消費者庁ページは guide/wash_02.html（令和6年8月20日以降）。本文の記述に対応する出典を補うべき。,https://www.caa.go.jp/policies/policy/representation/household_goods/guide/wash_02.html; https://www.caa.go.jp/policies/policy/representation/household_goods/guide/wash_01.html; https://www.meti.go.jp/press/2024/08/20240820001/20240820001-3r.pdf,jr_015,,
096,fashion,096_fashion_seasonal-wardrobe-change.md,| 2 | 完全に乾かす | 湿ったまま密閉すると**約5時間で菌の増殖が始まる**（部屋干し臭の原因菌の知見） |,| 2 | 完全に乾かす | 湿ったまま置くと**5時間ほどで菌が増えはじめるとされる**（部屋干し臭の原因菌に関する一般的な知見） |,「濡れたまま約5時間で雑菌が増える」は洗剤・クリーニング業界で広く紹介される目安で、掲載3出典（消費者庁・国民生活センター・政府広報）のいずれにも記載がない。公的一次情報が確認できないため断定を避けた表現が安全。,https://www.swallowchain.com/sentakun/archives/136; https://owners.lixil.co.jp/articles/others/92/,jr_015,,
097,health,097_health_bedtime.md,- 厚生労働省「健康づくりのための睡眠指針の改訂に関する検討会」資料1（令和5年12月21日）   https://www.mhlw.go.jp/content/10904750/001181265.pdf,- 厚生労働省『健康づくりのための睡眠ガイド2023』（本文PDF、令和6年2月）   https://www.mhlw.go.jp/content/001298243.pdf - 厚生労働省「健康づくりのための睡眠指針の改訂に関する検討会」資料1（令和5年12月21日、ガイド2023案）   https://www.mhlw.go.jp/content/10904750/001181265.pdf,001181265.pdf は検討会資料1、表題に「（案）」が付く確定前の草案。本文の年代別数値は確定版ガイド本文（001298243.pdf、2024年2月公表）で確認できるため、確定版を主出典にするのが安全。,https://www.mhlw.go.jp/content/001298243.pdf; https://www.mhlw.go.jp/stf/seisakunitsuite/bunya/kenkou_iryou/kenkou/suimin/index.html,jr_015,,
098,trend,098_trend_meal-planning.md,献立づくりは料理の腕の話に見えますが、国には20年前から「何をどれだけ」の指針があります。,献立づくりは料理の腕の話に見えますが、国には20年以上前から「何をどれだけ」の指針があります。,『食事バランスガイド』は2005年（平成17年）6月策定。2026年9月時点で21年が経過しており、「20年以上前」が正確。,https://www.maff.go.jp/j/syokuiku/kenzensyokuseikatsu/about_b_guide.html,jr_015,,
100,wisdom,100_wisdom_seasonal-bedding.md,Bedding that folds away is a solution to small rooms — the average home is 90.86 m². **The floor becomes usable again during the day.**,Bedding that folds away is a solution to small rooms — the average dwelling has 90.86 m² of floor space (2023 Housing and Land Survey). **The floor becomes usable again during the day.**,90.86㎡は令和5年（2023年）住宅・土地統計調査の1住宅当たり延べ面積（全国平均）。調査年と「1住宅当たり延べ面積」である旨を明示しないと、間取りや居住室面積と誤読されうる。,https://www.stat.go.jp/data/jyutaku/2023/pdf/kihon_gaiyou.pdf; https://www.stat.go.jp/data/jyutaku/2023/tyougai.html,jr_015,,
101,fashion,101_fashion_washing-denim.md,- 洗濯表示は**JIS L0001**（2016年12月1日施行、2024年8月改正で43記号）。桶の中の数字は**洗濯液の上限温度**です。デニムには**30または40**の表示が多く見られます。,- 洗濯表示は**JIS L0001**（2016年12月1日施行、2024年8月20日改正で41記号から43記号に）。旧表示を付した衣類は2025年8月19日までに表示されたものが流通しているため、手持ちの服では旧記号も見かけます。桶の中の数字は**洗濯液の上限温度**です。,43記号は正しい（2016年改正で22→41、2024年改正で手洗い30℃とスチームなしアイロンが追加され43）。改正日は令和6年8月20日、経過措置は令和7年8月19日まで。一方「デニムには30または40の表示が多く見られます」は公的統計で裏づけられないため削除を提案。,https://www.kaken.or.jp/carelabel2024; https://www.meti.go.jp/press/2024/08/20240820001/20240820001-3r.pdf; https://nissenken.or.jp/news/jisl0001_20240820kaisei_new/,jr_016,,
103,fashion,103_fashion_washing-sneakers.md,乾いたあとに**防水スプレー**を使うと汚れが付きにくくなりますが、**スプレーは必ず屋外で、吸い込まないように**使う必要があります。フッ素系防水スプレーの吸入による健康被害は、国民生活センターが注意喚起しています。,乾いたあとに**防水スプレー**を使うと汚れが付きにくくなりますが、**スプレーは必ず屋外の風通しのよい場所で、吸い込まないように**使う必要があります。防水スプレーの吸入による事故（せき・呼吸困難・肺炎等）は、消費者庁や東京都、日本中毒情報センターが繰り返し注意喚起しています。,注意喚起の主体を国民生活センターに限定する記述は裏づけが取れない。玄関・浴室・車内など換気の悪い場所での使用が事故の典型例とされており、「屋外」だけでなく「風通しのよい」条件を明示したほうが安全側。,https://www.caa.go.jp/policies/policy/consumer_safety/child/project_001/mail/20241225/; https://www.shouhiseikatu.metro.tokyo.lg.jp/sodan/kinkyu/160822.html,jr_016,,
103,fashion,103_fashion_washing-sneakers.md,- 消費者庁「洗濯表示」（衣類の記号の考え方）   https://www.caa.go.jp/policies/policy/representation/household_goods/laundry_symbols.html,- 消費者庁「洗濯表示（令和6年8月20日以降）」（衣類の記号の考え方）   https://www.caa.go.jp/policies/policy/representation/household_goods/guide/wash_02.html,laundry_symbols.html は2016年改正時の「新しい洗濯表示」ページで、現行（令和6年8月20日以降・43記号）の案内は guide/wash_02.html。同じシリーズの#101・#102は後者を引いており、記事間で出典がずれている。,https://www.caa.go.jp/policies/policy/representation/household_goods/guide/wash_02.html; https://www.caa.go.jp/policies/policy/representation/household_goods/laundry_symbols.html,jr_016,,
103,fashion,103_fashion_washing-sneakers.md,- 経済産業省「家庭用品品質表示法」   https://www.caa.go.jp/policies/policy/representation/household_goods/,- 消費者庁「家庭用品品質表示法」   https://www.caa.go.jp/policies/policy/representation/household_goods/,家庭用品品質表示法の所管は消費者庁であり、URLも消費者庁のもの。#102と同じ団体名の誤り。,https://www.caa.go.jp/policies/policy/representation/household_goods/,jr_016,,
104,fashion,104_fashion_storing-bags.md,- 合成皮革（ポリウレタン）は**加水分解**という、湿気による化学変化で表面がべたつき・剥がれます。製造から**数年で始まる**とされ、使用頻度に関係なく進みます。,- 合成皮革（ポリウレタン）は**加水分解**という、湿気による化学変化で表面がべたつき・剥がれます。業界資料では**製造からおおむね2〜3年**で劣化が出るとされ（クリーニング事故賠償基準では合成皮革の外衣の平均使用年数を3年としています）、使用頻度に関係なく進みます。,ポリウレタン樹脂は空気中の水分による加水分解で通常2〜3年で劣化するとされ、クリーニング事故賠償基準では合成皮革（ポリウレタン樹脂）外衣の平均使用年数を3年としている。「数年」より具体的な数値が公表資料にある。,https://www.zenkuren.or.jp/news/5621; https://www.kaken.or.jp/test/search/detail/81,jr_016,,
104,fashion,104_fashion_storing-bags.md,- カビは一般に**湿度70%以上・温度20〜30℃**で繁殖しやすいとされ、クローゼットの奥は室内より湿度が高くなりがちです。,- カビは一般に**湿度60%を超えるあたりから活動し始め、70%以上・温度20〜30℃**でとくに繁殖しやすいとされ、クローゼットの奥は室内より湿度が高くなりがちです。,室内環境の指針類では、カビは湿度60%を超えるあたりから活動を始め、70%が続くと発生しやすいとされる。事務所衛生基準規則も相対湿度40〜70%を目安としており、70%を閾値のように書くと対策開始が遅れる。,https://www.hokeniryo.metro.tokyo.lg.jp/kankyo//kankyo_eisei/jukankyo/indoor/kenko/; https://www.kinki-shasej.org/upload/pdf/situn.pdf,jr_016,,
104,fashion,104_fashion_storing-bags.md,- 東京の**年平均相対湿度は約60〜70%**、梅雨期（6〜7月）は**月平均で75%前後**に達します（気象庁 過去の気象データ）。,- 東京の**月平均相対湿度は冬の50%台から夏の70%台まで**変動し、**梅雨期（6〜7月）と秋雨期（9月）は月平均で75%前後**に達します（気象庁 平年値）。,「年平均相対湿度」は平年値としては単一の値（東京は約65%）で、60〜70%という幅の書き方は不正確。また高湿度は6〜7月だけでなく9月も同程度で、保管の注意期間としては秋雨期も含めるべき。実数は気象庁の平年値ページで要確認。,https://www.data.jma.go.jp/stats/etrn/view/nml_sfc_ym.php?prec_no=44&block_no=47662,jr_016,,
105,fashion,105_fashion_jewellery-care.md,黒ずみは**硫化**（空気中や汗の硫黄分との反応）で、サビ（酸化）とは別です。**表面だけの変化なので、銀磨きクロスや専用液で戻ります。** 温泉地では急速に進みます。,黒ずみは**硫化**（空気中や汗の硫黄分との反応）で、サビ（酸化）とは別です。**多くは表面の変化なので、銀磨きクロスや専用液で改善することが多いとされています。** ただしメッキ品や石の付いたものには使えない方法もあります。温泉地では進みやすくなります。,硫化の程度や下地（メッキ・いぶし加工・石留め）によっては元の光沢に戻らない、または磨いてはいけない場合がある。「戻ります」と言い切るとメッキ品を磨いて剥がす誤用を招く。,https://www.mint.go.jp/no-list/operations_certification-02.html,jr_016,,
105,fashion,105_fashion_jewellery-care.md,研磨剤が粗く、**メッキ品ははがれ、真珠・オパール・トルコ石などの柔らかい石は傷つきます。** 銀の無垢（SV925）に限り、専用クロスのほうが安全です。,研磨剤が粗く、**メッキ品ははがれ、真珠・オパール・トルコ石などの柔らかい石は傷つきます。** 銀の無垢（SV925）であっても、歯磨き粉ではなく銀専用のクロスや専用液を使うほうが安全です。,「銀の無垢（SV925）に限り、専用クロスのほうが安全です」は、裏を返すとメッキ品には歯磨き粉でよいと読めてしまい、直前の文と矛盾する。誤解の否定として意味が通るよう整理が必要。,https://www.mint.go.jp/no-list/operations_certification-02.html,jr_016,,
106,fashion,106_fashion_watch-care.md,| 潜水用防水（ダイバーズ） | スクーバダイビング | 表示深度を超える潜水 |,| 潜水用防水（ダイバーズ、JIS B 7023） | スクーバダイビング | 表示深度を超える潜水 |,潜水用携帯時計はJIS B 7023「潜水用携帯時計－種類及び性能」の対象で、JIS B 7021（一般用防水携帯時計）の区分ではない。表の見出しがB7021のみを挙げているため出典と対応しない。,https://jis.eomec.com/jisb70232021; https://citizen.jp/faq/detail/id1346,jr_017,,
107,fashion,107_fashion_fabric-softener.md,- 消費者庁「その香り　困っている人もいます（5省庁連名ポスター）」   https://www.caa.go.jp/policies/policy/consumer_safety/other/,- 消費者庁「「その香り困っている人もいます」ポスターを掲載しました。」（5省庁連名）   https://www.caa.go.jp/notice/entry/034017/,消費者庁の当該ポスター掲載ページは /notice/entry/034017/。記事が挙げる consumer_safety/other/ は一覧ディレクトリで、ポスターの掲載ページとして確認できない。,https://www.caa.go.jp/notice/entry/034017/,jr_017,,
108,fashion,108_fashion_ironing.md,**絹・レーヨンは水滴の跡が残る**ことがあります。表示に「スチーム禁止」がなくても、目立たない場所で試すのが基本です。,**絹・レーヨンは水滴の跡が残る**ことがあります。2024年のJIS L0001改正で**スチーム不可を示す記号**が新設されたため、まず表示を確認し、記号がなくても目立たない場所で試すのが基本です。,JIS L0001:2024でスチーム禁止（スチームなし）を表す記号が新規追加され、従来の低温記号はスチームの有無を問わない記号に変更された。,https://nissenken.or.jp/news/jisl0001_20240820kaisei_new/; https://www.kaken.or.jp/carelabel2024,jr_017,,
109,fashion,109_fashion_mothproofing.md,| パラジクロロベンゼン | — | 効き始めが早い、独特の臭い | **ナフタリン・しょうのうと併用すると溶けて衣類にシミ** |,| パラジクロロベンゼン | — | 効き始めが早い、独特の臭い | **ナフタリン・しょうのうと併用すると溶けて衣類にシミ**。金糸・銀糸・ラメを変色させることがある |,パラジクロルベンゼン系防虫剤は金糸・銀糸・ラメの光沢を失わせたり黒く変質させることがあると業界・クリーニング団体が案内している。表はピレスロイド系の金具変色だけを挙げ、この注意が欠けている。,https://www.zenkuren.or.jp/user/insecticide; https://products.st-c.co.jp/plus/question/10208/,jr_017,,
111,fashion,111_fashion_static-electricity.md,- 静電気は**相対湿度が低い（およそ40%以下）**ほど逃げにくくなります。東京の**1〜2月の月平均相対湿度は50%台**ですが、暖房中の室内は**30%前後**まで下がることがあります（気象庁 平年値／一般的な室内環境）。,- 静電気は**相対湿度が低いほど逃げにくく**、一般には**湿度20%以下・気温20℃以下**で起きやすいとされます。東京の**1〜2月の月平均相対湿度は50%台**ですが、暖房中の室内は**30%前後**まで下がることがあります（気象庁 平年値／一般的な室内環境）。,「40%以下」という閾値の出典が確認できない。静電気が起きやすい条件としては「湿度20%以下・気温20℃以下」が一般的な目安として広く示されている。,https://www.gunze.jp/kigocochi/article/1s202010-02/; https://nissenken.or.jp/2024/09/01/sanpomichi68/,jr_018,,
111,fashion,111_fashion_static-electricity.md,| ナイロン・毛（ウール） | 絹・レーヨン | 綿・麻 | ポリエステル | アクリル・ポリウレタン・塩化ビニル |,| ナイロン・毛（ウール） | 絹・レーヨン | 綿・麻 | ポリエステル | アクリル・塩化ビニル |,帯電列でナイロン・ウールがプラス側、ポリエステル・アクリル・塩化ビニルがマイナス側という並びは各資料で一致するが、ポリウレタンの位置は資料により大きく異なり、マイナス端に置く根拠は確認できなかった。誤解を避けるため表から外すのが安全。,https://nissenken.or.jp/2024/09/01/sanpomichi68/; https://nichisenku.jp/thismonth/20181220/,jr_018,,
112,fashion,112_fashion_duvet-care.md,- 洗濯表示に**桶記号があれば家庭で洗えます**が、大型のため**洗濯容量（例：7〜8kg以上）**の目安が必要です。,- 洗濯表示に**桶記号があれば家庭で洗えます**が、大型のため**洗濯機の容量**の確認が必要です（シングルで**7kg以上**を目安とする案内が多く、サイズや機種により異なります）。,各社の案内ではシングルで5〜7kg以上、セミダブル7kg以上、ダブル10kg以上と幅がある。「7〜8kg以上」を一律の目安とする記述は根拠が確認できない。,https://interior.francebed.co.jp/brand_site/jooryu/faq/care/wash.php; https://kaji.tokyo-gas.co.jp/column/detail_11396,jr_018,,
114,fashion,114_fashion_preventing-colour-transfer.md,「白い服がピンクになった」は世界中で最も多い洗濯の失敗談です。日本では洗濯表示の変更で「洗濯機で洗える」表示が増え、逆に色移りへの注意が薄れています。,「白い服がピンクになった」は、どの国でもよく聞く洗濯の失敗談です。日本では2016年と2024年に洗濯表示の記号が変わっており、記号の意味を読み違えたまま洗って色移りさせる例もあります。,「世界中で最も多い」「表示変更で注意が薄れている」はいずれも出典のない断定。洗濯表示（JIS L 0001）は平成28年12月1日施行、さらに令和6年8月20日に繊維製品品質表示規程が改正され記号が追加・変更されている、という事実に置き換えるのが安全。,https://www.caa.go.jp/policies/policy/representation/household_goods/guide/wash_02.html; https://www.caa.go.jp/policies/policy/representation/household_goods/information/operation/assets/representation_cms219_240820_01.pdf,jr_018,,
114,fashion,114_fashion_preventing-colour-transfer.md,- 国民生活センター「衣類の洗濯トラブル」   https://www.kokusen.go.jp/,- 消費者庁「家庭用品品質表示法に基づく繊維製品品質表示規程の改正について（令和6年8月20日）」   https://www.caa.go.jp/policies/policy/representation/household_goods/information/operation/assets/representation_cms219_240820_01.pdf,「衣類の洗濯トラブル」という題の国民生活センター資料が特定できず、URLもトップページのみで本文の裏づけにならない。本文が扱う洗濯表示の内容に対応する一次資料に差し替えるのが妥当。編集部で国民生活センターの該当資料を特定できる場合は、そのページURLを記載すること。,https://www.caa.go.jp/policies/policy/representation/household_goods/information/operation/assets/representation_cms219_240820_01.pdf,jr_018,,
115,beauty,115_beauty_how-often-to-shampoo.md,- 消費者庁「家庭用品品質表示法」   https://www.caa.go.jp/policies/policy/representation/household_goods/,- 厚生労働省「化粧品の効能の範囲の改正に係る取扱いについて」（薬食監麻発0721第1号・薬食審査発0721第1号、平成23年7月21日）   https://www.mhlw.go.jp/web/t_doc?dataId=00tb7519&dataType=1&pageNo=1,本文はシャンプーを薬機法上の化粧品・医薬部外品として説明しており、家庭用品品質表示法は本文の記述の根拠になっていない（同法の対象は繊維製品・合成樹脂加工品・電気機械器具・雑貨工業品の89品目）。効能の範囲に関する通知に差し替えるのが妥当。,https://www.mhlw.go.jp/web/t_doc?dataId=00tb7519&dataType=1&pageNo=1; https://www.caa.go.jp/policies/policy/representation/household_goods/outline/outline_04.html,jr_018,,
115,beauty,115_beauty_how-often-to-shampoo.md,- 日本の入浴習慣は**ほぼ毎日**（各種生活時間調査）で、シャンプーもそれに連動しています。,- 日本では**毎日入浴・洗髪する人が多い**と言われますが、公的統計で確認できた数値ではありません。,「各種生活時間調査」という括りでは出典が特定できず、ほぼ毎日という数値の裏づけも確認できなかった。出典を特定できない場合は断定を避ける表現が安全。,,jr_018,,
116,beauty,116_beauty_how-to-wear-perfume.md,| オードパルファン | 10〜15% | 5時間前後 |,| オードパルファン | 8〜15% | 5時間前後 |,日本フレグランス協会「フレグランスのABC」ではオードパルファンの賦香率は8〜15%、持続5時間前後。出典に合わせる。,http://japanfragrance.org/abc-web/,jr_019,,
116,beauty,116_beauty_how-to-wear-perfume.md,| オーデコロン | 1〜5% | 1〜2時間 |,| オーデコロン | 2〜5% | 1〜2時間 |,国内の一般的な整理（日本フレグランス協会系の解説を含む）ではオーデコロンの賦香率は2〜5%。1%からとする記載は確認できない。,http://japanfragrance.org/abc-web/; https://www.artlab.co.jp/blog/etc/fragrant_etc_14,jr_019,,
116,beauty,116_beauty_how-to-wear-perfume.md,- 消費者庁「その香り　困っている人もいます（5省庁連名ポスター）」   https://www.caa.go.jp/policies/policy/consumer_safety/other/,- 消費者庁「その香り　困っている人もいます（関係省庁連名ポスター／2023年7月改訂）」   https://www.caa.go.jp/policies/policy/consumer_safety/other/index.html#other_002,ポスターは消費者庁「その他の消費者安全」ページの #other_002 に掲載。連名省庁は2026年5月時点で7省庁のため「5省庁連名」の表記は現行版と一致しない。,https://www.caa.go.jp/policies/policy/consumer_safety/other/; https://www.pref.saga.lg.jp/kiji003119412/index.html,jr_019,,
117,beauty,117_beauty_hand-care.md,- 公益社団法人日本皮膚科学会「手湿疹診療ガイドライン」   https://www.dermatol.or.jp/dermatol/wp-content/uploads/xoops/files/guideline/hand_eczema_GL.pdf,- 公益社団法人日本皮膚科学会・日本皮膚アレルギー・接触皮膚炎学会「手湿疹診療ガイドライン」（日本皮膚科学会雑誌128巻3号、2018年）   https://www.dermatol.or.jp/dermatol/wp-content/uploads/xoops/files/guideline/Hand_eczema_GL.pdf,検索で確認できる実ファイル名は大文字始まりの Hand_eczema_GL.pdf。サーバがパス名を区別する場合、小文字表記ではリンク切れになる。作成主体も両学会の合同。,https://www.dermatol.or.jp/dermatol/wp-content/uploads/xoops/files/guideline/Hand_eczema_GL.pdf; https://www.jstage.jst.go.jp/article/dermatol/128/3/128_367/_article/-char/ja/,jr_019,,
117,beauty,117_beauty_hand-care.md,- 手荒れは**手湿疹**と呼ばれる状態を含み、日本皮膚科学会は**「手湿疹診療ガイドライン」（2018年）**を公表しています。**水仕事・洗剤・アルコール消毒**などの刺激が主な要因として挙げられています。,- 手荒れは**手湿疹**と呼ばれる状態を含み、日本皮膚科学会と日本皮膚アレルギー・接触皮膚炎学会は**「手湿疹診療ガイドライン」（2018年、日本皮膚科学会雑誌128巻3号）**を公表しています。**水仕事・洗剤・アルコール消毒**などの刺激が主な要因として挙げられています。,同ガイドラインは日本皮膚科学会と日本皮膚アレルギー・接触皮膚炎学会の合同作成（2018年3月20日、日皮会誌128巻3号367-386）。2026年9月時点で改訂版は確認できず、2018年版が最新。,https://www.jstage.jst.go.jp/article/dermatol/128/3/128_367/_article/-char/ja/; https://www.dermatol.or.jp/dermatol/wp-content/uploads/xoops/files/guideline/Hand_eczema_GL.pdf,jr_019,,
117,beauty,117_beauty_hand-care.md,- 厚生労働省「手洗いの手順」   https://www.mhlw.go.jp/stf/seisakunitsuite/bunya/0000121431_00094.html,- 厚生労働省「国民の皆さまへ（新型コロナウイルス感染症）」（手洗い・手指衛生の案内を含む）   https://www.mhlw.go.jp/stf/seisakunitsuite/bunya/0000121431_00094.html,当該URLのページ名は「健康・医療 国民の皆さまへ（新型コロナウイルス感染症）」であり、「手洗いの手順」という表題のページではない。出典名とURLが対応していない。,https://www.mhlw.go.jp/stf/seisakunitsuite/bunya/0000121431_00094.html,jr_019,,
118,beauty,118_beauty_antiperspirants.md,スプレーの**吹きかけすぎは冷却による皮膚障害（凍傷）**の原因になることがあり、消費者庁が注意喚起しています。**同じ場所に数秒以上連続で噴射しない**。,スプレーの**吹きかけすぎは冷却による皮膚障害（凍傷）**の原因になることがあり、消費者庁がスプレー缶の事故として注意喚起しています。**同じ場所に数秒以上連続で噴射しない**。,消費者庁の注意喚起は制汗スプレー専用ではなく「スプレー缶によるやけど・皮膚障害」全般の中で凍傷事例に触れている。国民生活センター・東京都も同種の注意喚起を出している。,https://www.caa.go.jp/policies/policy/consumer_safety/caution/caution_036/; https://www.shouhiseikatu.metro.tokyo.lg.jp/attention/kigai_supurekan201811.html,jr_019,,
118,beauty,118_beauty_antiperspirants.md,医薬部外品は**厚生労働省の承認**を受けた有効成分を含み、**「わきがの防止」「制汗」**が効能として認められています。化粧品ではこれらは表現できません。,医薬部外品（デオドラント剤）は**厚生労働省の承認**を受けた有効成分を含み、効能効果の範囲として**「わきが（腋臭）」「皮ふ汗臭」「制汗」**が認められています。化粧品ではこれらは表現できません。,医薬部外品の効能効果の範囲では、デオドラント剤の効能は「わきが（腋臭）、皮ふ汗臭、制汗」と定められており、「わきがの防止」は通知上の文言ではない。,https://www.mhlw.go.jp/web/t_doc?dataId=00tb7518&dataType=1&pageNo=,jr_019,,
119,beauty,119_beauty_lip-balm.md,唇は**皮脂腺がなく、角層が薄い**ため、乾燥しやすい部位です。,唇（赤唇部）は**皮脂腺がほとんどなく、角層が薄い**ため、乾燥しやすい部位です。,赤唇部には汗腺がなく皮脂腺もほとんどないが、フォアダイス斑など異所性皮脂腺が存在することがあるため「ない」と断定するのは精度不足。,https://www.dermatol.or.jp/public/,jr_019,,
120,beauty,120_beauty_mask-related-skin-trouble.md,日本皮膚科学会は、マスクによる皮膚トラブルとして**接触皮膚炎・にきびの悪化・口周りの乾燥**などを挙げ、**肌に合った素材の選択と清潔の維持**を案内しています。,皮膚科領域では、マスクによる皮膚トラブルとして**接触皮膚炎・にきびの悪化・口周りの乾燥**などが挙げられ、**肌に合った素材の選択と清潔の維持**が案内されています。,日本皮膚科学会サイト上に「マスクによる肌トラブル」の皮膚科Q&Aは検索で確認できず、学会名での断定的な帰属は裏づけが取れない。該当ページを特定できない場合は主語を一般化するのが安全。,https://www.dermatol.or.jp/public/,jr_019,,
120,beauty,120_beauty_mask-related-skin-trouble.md,- 公益社団法人日本皮膚科学会「皮膚科Q&A　マスクによる肌トラブル」   https://www.dermatol.or.jp/qa/,- 公益社団法人日本皮膚科学会「一般市民の皆様」（皮膚科Q&A）   https://www.dermatol.or.jp/public/,「皮膚科Q&A　マスクによる肌トラブル」という個別ページは確認できない。学会の一般向け情報の入口は /public/。公開前に該当Q&Aの有無を確認し、なければ出典を差し替える。,https://www.dermatol.or.jp/public/,jr_019,,
121,health,121_health_weekend-sleep-catch-up.md,- 「国民健康・栄養調査」では、**1日の平均睡眠時間が6時間未満**の人の割合が、成人の**約4割**で推移しています。,- 「国民健康・栄養調査」（令和6年）では、**1日の睡眠時間を6〜9時間（60歳以上は6〜8時間）確保できている**成人は**56.0%**（男性56.1%・女性55.9%）で、**4割超が確保できていない**状態です。,令和6年調査では指標が「睡眠時間が十分に確保できている者の割合」に整理され56.0%。令和元年の『6時間未満は男性37.5%・女性40.6%』より新しい年次がある。,https://www.mhlw.go.jp/content/10900000/001603146.pdf; https://www.mhlw.go.jp/stf/newpage_66279.html,jr_020,,
121,health,121_health_weekend-sleep-catch-up.md,- OECDの生活時間調査（2021年）で、日本の平均睡眠時間は**7時間22分**、調査対象国の中で**最短**でした。,- OECDの時間利用データ（Gender Data Portal、2021年公表）で、日本の平均睡眠時間は**7時間22分**（442分）、比較対象**33か国中で最短**でした。,OECDの時間利用データで日本は442分＝7時間22分、比較33か国中最下位。対象国数を明示したほうが正確。,https://www.oecd.org/en/data/datasets/oecd-gender-data-portal.html; https://tabizine.jp/article/577386/,jr_020,,
123,health,123_health_eating-order.md,- **健康日本21（第三次）**は、**野菜摂取量の目標を1日350g**、**食塩摂取量の目標を1日7g未満**としています。,- **健康日本21（第三次）**は、**野菜摂取量の目標を1日350g**、**食塩摂取量の目標を1日7g**としています（いずれも令和14年度までの目標値）。,健康日本21（第三次）の目標値は食塩摂取量『7g』（現状値10.1g→目標値7g、令和14年度）。『7g未満』は食事摂取基準の目標量（男性7.5g未満等）との混同を招く。,https://www.nibn.go.jp/eiken/kenkounippon21/kenkounippon21/mokuhyou3rd.html; https://www.maff.go.jp/j/syokuiku/kaigi/attach/pdf/230906-7.pdf,jr_020,,
124,health,124_health_salt-intake.md,| 健康日本21（第三次）の目標 | **7g未満** | 厚生労働省 |,| 健康日本21（第三次）の目標 | **7g**（令和14年度） | 厚生労働省 |,健康日本21（第三次）の目標値は『7g』（令和14年度）。『未満』は付かない。,https://www.nibn.go.jp/eiken/kenkounippon21/kenkounippon21/mokuhyou3rd.html,jr_020,,
124,health,124_health_salt-intake.md,| 梅干し 1個（10g） | 約2.0g |,| 梅干し（塩漬）1個（10g） | 約2.2g（調味漬は約0.8g） |,日本食品標準成分表（八訂）で梅干し・塩漬の食塩相当量は100g当たり22.1g（10gなら約2.2g）。市販に多い調味漬は7.6g/100gで大きく異なるため区別が必要。,https://fooddb.mext.go.jp/details/details.pl?ITEM_NO=7_07022_7; https://fooddb.mext.go.jp/details/details.pl?ITEM_NO=7_07023_7,jr_020,,
126,health,126_health_pollen-season.md,| 外出 | マスク・眼鏡。飛散の多い**昼前後と日没前後**を避ける | 環境省「花粉症環境保健マニュアル」 |,| 外出 | マスク・眼鏡。飛散の多い**昼前後と日没前後**を避ける | 環境省「花粉症環境保健マニュアル2022」 |,根拠列の資料名に版年がなく、2014年版と2022年版のどちらを指すか不明。ピーク時間帯（昼前後・日没前後）の記述自体は2022年版の内容と一致。,https://www.env.go.jp/chemi/anzen/kafun/2022_full.pdf,jr_021,,
126,health,126_health_pollen-season.md,- **2023年5月、政府は「花粉症対策の全体像」**を決定。**スギ人工林の伐採・植替えの加速（10年後に発生源を2割減）**、**飛散予測の精度向上**、**治療法の普及**の3本柱です。,- **2023年5月30日、政府は「花粉症対策の全体像」**を決定。3本柱は**発生源対策**（10年後にスギ人工林を約2割減少、約30年後に半減）、**飛散対策**（飛散予測の精度向上）、**発症・曝露対策**（治療法の普及など）です。,決定日は2023年5月30日。公式の3本柱は「発生源対策」「飛散対策」「発症・曝露対策」で、削減目標はスギ人工林（431万ha）を10年後に約2割減、約30年後に半減。,https://www.rinya.maff.go.jp/j/sin_riyou/kafun/attach/pdf/hasseigen-9.pdf; https://www.rinya.maff.go.jp/j/kikaku/hakusyo/r5hakusyo_h/summary/s_tokusyu.html,jr_021,,
128,health,128_health_daily-steps.md,日本では国の指針が2024年に改定され、歩数の目安が具体的に示されました。,日本では国の指針が2024年1月に改定され（「健康づくりのための身体活動・運動ガイド2023」）、歩数の目安が具体的に示されました。,ガイドの名称は「2023」だが策定・公表は2024年1月。導入の「2024年に改定」とA欄の「現行ガイド（2023年）」が読者には矛盾して見えるため、名称と公表時期を併記して整合させる。,https://www.dietitian.or.jp/trends/2023/337.html; https://sndj-web.jp/news/002615.php,jr_021,,
128,health,128_health_daily-steps.md,「1万歩」は**1965年に発売された歩数計の商品名**に由来するとされ、医学的な閾値として定められたものではありません。,「1万歩」は**1965年に発売された歩数計「万歩メーター」**（「万歩計」は1984年に登録された商標）に由来するとされ、医学的な閾値として定められたものではありません。,山佐時計計器が1965年に発売した第1号機の商品名は「万歩メーター」で、「万歩計」の商標登録は1984年。,https://www.yamasa-tokei.co.jp/top_category/history2.html; https://ja.wikipedia.org/wiki/%E6%AD%A9%E6%95%B0%E8%A8%88,jr_021,,
129,health,129_health_home-blood-pressure.md,診察室では**140/90**が高血圧の基準で、**家庭血圧は5低い値**が使われます。,診察室では**140/90**が高血圧の基準で、**家庭血圧は5低い値**が使われます。なお治療時の降圧目標は、JSH2025で**診察室130/80未満・家庭125/75未満**に統一されました（診断基準は据え置き）。,JSH2025は降圧目標を全年齢で診察室130/80mmHg未満・家庭血圧125/75mmHg未満に統一。診断基準（140/90、家庭135/85）は据え置き。報道で「基準が130/80になった」と誤解されやすいため、区別の明記が望ましい。,https://www.carenet.com/news/general/carenet/61350; https://www.jstage.jst.go.jp/article/numa/84/6/84_257/_pdf/-char/ja,jr_021,,
132,trend,132_trend_water-bottle-care.md,- 東京都保健医療局「金属製の容器での銅中毒に注意（2020年）」   https://www.hokeniryo.metro.tokyo.lg.jp/shokuhin/,- 東京都保健医療局「金属製の水筒に飲み物を入れる際の注意点はありますか？（食品安全FAQ）」   https://www.hokeniryo.metro.tokyo.lg.jp/anzen/anzen/food_faq/chudoku/chudoku29,資料名の「（2020年）」は事例年（平成20年）と一致しない。また食品衛生関連の資料は hokeniryo1.metro.tokyo.lg.jp（食品衛生の窓）配下にあり、記事のURLは該当ページを指していない。,https://www.hokeniryo.metro.tokyo.lg.jp/anzen/anzen/food_faq/chudoku/chudoku29; https://www.hokeniryo1.metro.tokyo.lg.jp/shokuhin/pamphlet2/files/metal.pdf,jr_022,,
134,trend,134_trend_storing-miso.md,- 全国味噌工業協同組合連合会「みその保存方法」   https://www.miso.or.jp/,- みそ健康づくり委員会（全国味噌工業協同組合連合会）「みその保存方法」   https://miso.or.jp/,miso.or.jp は全国味噌工業協同組合連合会が設置した「みそ健康づくり委員会」の運営サイト。連合会自体の公式サイトは zenmi.jp であり、団体名とドメインが一対一で対応していない。,https://miso.or.jp/museum/; http://zenmi.jp/,jr_022,,
135,trend,135_trend_storing-soy-sauce.md,| 開封後（二重構造の密封ボトル） | 常温可とする製品が多い | **約90日**（製品表示） |,| 開封後（二重構造の密封ボトル） | 常温可とする製品が多い | **90日または120日**（製品表示） |,キッコーマン「いつでも新鮮」シリーズは、やわらか密封ボトル（200ml）が開栓後90日、密封ecoボトル（330/450/620ml）が120日を使用目安としている。90日のみとするのは不正確。,https://customer.kikkoman.co.jp/hc/ja/articles/17234206512409; https://customer.kikkoman.co.jp/hc/ja/articles/34767925162265,jr_022,,
135,trend,135_trend_storing-soy-sauce.md,密封ボトルは**空気との接触を抑える**構造で、劣化を遅らせますが止めるわけではありません。**表示の期間（多くは90日）**を目安にします。,密封ボトルは**空気との接触を抑える**構造で、劣化を遅らせますが止めるわけではありません。**表示の期間（製品により90日または120日）**を目安にします。,上記と同じ。容量・容器タイプにより90日と120日があり、「多くは90日」とは言えない。,https://customer.kikkoman.co.jp/hc/ja/articles/17234206512409,jr_022,,
135,trend,135_trend_storing-soy-sauce.md,- しょうゆの**食塩相当量は約14〜16%**（濃口）。減塩しょうゆは**約8%**で、開封後の劣化がより早いとされます。,- しょうゆの**食塩相当量は、日本食品標準成分表でこいくちが約14.5%、うすくちが約16.0%**。減塩しょうゆは**約8%**で、開封後の劣化がより早いとされます。,食品成分データベース（八訂増補2023年）では、こいくちしょうゆ大さじ1（18g）の食塩相当量2.6g＝約14.5%、うすくちしょうゆ2.8g＝約15.6%。16%はうすくちの値で、「濃口が14〜16%」という幅の示し方は正確でない（市販品の表示値は16%前後のものもある）。減塩（こいくち）は約8.3%で本文どおり。,https://fooddb.mext.go.jp/details/details.pl?ITEM_NO=17_17007_7; https://fooddb.mext.go.jp/details/details.pl?ITEM_NO=17_17086_7,jr_022,,
136,trend,136_trend_natto.md,| 賞味期限 | 製造から**1〜2週間程度**（製品による） |,| 賞味期限 | 製造から**1週間程度**（製品により1〜2週間。ひきわりはやや短い） |,納豆メーカー各社の案内では、市販の糸引き納豆の賞味期限は冷蔵で概ね1週間程度。ひきわり納豆は表面積が大きく発酵が進みやすいため短め。「1〜2週間程度」は上限寄りの表現。,https://www.mizkan.co.jp/natto-information/faq/; https://faq.mizkan.co.jp/faq/show/2932?site_domain=default,jr_023,,
137,trend,137_trend_pickles.md,| ぬか漬け | ぬか床の塩分 **10%前後** | 冷蔵または涼しい場所、毎日かき混ぜる |,| ぬか漬け | ぬか床の塩分 **5〜10%程度**（一般には6〜8%前後） | 冷蔵または涼しい場所、毎日かき混ぜる |,家庭のぬか床は塩分6〜8%程度が一般的で、市販レシピでは5%前後の設計も多い。「10%前後」は高めの一例にすぎず、標準的な目安としては精度不足。,http://www.nukaken.jp/pdf/japan4.pdf; https://fungus-media.com/%E3%81%AC%E3%81%8B%E6%BC%AC%E3%81%AE%E5%A1%A9%E5%88%86%E9%87%8F%E3%81%AF%EF%BC%9F%E6%B8%9B%E5%A1%A9%E3%81%AE%E6%96%B9%E6%B3%95/,jr_023,,
138,trend,138_trend_washing-rice.md,- 米の表示は**食品表示法**に基づき、**産地・品種・産年**と**精米年月日（または「精米時期」）**が記載されます。,- 米の表示は**食品表示法**に基づき、**産地・品種・産年**と**「精米時期」**（年月日または年月旬）が記載されます。2022年4月以降、表示事項名は「精米年月日」ではなく**「精米時期」**に統一されています。,食品表示基準の改正で令和2年3月27日から表示事項が「精米年月日」から「精米時期」に変更、経過措置は令和4年3月31日まで。令和4年4月1日以降に精米したものは「精米時期」表示が必須。,https://www.maff.go.jp/j/syouan/keikaku/soukatu/200414.html; https://www.maff.go.jp/j/syouan/keikaku/soukatu/attach/pdf/200414-23.pdf,jr_023,,
138,trend,138_trend_washing-rice.md,米は**低温・低湿で保存**するのが基本です。**冷蔵庫の野菜室に密閉容器で**保存すると、夏場の虫と酸化を防げます。開封後は**1か月程度**で使い切る目安です。,米は**低温・低湿で保存**するのが基本です。**冷蔵庫の野菜室に密閉容器で**保存すると、夏場の虫と酸化を防げます。使い切る目安は**冬場で1か月程度、夏場は2週間程度**とされています。,農林水産省の解説および米穀店・検査機関の案内では、精米の食味保持の目安は冬場約1か月、夏場約2週間。季節差に触れずに「1か月程度」とするのは精度不足。,https://www.maff.go.jp/j/heya/kodomo_sodan/0006/01.html; https://www2.tcoop.or.jp/kensa/cate01/202324.html,jr_023,,
140,trend,140_trend_cold-brew-hygiene.md,- 厚生労働省「家庭でできる食中毒予防の6つのポイント」   https://www.mhlw.go.jp/www1/houdou/0903/h0331-1.html,- 厚生労働省「家庭でできる食中毒予防の6つのポイント」   https://www.mhlw.go.jp/stf/seisakunitsuite/bunya/kenkou_iryou/shokuhin/syokuchu/,現在記載されているのは平成9年（1997年）の報道発表アーカイブのURL。現行の厚生労働省の食中毒ページに差し替えるのが適切（公開前に遷移先を要確認）。,https://www.mhlw.go.jp/stf/seisakunitsuite/bunya/AA10K-0000049664.html; https://www.n-shokuei.jp/eisei/sfs_6point.html,jr_023,,
151,wisdom,151_wisdom_the-kotatsu.md,"| Running cost (Tokyo, 31 yen/kWh, 5 h/day) | **roughly ¥15–50 per day** |","| Running cost (Tokyo, 31 yen/kWh, 5 h/day, thermostat cycling) | **roughly ¥15–50 per day** |","At the rated 300–600 W the same 5 h would be ¥46–93 (31 yen/kWh). The ¥15–50 range only holds with thermostat cycling, while the fan-heater row below is computed at full rated draw — the two rows use different bases.",https://enechange.jp/articles/kotatsu-cost; https://looop-denki.com/home/denkinavi/electricitybill/seasonal/kotatsu/,jr_024,,
151,wisdom,151_wisdom_the-kotatsu.md,https://ondankataisaku.env.go.jp/coolchoice/warmbiz/,https://ondankataisaku.env.go.jp/decokatsu/warmbiz/,The Ministry of the Environment's COOL CHOICE campaign was succeeded by 「デコ活」 in 2023; the Warm Biz pages now sit under /decokatsu/warmbiz/. The 20°C room-temperature recommendation itself is unchanged.,https://ondankataisaku.env.go.jp/decokatsu/warmbiz/yw/20170113.html,jr_024,,
152,wisdom,152_wisdom_hot-water-bottles.md,These figures are cited by the Consumer Affairs Agency and NITE in their annual winter warnings.,These figures are cited by the Consumer Affairs Agency and NITE in their winter advisories on hot-water bottles (most recently December 2020).,"The CAA yutampo advisories are dated 2017-12-06 and 2020-12-16; they are issued occasionally, not annually. The 44°C / 46°C / 50°C times themselves check out.",https://www.caa.go.jp/policies/policy/consumer_safety/caution/caution_045/assets/consumer_safety_cms204_20201216_01.pdf; https://www.caa.go.jp/policies/policy/consumer_safety/release/pdf/consumer_safety_release_171206_0001.pdf,jr_024,,
152,wisdom,152_wisdom_hot-water-bottles.md,https://www.caa.go.jp/policies/policy/consumer_safety/caution/,https://www.caa.go.jp/policies/policy/consumer_safety/caution/caution_045/,The generic index does not support the burn-time table. The specific CAA advisory 「ゆたんぽを安全に正しく使用しましょう！」(2020-12-16) lives under caution_045.,https://www.caa.go.jp/policies/policy/consumer_safety/caution/caution_045/assets/consumer_safety_cms204_20201216_01.pdf,jr_024,,
152,wisdom,152_wisdom_hot-water-bottles.md,"Fill temperature: **hot but not boiling** for plastic and rubber types (typically **≤ 70–80°C**, per product)",Fill temperature: **hot but not boiling** for plastic and rubber types (many products specify **about 70°C or below** — follow the figure printed on yours),"Plastic yutampo instructions commonly cap the fill water at about 70°C; quoting “≤ 70–80°C” reads as permitting 80°C, which exceeds several manufacturers' limits and risks deformation or leaks.",https://www.caa.go.jp/policies/policy/consumer_safety/caution/caution_045/assets/consumer_safety_cms204_20201216_01.pdf; https://www.nite.go.jp/jiko/chuikanki/mailmagazin/2011fy/psm_vol160_1227.html,jr_024,,
153,wisdom,153_wisdom_the-year-end-clean.md,"The tradition traces to **susu-harai** (""soot sweeping""), historically held on **13 December** in the Edo period; many temples still do it on that day.","The tradition traces to **susu-harai** (""soot sweeping""), recorded from the Heian period and fixed on **13 December** at Edo Castle in the Edo period; many temples and shrines still do it on that day.","Susu-harai is documented from the Heian period; 13 December became the standard date through Edo Castle practice, which the article compresses into “in the Edo period”.",https://ohakakiwame.jp/column/memorial-service/end-of-year-cleaning.html,jr_024,,
153,wisdom,153_wisdom_the-year-end-clean.md,- Agency for Cultural Affairs — Annual customs (nenchū gyōji)   https://www.bunka.go.jp/english/,- Agency for Cultural Affairs — Annual customs (nenchū gyōji) [replace with the specific page: the English top page carries no nenchū-gyōji content]   https://www.bunka.go.jp/english/,"The URL is the Agency's English top page, not a page about annual customs, so it does not support the susu-harai / 13 December claim it is cited for.",https://www.bunka.go.jp/english/,jr_024,,
154,wisdom,154_wisdom_baking-soda-and-citric-acid.md,The fizz is carbon dioxide from **the two neutralising each other**. What remains is close to salt water.,"The fizz is carbon dioxide from **the two neutralising each other**. What remains is a weak sodium citrate solution — near-neutral, and no longer either an alkali or an acid.","Sodium bicarbonate plus citric acid gives CO2, water and sodium citrate. The residue is not sodium chloride, so “salt water” is chemically wrong even as shorthand.",https://www.kenei-pharm.com/general/learn/life-style/4121/,jr_024,,
154,wisdom,154_wisdom_baking-soda-and-citric-acid.md,"Japanese chlorine products carry the legally required warning **まぜるな危険** (""Danger — do not mix"").","Japanese chlorine products carry the warning **まぜるな危険** (""Danger — do not mix""), required under the Household Goods Quality Labelling Act (雑貨工業品品質表示規程) for products that release 1.0 ppm or more of chlorine gas in the prescribed test.","The labelling duty sits in 家庭用品品質表示法 / 雑貨工業品品質表示規程 (bleaches), triggered at 1.0 ppm chlorine release in the specified test; naming the instrument makes the “legally required” claim checkable.",https://www.caa.go.jp/policies/policy/representation/household_goods/law/law_07/item_003.html; https://www.shouhiseikatu.metro.tokyo.lg.jp/torihiki/hyoji/documents/kahyohandbook3003.pdf,jr_024,,
154,wisdom,154_wisdom_baking-soda-and-citric-acid.md,"Poorly. For a spray, use **warm water (about 1 teaspoon per 100 mL)**; for stubborn grease, sesquicarbonate dissolves better and is more alkaline.","Not readily at room temperature — it dissolves slowly and tops out near 9 g per 100 mL at 20°C. For a spray, use **warm water (about 1 teaspoon per 100 mL)**; for stubborn grease, sesquicarbonate dissolves better and is more alkaline (pH ~9.8 against ~8).",Sodium bicarbonate solubility is about 9.6 g/100 mL at 20°C and dissolves slowly in cold water; sesquicarbonate dissolves readily at room temperature. “Poorly” alone overstates it without the number.,https://www.live-science.com/honkan/partner/hikaku.html; https://kaji.tokyo-gas.co.jp/column/detail_4071,jr_024,,
155,wisdom,155_wisdom_the-emergency-bag.md,| Weight | **Adult: about 10–15 kg maximum**; less for elderly and children | No limit |,"| Weight | **About 10–15% of body weight** (commonly published guide: up to about 15 kg for men, 10 kg for women); less for elderly and children | No limit |","The widely published municipal guide is 男性15kg / 女性10kg, and preparedness research frames the practical ceiling as 10–15% of body weight. A flat “10–15 kg” applied to every adult is too heavy for many of the people the bag is for.",https://www.koka.ac.jp/sociology/news/bousailab/emergency-bag-weight; https://www.town.ishii.lg.jp/docs/2018110500097/,jr_024,,
156,wisdom,156_wisdom_water-storage.md,"Filled tap water keeps its chlorine for about **3 days at room temperature** (Tokyo Waterworks). After that, use it for **hygiene, not drinking**, unless boiled.","Filled tap water keeps its chlorine for about **3 days at room temperature** out of direct sunlight, or about **10 days refrigerated** (Tokyo Waterworks). Fill a clean, lidded container to the brim and do not boil it before storing. After that, use it for **hygiene, not drinking**, unless boiled.",Tokyo Waterworks gives both figures — chlorine holds about 3 days at room temperature away from direct sunlight and about 10 days refrigerated — and specifies filling to the brim from the tap without pre-boiling. The article uses only half the guidance.,https://www.waterworks.metro.tokyo.lg.jp/kurashi/shinsai/sonae/kumioki,jr_025,,
156,wisdom,156_wisdom_water-storage.md,It is for **flushing and washing**. A toilet flush uses **6–13 L** depending on the model; one bathtub (about **200 L**) covers a family for several days of flushing.,It is for **flushing and washing**. A toilet flush uses about **13 L** on pre-2000s models but only **3.8–6 L** on current water-saving ones; one bathtub (about **200 L**) covers a family for several days of flushing.,"Japanese toilets sold up to around 2001 used roughly 13 L per full flush; current water-saving models use 4.8–6 L (some 3.8 L), with small flush 3.5–5 L. The stated 6–13 L range excludes most toilets installed in the last two decades.",https://home.tokyo-gas.co.jp/housing/exchange/restroom/water-saving.html; https://www.y-home.co.jp/news/sessuitoiremiwake/,jr_025,,
157,wisdom,157_wisdom_rolling-stock.md,"""Rolling stock"" (rōringu sutokku) is the Japanese government's name for a simple habit:","""Rolling stock"" (rōringu sutokku) is the term used in Japanese government stockpiling guidance for a simple habit:","ローリングストック is a widely used Japanese consumer term that MAFF and the Cabinet Office adopted in their guidance; it was not coined or trademarked by government. ""The Japanese government's name for"" overstates the origin.",https://www.maff.go.jp/j/zyukyu/foodstock/; https://www.maff.go.jp/j/zyukyu/foodstock/guidebook.html,jr_025,,
158,wisdom,158_wisdom_ventilation-habits.md,| Mechanical (24-hour) ventilation | **Required in all new homes since 2003**; 0.5 air changes per hour | Building Standards Act amendment |,| Mechanical (24-hour) ventilation | **Required in the habitable rooms of all new buildings since 1 July 2003**; 0.5 air changes per hour in homes | Building Standards Act amendment |,"The sick-house amendment to the Building Standards Act took effect on 1 July 2003 and applies to the 居室 of all buildings — homes, schools, offices, hospitals — not homes alone; the 0.5 changes/hour rate is the residential figure (0.3 for most non-residential rooms).",https://www.mlit.go.jp/jutakukentiku/build/jutakukentiku_house_tk_000043.html; https://www.toshiseibi.metro.tokyo.lg.jp/kenchiku_kaihatsu/kenchiku_gyosei/gyosei/kijun/kn_k09,jr_025,,
159,wisdom,159_wisdom_summer-heat-habits.md,"Japanese summers combine 35°C days with 70–80% humidity, and the country records tens of thousands of heatstroke ambulance calls a year.","Japanese summers combine 35°C days with high humidity, and the country now records over 100,000 heatstroke ambulance calls a year.","2025 transports passed 100,000 for the first time (100,510), so ""tens of thousands"" understates the current scale. Relative humidity on a 35°C afternoon is typically nearer 50–60% — 70–80% is characteristic of the rainy season, night and early morning, not peak-heat hours.",https://www.netsuzero.jp/news/news-zero/20251120-14915.html; https://weather-jwa.jp/news/topics/post9530,jr_025,,
159,wisdom,159_wisdom_summer-heat-habits.md,- Ministry of the Environment — Cool Biz and summer guidance   https://ondankataisaku.env.go.jp/coolchoice/coolbiz/,- Ministry of the Environment — Cool Biz / appropriate room temperature (Deco-katsu)   https://ondankataisaku.env.go.jp/decokatsu/coolbiz/,The COOL CHOICE campaign was folded into デコ活 (Deco-katsu) in 2023 and the Cool Biz pages now sit under /decokatsu/coolbiz/. The /coolchoice/ path is the superseded campaign. Worth noting too that the 28°C target is a Cool Biz energy-saving figure the ministry has acknowledged was set without a firm ,https://ondankataisaku.env.go.jp/decokatsu/coolbiz/article/action_detail_004.html; https://www.tokyo-np.co.jp/article/355547,jr_025,,
160,wisdom,160_wisdom_gift-giving-customs.md,"- Surveys by department stores and gift associations put ochūgen participation at **around 30–40% of households** and falling, while temiyage and okaeshi remain near-universal.","- Consumer surveys put regular ochūgen giving much lower than it once was — **under 20%** say they send one every year, and over 40% have never sent one — while oseibo sits nearer **40%** and rises steeply with age; temiyage and okaeshi remain near-universal.","Hakuhodo's Seikatsu Teiten 2024 records 17.7% for ""I send ochūgen every year without fail"" (60s 37.4%, 20s 2.9%); 2025 surveys report over 40% have never sent ochūgen, and around 40% send oseibo. A single 30–40% band for ochūgen is too high and hides the age split.",https://seikatsusoken.jp/teiten/answer/894.html; https://ampmedia.jp/2025/07/15/ochugen-nendai/; https://prtimes.jp/main/html/rd/p/000000240.000034765.html,jr_025,,
160,wisdom,160_wisdom_gift-giving-customs.md,- Agency for Cultural Affairs — Annual customs and lifestyle culture   https://www.bunka.go.jp/english/,"- Agency for Cultural Affairs — Annual customs and lifestyle culture (link to the specific 生活文化・年中行事 page, not the agency's English top page)   https://www.bunka.go.jp/","The cited URL is the agency's generic English landing page and carries none of the noshi, mizuhiki or seasonal-gift content the article attributes to it. Either cite a specific agency page or drop the citation.",https://www.bunka.go.jp/english/,jr_025,,
161,beauty,161_beauty_sheet-masks.md,- 日本化粧品工業会（JCIA）の**化粧品等の適正広告ガイドライン**は、「浸透」を使う場合に**「角層まで」の注釈**を求めています。,- 日本化粧品工業会（JCIA）の**化粧品等の適正広告ガイドライン（2020年版）**は、「浸透」を使う場合に**作用部位が角層（角質層）までであることを明記する**よう求めています。,現行版は2020年版（2020年6月15日公開、JCIA公式PDF）。ガイドラインの要件は「注釈」ではなく「作用部位が角質層の範囲内であることを明記」。版年を示すと検証しやすい。,https://www.jcia.org/user/common/download/business/advertising/JCIA20200615_ADguide.pdf; https://www.jcia.org/user/business/advertising/,jr_026,,
161,beauty,161_beauty_sheet-masks.md,- 消費者庁「化粧品の表示に関する公正競争規約」   https://www.caa.go.jp/policies/policy/representation/fair_labeling/,- 化粧品公正取引協議会「化粧品の表示に関する公正競争規約」（景品表示法第31条に基づき消費者庁長官・公正取引委員会が認定）   https://www.cftc.jp/kiyaku/kiyaku01.html,同規約を設定・運用しているのは化粧品公正取引協議会（cftc.jp）で、消費者庁・公正取引委員会は認定機関。規約本文は協議会サイトにある。団体名とURLが一致していない。,https://www.cftc.jp/kiyaku/kiyaku01.html; https://www.cftc.jp/kiyaku/,jr_026,,
162,beauty,162_beauty_exfoliation.md,日本では、化粧品としての角質ケア製品が言える範囲は「古い角質を取り除く」までで、それ以上の表現はできません。,日本では、化粧品としての角質ケア製品が言えるのは「洗浄により古い角質を取り除く」といった物理的な範囲までで、それ以上の表現はできません。,本文の56項目の記述と同じ論点。角質除去の表現が認められるのは「洗浄による物理的作用」としてであり、その限定を落とすと効能の範囲を広く読ませてしまう。,https://maclogi.co.jp/column/3064/?type=lecture; https://www.mhlw.go.jp/web/t_doc?dataId=00tb7518&dataType=1&pageNo=,jr_026,,
163,beauty,163_beauty_foundation-spf.md,- 気象庁「紫外線に関する基礎知識（曇天時の紫外線）」   https://www.data.jma.go.jp/gmd/env/uvhp/3-40uvb.html,- 気象庁「紫外線に関する基礎知識／紫外線のデータ集」   https://www.data.jma.go.jp/env/uvhp/info_uv.html,気象庁サイト改編により /gmd/ を含むパスは現行の案内経路から外れている。現行は data.jma.go.jp/env/uvhp/ 配下（解説本文は jma.go.jp/jma/kishou/know/env/uvhp/3-40uv.html）。,https://www.data.jma.go.jp/env/uvhp/info_uv.html; https://www.jma.go.jp/jma/kishou/know/env/uvhp/3-40uv.html,jr_026,,
163,beauty,163_beauty_foundation-spf.md,| SPFの測定条件 | **皮膚1cm²あたり2mg**を塗布（日本化粧品工業会のSPF測定法基準／ISO 24444） |,| SPFの測定条件 | **皮膚1cm²あたり2mg**を塗布（日本化粧品工業会のSPF測定法基準／**ISO 24444:2019**、追補1は2022年） |,現行の国際規格はISO 24444:2019で、2022年3月にAmd.1:2022が発行。JCIAのSPF測定法基準もこれを自主基準として採用している。版年を示すと精度が上がる。,https://www.iso.org/standard/72250.html; https://webdesk.jsa.or.jp/books/W11M0090/index/?bunsyo_id=ISO+24444:2019/Amd+1:2022; https://www.jcia.org/user/business/guideline/spf,jr_026,,
165,beauty,165_beauty_using-a-hair-dryer.md,- 独立行政法人製品評価技術基盤機構（NITE）「ヘアドライヤーの事故」   https://www.nite.go.jp/jiko/chuikanki/,- 独立行政法人製品評価技術基盤機構（NITE）製品安全情報マガジン Vol.379「ヘアドライヤーの事故」（2021年4月27日）   https://www.nite.go.jp/jiko/chuikanki/mailmagazin/2021fy/vol379_210428.html,記載URLは注意喚起の一覧ディレクトリ。本文が参照している「ヘアドライヤーの事故」はNITE製品安全情報マガジンVol.379に対応する。,https://www.nite.go.jp/jiko/chuikanki/mailmagazin/2021fy/vol379_210428.html; https://www.nite.go.jp/jiko/chuikanki/kyouzai/dvdhandbook2_dryer.html,jr_026,,
165,beauty,165_beauty_using-a-hair-dryer.md,- 電気用品安全法（PSE）の対象製品で、**吸込口のほこりの詰まり**は過熱・発火の原因になります。製品評価技術基盤機構（NITE）はドライヤーの**吸込口の清掃**と**コードのねじれ・断線**に注意喚起しています。,- 電気用品安全法（PSE）の対象製品で、**吸込口のほこりの詰まり**は過熱・発火の原因になります。製品評価技術基盤機構（NITE）は、**吸込口に髪やほこりを吸い込ませないこと**と、**コードを本体に巻き付けたりねじったまま使わないこと（芯線の半断線から発火に至る例がある）**を注意喚起しています。,NITEの注意喚起の中身は「吸込口に髪を近づけない」「コードを本体に巻き付けない・ねじらない」。コード付け根の半断線→短絡発火の事故事例（事故情報特記ニュースNo.28）も公表されている。本文の要約が実際の注意点とずれている。,https://www.nite.go.jp/jiko/chuikanki/mailmagazin/2021fy/vol379_210428.html; https://www.nite.go.jp/jiko/chuikanki/specialnews/028news.html,jr_026,,
165,beauty,165_beauty_using-a-hair-dryer.md,| 髪の表面温度の目安 | **60〜70℃を超えない**ように動かし続ける（製品の説明書の考え方） |,| 髪に当たる風の温度 | 吹き出し口で約100〜120℃でも、**15〜20cm離すと約60〜70℃**まで下がるとされる。**同じ場所に当て続けない** |,流通している数値は「距離20cmで風温が約60〜70℃に下がる」という距離と風温の関係で、「製品の説明書が定める髪の表面温度の上限」という一次情報は確認できなかった。根拠のある形に言い換えるのが安全。,https://salonia.jp/column/hair/hair-how-to/vol_cl28/; https://www.kao.com/jp/haircare/hair/3-7/,jr_026,,
166,beauty,166_beauty_hair-oil.md,## A. 最大の誤解は「多くつければツヤが出る」です。つけすぎは重くベタつき、頭皮につけると毛穴詰まりの原因になります。目安は「タオルドライ後の濡れた髪に、1〜2滴（ショート）〜3〜4滴（ロング）を、毛先中心に」です。,## A. 最大の誤解は「多くつければツヤが出る」です。つけすぎは重くベタつき、頭皮につけると毛穴詰まりの原因になります。目安は「タオルドライ後の濡れた髪に、1滴（ショート）〜3〜4滴（ロング）を、毛先中心に」です。,記事内の内部矛盾。導入（A）は「1〜2滴（ショート）」だが、直後の表は「ショート＝1滴〜半プッシュ」「ミディアム＝2〜3滴」。表に合わせて統一が必要。,,jr_027,,
166,beauty,166_beauty_hair-oil.md,- 日本化粧品工業会「化粧品等の適正広告ガイドライン」   https://www.jcia.org/user/business/advertising,- 日本化粧品工業会「化粧品等の適正広告ガイドライン2020年版」   https://www.jcia.org/user/business/advertising/,同ガイドラインの現行版は2020年版（2020年6月15日発行、2017年版からの改正新旧対照表あり）。版年を明示するのが正確。,https://www.jcia.org/user/business/advertising/; https://www.jcia.org/user/common/download/business/advertising/JCIA20200615_ADguide_comparison_table.pdf,jr_027,,
167,beauty,167_beauty_bath-additives.md,- 厚生労働省「医薬部外品の効能効果の範囲」   https://www.mhlw.go.jp/stf/seisakunitsuite/bunya/kenkou_iryou/iyakuhin/keshouhin/index.html,- 厚生労働省「医薬部外品の効能又は効果の範囲について」（薬食審査発第1225001号）   https://www.mhlw.go.jp/file/06-Seisakujouhou-11120000-Iyakushokuhinkyoku/yakuyou_kounou_1.pdf,リンク先は厚労省「化粧品・医薬部外品等ホームページ」という入口ページで、効能効果の範囲そのものは載っていない。範囲を定めるのは薬食審査発第1225001号（平成20年12月25日）。浴用剤の効能は同通知および浴用剤製造販売承認基準（薬食発0325第39号）で確認できる。,https://www.mhlw.go.jp/file/06-Seisakujouhou-11120000-Iyakushokuhinkyoku/yakuyou_kounou_1.pdf; https://www.mhlw.go.jp/web/t_doc?dataId=00tc0826&dataType=1&pageNo=1,jr_027,,
167,beauty,167_beauty_bath-additives.md,- 日本浴用剤工業会「入浴剤の種類と使い方」   https://www.jbia.org/,- 日本浴用剤工業会「入浴剤の効果とメカニズム」   https://www.jbia.org/knowledge3.html,炭酸ガス系入浴剤の作用（湯に溶けた炭酸ガスが皮膚から吸収され血管を拡げる／効果は約2時間持続）を説明しているのは同会サイトの当該ページ。トップページでは本文の記述に対応しない。,https://www.jbia.org/knowledge3.html; https://www.jbia.org/faq01.html,jr_027,,
167,beauty,167_beauty_bath-additives.md,- 消費者庁「入浴中の事故に注意（高齢者の入浴事故）」   https://www.caa.go.jp/policies/policy/consumer_safety/caution/,- 消費者庁「冬季に多発する高齢者の入浴中の事故に御注意ください！」   https://www.caa.go.jp/policies/policy/consumer_safety/caution/caution_042,本文の「41℃以下・10分程度」は消費者庁の当該注意喚起（湯温41度以下、湯につかる時間10分までを目安）に対応する。リンクは注意喚起の一覧ページのままで資料を特定できていない。,https://www.caa.go.jp/policies/policy/consumer_safety/caution/caution_042; https://www.caa.go.jp/policies/policy/consumer_safety/caution/caution_042/assets/consumer_safety_cms204_20201119_02.pdf,jr_027,,
168,beauty,168_beauty_body-wash-vs-soap.md,- 厚生労働省「医薬部外品の効能効果の範囲」   https://www.mhlw.go.jp/stf/seisakunitsuite/bunya/kenkou_iryou/iyakuhin/keshouhin/index.html,- 厚生労働省「医薬部外品の効能又は効果の範囲について」（薬食審査発第1225001号）   https://www.mhlw.go.jp/file/06-Seisakujouhou-11120000-Iyakushokuhinkyoku/yakuyou_kounou_1.pdf,167と同じ。リンク先は入口ページで、医薬部外品の効能効果の範囲（薬用石けん・ボディソープの「体臭を防ぐ」「にきびを防ぐ」等）は薬食審査発第1225001号に記載。,https://www.mhlw.go.jp/file/06-Seisakujouhou-11120000-Iyakushokuhinkyoku/yakuyou_kounou_1.pdf,jr_027,,
168,beauty,168_beauty_body-wash-vs-soap.md,- 公益社団法人日本皮膚科学会「皮膚科Q&A　皮膚の清潔」   https://www.dermatol.or.jp/qa/,- 公益社団法人日本皮膚科学会「皮膚科Q&A」   https://www.dermatol.or.jp/qa/index.html,日本皮膚科学会「皮膚科Q&A」に「皮膚の清潔」という項目は確認できない（項目はアトピー性皮膚炎・にきび・脱毛症・爪の病気などの疾患別）。URLも索引ページを指していない。,https://www.dermatol.or.jp/qa/index.html,jr_027,,
168,beauty,168_beauty_body-wash-vs-soap.md,| 主な洗浄成分 | **石けん（脂肪酸ナトリウム等）**、**弱アルカリ性（pH9〜10）** | 合成界面活性剤または石けん系。**中性〜弱酸性**の製品が多い |,| 主な洗浄成分 | **石けん（脂肪酸ナトリウム等）**、**弱アルカリ性（pH9.5〜10.5程度）** | 合成界面活性剤または石けん系。**中性〜弱酸性**の製品が多い |,石けん（水溶液）のpHは一般に9.5〜10.5とされる。「pH9〜10」は下限がやや低く、実測の代表値と合わない。,https://www.ecorea.co.jp/faq/faq-sekken-alkali/; https://www.drbronner.jp/journal/1949/,jr_027,,
169,beauty,169_beauty_nail-care-and-removers.md,- 国民生活センター「ジェルネイルによる危害」   https://www.kokusen.go.jp/,- 国民生活センター 消費者トラブル解説集「ネイルサロンでジェルネイルをしてもらったら、指先が腫れた」   https://www.kokusen.go.jp/t_box/data/t_box-faq_qa2013_60.html,「ジェルネイルによる危害」というタイトルの資料は確認できず、URLもトップページ。実在するページ名・URLに置き換える。,https://www.kokusen.go.jp/t_box/data/t_box-faq_qa2013_60.html,jr_027,,
169,beauty,169_beauty_nail-care-and-removers.md,- 公益社団法人日本皮膚科学会「皮膚科Q&A　爪の病気」   https://www.dermatol.or.jp/qa/,- 公益社団法人日本皮膚科学会「皮膚科Q&A　爪の病気」   https://www.dermatol.or.jp/qa/qa12/index.html,「爪の病気」は皮膚科Q&Aの qa12 に置かれている。現状のURLは索引にも当該項目にも解決しない。公開前に qa12 が「爪の病気」であることを原文で要確認。,https://www.dermatol.or.jp/qa/index.html,jr_027,,
171,fashion,171_fashion_silk-care.md,| 洗濯表示 | **桶に手＝手洗い可**、桶に×＝家庭洗濯不可 | JIS L0001 |,| 洗濯表示 | **桶に手＝手洗い可（上限40℃）**。2024年8月改正で**「30」入りの30℃手洗い記号**も追加。桶に×＝家庭洗濯不可 | JIS L0001（2024年改正） |,JIS L 0001:2024改正で、従来の手洗い記号（40℃を限度）に加え、水温30℃を限度とする手洗い記号が新設され、記号は43種類になった。絹製品は新記号が付く可能性が高く、区別の説明が必要。,https://www.kaken.or.jp/carelabel2024; https://nissenken.or.jp/news/jisl0001_20240820kaisei_new/,jr_028,,
171,fashion,171_fashion_silk-care.md,- 洗濯表示の**三角に×**（漂白不可）は絹製品のほぼ全部に付いています。**酸素系漂白剤も不可**の場合が多いので、表示を確認します。,- 洗濯表示の**三角に×**（漂白不可）は多くの絹製品に付いています。**酸素系漂白剤も不可**の場合が多いので、表示を確認します。,「ほぼ全部」と断定できる公的な統計・調査は見当たらない。塩素系漂白不可は共通するが、酸素系の可否は製品により分かれる。,https://www.caa.go.jp/policies/policy/representation/household_goods/guide/wash_02.html,jr_028,,
171,fashion,171_fashion_silk-care.md,絹は**虫に食われやすい**繊維で防虫剤は必要ですが、**防虫剤が直接触れると変色**することがあります。**不織布に包み、防虫剤は衣類の上**に置きます。長期保管なら**年に1〜2回、陰干し**します。,絹は**虫に食われやすい**繊維で防虫剤は必要ですが、**防虫剤が直接触れると変色**することがあります。**不織布に包み、防虫剤は衣類の上**に置きます。**種類の違う防虫剤を混ぜて使うと溶けてシミになる**ことがあるため、入れ替えるときは古いものを取り除き、においを飛ばしてから新しいものを入れます。長期保管なら**年に1〜2回、陰干し**します。,しょうのう・ナフタリン・パラジクロルベンゼンは併用不可で、併用すると溶けて衣類にシミができる。国民生活センターも、種類を変える際は古い防虫剤を取り除き、風をあててにおいを飛ばすよう案内している。,https://www.kokusen.go.jp/t_box/data/t_box-faq_qa2015_11.html; https://www.zenkuren.or.jp/user/insecticide,jr_028,,
172,fashion,172_fashion_storing-shoes.md,| 合皮・スニーカーのソール | **数年で加水分解**（履いていなくても進む） | ポリウレタンの性質 |,| 合皮・スニーカーのソール | **製造から2〜3年ほどで加水分解が表面化**（履いていなくても進む） | ポリウレタンの性質 |,ポリウレタン樹脂は空気中の水分で通常2〜3年で劣化し、クリーニング事故賠償基準では合成皮革製外衣の平均使用年数を3年としている。「数年」より具体的に書ける。,https://www.zenkuren.or.jp/news/2949,jr_028,,
172,fashion,172_fashion_storing-shoes.md,| 履いた後 | **一晩、風通しのよい場所で乾かす**（すぐ靴箱に入れない） | 足は**1日にコップ1杯（約200mL）**の汗を出すとされる |,| 履いた後 | **一晩、風通しのよい場所で乾かす**（すぐ靴箱に入れない） | **両足で1日にコップ1杯（約200mL）**の汗を出すとされる |,一般に引用される数値は「両足で1日約200mL」。片足あたりと読めると倍の量になるため、主語を明示したほうがよい。,https://www.myfoot.jp/kutsumemo/-11-1-123.html; https://dime.jp/genre/474495/,jr_028,,
172,fashion,172_fashion_storing-shoes.md,## 誤解4｜革靴は乾いたらすぐクリーム,## 誤解4｜革靴は表面が乾いたらすぐクリーム,本文の主張は「完全に乾いてから塗る」であり、見出しの「乾いたら」が正しい手順と同じ表現になっていて誤解の内容と噛み合わない。表面と内部の乾きの違いを見出しに反映させる。,https://www.jlia.or.jp/,jr_028,,
173,fashion,173_fashion_hat-care.md,- 帽子も**家庭用品品質表示法**の対象（繊維製品）で、**素材と洗濯表示**が付いています。**内側のスベリ（汗止めテープ）の表示**を見ます。,- 帽子も**家庭用品品質表示法**の対象（繊維製品）で、**表生地の繊維の組成と取扱方法（洗濯表示）**が付いています。ただし対象は通園通学帽・スポーツ帽・防暑防寒帽・タウンハットなどで、**装飾性の強い帽子・業務用帽子・サンバイザーは対象外**です。表示は**内側のスベリ（汗止めテープ）付近**に付いていることが多いので、そこを見ます。,帽子品質表示実施要領では、対象は糸を表生地に使用した日常的な帽子に限られ、装飾性の強い帽子・業務用帽子・サンバイザーは対象外。表示事項は表生地の繊維の組成、取扱方法、表示者名等。,https://www.shouhiseikatu.metro.tokyo.lg.jp/torihiki/hyoji/jorei/documents/6_headwear.pdf; https://www.caa.go.jp/policies/policy/representation/household_goods/guide/fiber/,jr_028,,
174,fashion,174_fashion_shrunken-knitwear.md,| **フェルト化（縮絨）** | ウールの表面のうろこ（スケール）が**水・熱・摩擦**で絡み合い、生地が硬く厚くなる | **戻らない** |,| **フェルト化（縮絨）** | ウールの表面のうろこ（スケール）が**水・熱・摩擦・アルカリ**で開いて絡み合い、生地が硬く厚くなる | **戻らない** |,フェルト化の要因は、スケールに加えて水・熱・力（摩擦）・アルカリとされる。アルカリ性洗剤の使用も要因であり、記事が中性洗剤を勧める根拠にもなる。,https://www.zenkuren.or.jp/news/5449; https://tnii-tes.com/felting/,jr_028,,
176,fashion,176_fashion_folding-and-hangers.md,- 消費者庁「洗濯表示（令和6年8月20日以降）」（乾燥・保管に関する記号の考え方）,- 消費者庁「洗濯表示（令和6年8月20日以降）」（乾燥・アイロン等の記号の考え方）,洗濯表示（JIS L 0001）の記号は洗濯・漂白・乾燥・アイロン・商業クリーニングの5区分で、「保管」に関する記号は存在しない。出典の説明と本文の対応が取れていない。なお「令和6年8月20日以降」の版は現行（旧表示の経過措置は令和7年8月19日で終了済み）で、年次自体は正しい。,https://www.caa.go.jp/policies/policy/representation/household_goods/guide/wash_02.html; https://www.caa.go.jp/policies/policy/representation/household_goods/information/operation/assets/representation_cms219_240820_01.pdf,jr_029,,
176,fashion,176_fashion_folding-and-hangers.md,https://www.hokeniryo.metro.tokyo.lg.jp/kankyo/kankyo_eisei/jyuukankyo/indoor/kabi.html,https://www.hokeniryo.metro.tokyo.lg.jp/kankyo/eisei,現行の東京都保健医療局サイトでは生活衛生は /kankyo/eisei 配下にあり、kankyo_eisei/jyuukankyo は旧・福祉保健局時代の階層。記事の深いURLは検索で確認できない（室内カビ対策の資料は hokeniryo1.metro.tokyo.lg.jp/allergy/pdf/indoor03.pdf 等）。,https://www.hokeniryo.metro.tokyo.lg.jp/kankyo/eisei; https://www.hokeniryo1.metro.tokyo.lg.jp/allergy/pdf/indoor03.pdf,jr_029,,
177,fashion,177_fashion_umbrella-care.md,| 撥水加工の仕組み | 生地表面の**フッ素系・シリコン系の微細な毛羽**が水を弾く。**汚れと摩擦で毛羽が寝ると効かなくなる** |,| 撥水加工の仕組み | 生地表面に並んだ**フッ素樹脂（またはシリコン系）の微細な突起**が水を弾く。**汚れと摩擦で並びが乱れると効かなくなる** |,撥水加工は繊維表面に固定されたフッ素樹脂が立ち並ぶ構造で、汚れ・摩擦で並びが乱れると撥水が落ちる。「毛羽」は繊維自体の毛羽立ちと紛らわしく、機構の説明として不正確。,https://weathernews.jp/s/topics/202206/200225/,jr_029,,
177,fashion,177_fashion_umbrella-care.md,- 環境省「プラスチック資源循環（使い捨てプラスチック）」   https://www.env.go.jp/recycle/plastic/,- 環境省「プラスチック資源循環法関連」   https://www.env.go.jp/recycle/plastic/circulation.html,/recycle/plastic/ 直下に「使い捨てプラスチック」という名称のページは確認できない。確認できるのは「プラスチック資源循環法関連」(circulation.html) と普及啓発サイト plastic-circulation.env.go.jp。,https://www.env.go.jp/recycle/plastic/circulation.html; https://plastic-circulation.env.go.jp/about,jr_029,,
178,fashion,178_fashion_glasses-care.md,メガネのレンズをシャツで拭く癖は世界共通で、日本の眼鏡店が最も注意する点でもあります。日本のメガネ産業（福井県鯖江市が国内フレームの9割超）で共有される手入れの基本を整理します。,メガネのレンズをシャツで拭く癖は世界共通で、日本の眼鏡店が最も注意する点でもあります。日本のメガネ産業（福井県が国内フレームの約95%を生産）で共有される手入れの基本を整理します。,内部矛盾：導入は「9割超」、本文29行目は「約9割」と食い違う。福井県の資料では約95%。表記を統一する必要がある。,https://www.pref.fukui.lg.jp/shigoto/industry/cat2701/index.html,jr_029,,
180,fashion,180_fashion_rainwear-care.md,- 撥水の回復：**乾燥機の低温（表示で可なら）または当て布をして低温アイロン**で表面加工を再配列させる。効かなければ**撥水スプレーを屋外で**。,- 撥水の回復：**洗濯表示で可なら乾燥機の中温で約20分、または当て布をしてスチームなしの低温アイロン**で表面加工を再配列させる。効かなければ**撥水スプレーを屋外で**。,日本ゴア社の案内では、洗濯後に乾燥機の中温で約20分、乾燥機がない場合は「低温・スチームなし・当て布」のアイロン。記事の「乾燥機の低温」は公式案内の温度帯とずれる。,https://www.lenet.jp/magazine/how-to-wash-gore-tex/; https://www.bepal.net/archives/552903,jr_029,,
181,health,181_health_snoozing.md,- アラームで目覚めた後の眠りは**浅い睡眠が中心**で、**5〜10分の細切れが数回**あっても、深い睡眠による回復は得にくいとされています。,- アラームで目覚めた後の眠りは**浅い睡眠になりやすい**とされ、**5〜10分の細切れ**を数回重ねても、深い睡眠による回復は得にくいと説明されています。,「浅い睡眠が中心」「5〜10分の細切れが数回」は具体的な数値を伴う断定ですが、公的資料で裏づけを確認できませんでした。睡眠医学の一般的説明にとどめる表現が安全です。,https://www.mhlw.go.jp/stf/seisakunitsuite/bunya/kenkou_iryou/kenkou/suimin/index.html,jr_030,,
182,health,182_health_snoring.md,- 一般社団法人日本呼吸器学会「睡眠時無呼吸症候群」   https://www.jrs.or.jp/citizen/disease/,- 一般社団法人日本呼吸器学会「睡眠時無呼吸症候群（SAS）の診療ガイドライン2020」   https://www.jrs.or.jp/publication/jrs_guidelines/20200730145402.html,citizen/disease/ は疾患一覧のトップで、SAS固有の記述を指していません。学会の正式資料は2020年7月刊行の診療ガイドライン2020です。,https://www.jrs.or.jp/publication/jrs_guidelines/20200730145402.html; https://minds.jcqhc.or.jp/summary/c00587/,jr_030,,
183,health,183_health_oral-rehydration-solutions.md,- 厚生労働省の熱中症の指針では、**大量に汗をかいた場合は0.1〜0.2%の食塩水（1Lに1〜2g）**、**めまい・吐き気などがあれば経口補水液**、**意識がはっきりしない・飲めない場合は救急要請**とされています。,- 厚生労働省・環境省の熱中症対策の資料では、**大量に汗をかいた場合は0.1〜0.2%の食塩水（1Lに1〜2g）**、**めまい・吐き気などがあれば経口補水液**、**意識がはっきりしない・飲めない場合は救急要請**とされています。,0.1〜0.2%（水100mLあたり食塩0.1〜0.2g）の数値は厚労省リーフレットの記載と一致。ただし2024年4月の改正気候変動適応法の全面施行以降、熱中症対策の中心資料・警戒情報（熱中症特別警戒アラート）は環境省所管であり、「厚生労働省の指針」だけに帰すのは不正確です。,https://www.env.go.jp/press/press_03083.html; https://www.wbgt.env.go.jp/doc_ccaa.php,jr_030,,
183,health,183_health_oral-rehydration-solutions.md,**自作する場合は水1Lに砂糖40g・塩3g**が厚労省などで紹介される目安ですが、**衛生面から市販品が確実**です。,**自作する場合は水1Lに砂糖40g・塩3g**がWHOの経口補水塩の考え方をもとに広く紹介される目安ですが、**衛生面から市販品が安心**です。,「水1L＋砂糖40g＋塩3g」はWHOの経口補水塩の配合に基づく一般的なレシピとして医療機関・自治体が紹介しているもので、厚生労働省が出典であることを確認できませんでした。,https://www.tokyo-hospital.com/archives/29044/; https://www.kakuredassui.jp/stop/knowledge/care/care06,jr_030,,
184,health,184_health_hot-water-sayu.md,白湯は水です。**1日の水分は食事以外で1.2L程度**（厚労省の目安）を、**温度にこだわらず**とります。,白湯は水です。**1日の水分は食事以外で1.2L程度**（「健康のため水を飲もう」推進運動の目安）を、**温度にこだわらず**とります。,1.2Lは「健康のため水を飲もう」推進運動が示す「飲み水1.2L（食事1.0L・体内生成0.3L）」の内訳。同運動は2024年4月以降、厚労省の所管ではありません。,https://www.env.go.jp/water/water_supply/nomou/index.html,jr_030,,
185,health,185_health_sauna-safety.md,- 消費者庁「冬季に多発する高齢者の入浴中の事故に注意」   https://www.caa.go.jp/policies/policy/consumer_safety/caution/,- 消費者庁「冬季に多発する高齢者の入浴中の事故に御注意ください！」   https://www.caa.go.jp/policies/policy/consumer_safety/caution/caution_013,示されていたのは注意喚起の一覧ページで、当該注意喚起の本体を指していません。正式名称は「冬季に多発する高齢者の入浴中の事故に御注意ください！」です。,https://www.caa.go.jp/policies/policy/consumer_safety/caution/caution_013; https://www.caa.go.jp/policies/policy/consumer_safety/caution/caution_042,jr_030,,
185,health,185_health_sauna-safety.md,- 公益社団法人日本サウナ・スパ協会「サウナの正しい入り方」   https://www.sauna.or.jp/,- 公益社団法人日本サウナ・スパ協会（公式サイト）   https://sauna.or.jp/,協会の公式サイトは https://sauna.or.jp/ で、示されたURLはトップページです。「サウナの正しい入り方」という表題のページは確認できませんでした。表題を実体に合わせるか、該当ページを特定してください。,https://sauna.or.jp/; https://sauna.or.jp/jsa/about/,jr_030,,
185,health,185_health_sauna-safety.md,目安は「サウナ6〜12分・水風呂1分程度・休憩5〜10分」を体調で調整し、飲酒後・体調不良時・持病がある場合は避けることです。,目安は「サウナ6〜12分・水風呂30秒〜1分・休憩5〜10分」を体調で調整し、飲酒後・体調不良時・持病がある場合は避けることです。,冒頭のA文は「水風呂1分程度」、本文の表は「水風呂30秒〜1分」で数値が揃っていません（内部矛盾）。表側に合わせるのが安全側です。,,jr_030,,
187,health,187_health_radio-calisthenics.md,| 現在の形 | **第一（1951年）**：13種類の運動、**約3分13秒**／**第二（1952年）**：13種類、約3分 |,| 現在の形 | **第一（1951年）**：13種類の運動、**約3分**／**第二（1952年）**：13種類、約3分 |,第一が13種類・1951年制定、第二が1952年制定は一次情報（かんぽ生命「ラジオ体操の歴史」）で裏づけられるが、「約3分13秒」という秒単位の値は公表資料に見当たらず、各種資料では「約3分」「約3分10秒」と表記されている。,https://www.jp-life.japanpost.jp/radio/faq/abt_csr_rdo_faq_cat01.html; https://www.gov-online.go.jp/eng/publicity/book/hlj/html/201910/201910_05_jp.html,jr_031,,
187,health,187_health_radio-calisthenics.md,- かんぽ生命「ラジオ体操の歴史」   https://www.jp-life.japanpost.jp/aboutus/csr/radio/,- かんぽ生命「ラジオ体操の歴史」   https://www.jp-life.japanpost.jp/radio/faq/abt_csr_rdo_faq_cat01.html,かんぽ生命「ラジオ体操の歴史」の現行ページは /radio/faq/abt_csr_rdo_faq_cat01.html。記事の /aboutus/csr/radio/ は検索結果に現れず、到達性が確認できない。,https://www.jp-life.japanpost.jp/radio/faq/abt_csr_rdo_faq_cat01.html,jr_031,,
188,health,188_health_sitting-too-long.md,- 厚生労働省「情報機器作業における労働衛生管理のためのガイドライン」（令和元年）,- 厚生労働省「情報機器作業における労働衛生管理のためのガイドライン」（令和元年7月12日 基発0712第3号、令和3年12月1日一部改正）,出典表記に令和3年12月1日の一部改正が反映されていない。,https://www.jaish.gr.jp/anzen/hor/hombun/hor1-62/hor1-62-33-1-0.htm,jr_031,,
189,health,189_health_measuring-body-temperature.md,感染症法上の「発熱」は**37.5℃以上**が一般的な目安とされます。,感染症法に基づく**医師の届出基準**では、「発熱」は**37.5℃以上**、「高熱」は**38.0℃以上**と定義されています。,37.5℃は感染症法の条文ではなく、感染症法に基づく届出基準の用語定義に由来する。「感染症法上の」という言い方は出どころを曖昧にしている。,https://www.nakano-med.or.jp/topics/2020/05.php; https://www.tyojyu.or.jp/net/byouki/rounensei/hatsunetsu.html,jr_031,,
189,health,189_health_measuring-body-temperature.md,- 家庭用体温計は**医薬品医療機器等法上の「管理医療機器」**で、**JIS T 1140（電子体温計）**などの規格に基づいて認証されます。,- 家庭用の**電子体温計**は**医薬品医療機器等法上の「管理医療機器（クラスⅡ）」**で、**JIS T 1140（電子体温計。最新は2024年改正）**などの規格に基づいて認証されます。,管理医療機器（クラスⅡ）に当たるのは電子体温計（接触型・非接触型とも）で、ガラス製体温計は一般医療機器（クラスⅠ）。JIS T 1140 は1989年制定、1998・2005・2014年改正を経て最新はJIS T 1140:2024。,https://webdesk.jsa.or.jp/books/W11M0090/index/?bunsyo_id=JIS+T+1140:2024; https://www.daiichihoki.co.jp/houjiken/img/8.pdf,jr_031,,
191,trend,191_trend_food-storage-containers.md,**使用できる物質を国が定め、それ以外は使えない**仕組みです（**2025年5月末で経過措置終了**）。,**使用できる物質を国が定め、それ以外は使えない**仕組みです（**2025年5月31日で経過措置が終了し、2025年6月1日から完全施行**）。,経過措置は2025年5月31日満了、2025年6月1日から完全施行。今日（2026年9月）時点では既に完了した事実なので、日付と現況を明確にしたほうがよい。,https://www.caa.go.jp/policies/policy/standards_evaluation/appliance/positive_list_new; https://www.caa.go.jp/policies/policy/standards_evaluation/appliance/positive_list,jr_032,,
191,trend,191_trend_food-storage-containers.md,| **耐熱ガラス** | におい・色が移らない、オーブン可、中身が見える | 重い、割れる、急冷・急加熱に注意 | 耐熱温度差**約120℃** |,| **耐熱ガラス** | におい・色が移らない、オーブン可、中身が見える | 重い、割れる、急冷・急加熱に注意 | 耐熱温度差**120℃以上**（直火用は**150℃以上**） |,家庭用品品質表示法の耐熱ガラス製器具の基準では、直火用以外（オーブン用・電子レンジ用・熱湯用）は耐熱温度差120℃以上、直火用は150℃以上。「約120℃」ではなく下限値。,https://www.caa.go.jp/policies/policy/representation/household_goods/guide/zakka/zakka_22.html,jr_032,,
191,trend,191_trend_food-storage-containers.md,- 東京都保健医療局「食品衛生の窓　器具・容器包装」   https://www.hokeniryo.metro.tokyo.lg.jp/shokuhin/,- 東京都保健医療局「食品衛生の窓　器具・容器包装」   https://www.hokeniryo1.metro.tokyo.lg.jp/shokuhin/kaisei/kiguyoukihousou.html,東京都保健医療局「食品衛生の窓」のホストは hokeniryo1.metro.tokyo.lg.jp（末尾に1）。検索で得られる現行ページはいずれも hokeniryo1 ドメイン。,https://www.hokeniryo1.metro.tokyo.lg.jp/shokuhin/kaisei/kiguyoukihousou.html,jr_032,,
192,trend,192_trend_plastic-wrap-and-foil.md,**紙製の刃でも切れます。** 子どもの手の届かない場所に。,**刃には金属製のものと紙・樹脂製のものがあり、紙製の刃でも切れます。** 子どもの手の届かない場所に。,家庭用ラップの箱の刃は金属製の製品も多く、「ラップの箱の刃は紙」という前提が全製品に当てはまるわけではない。誤解の見出しと本文の前提がずれている。,https://www.pof.or.jp/,jr_032,,
192,trend,192_trend_plastic-wrap-and-foil.md,**PVDC系ラップは燃やすと塩素系ガスが出るため、自治体の分別に従って**捨てます（多くは「燃やすごみ」または「プラスチック」）。,**PVDC系ラップは塩素を含むため、捨てるときは自治体の分別区分に従って**ください（多くは「燃やすごみ」または「プラスチック」）。,現行の自治体焼却炉は排ガス処理を備えており「燃やすと塩素系ガスが出る（から分別する）」という因果は正確でない。分別区分は自治体の指定に従う、が実務。断定を弱めるべき。,https://vdkyo.jp/whats_pvdc/002.html,jr_032,,
193,trend,193_trend_cutting-board-hygiene.md,**側面と縫い目からの汚れの回り込み**があり、洗うときも混ざります。,**側面や縁からの汚れの回り込み**があり、洗うときも混ざります。,まな板に「縫い目」は存在しない。用語の誤り。,,jr_032,,
193,trend,193_trend_cutting-board-hygiene.md,- 東京都保健医療局「食品衛生の窓　家庭での食中毒予防」   https://www.hokeniryo.metro.tokyo.lg.jp/shokuhin/,- 東京都保健医療局「食品衛生の窓　家庭での食中毒予防」   https://www.hokeniryo1.metro.tokyo.lg.jp/shokuhin/,東京都保健医療局「食品衛生の窓」のホストは hokeniryo1.metro.tokyo.lg.jp（末尾に1）。検索で得られる現行ページはいずれも hokeniryo1 ドメイン。,https://www.hokeniryo1.metro.tokyo.lg.jp/shokuhin/tyuudoku/r6_kakutei.html,jr_032,,
194,trend,194_trend_donabe-care.md,**卓上カセットこんろで大きな土鍋を使うと、ボンベが過熱して危険**です。**こんろの取扱説明書のサイズ制限**を確認します（消費者庁・NITEが注意喚起）。,**卓上カセットこんろをおおうような大きい土鍋を使うと、熱がこもってボンベが過熱し、破裂するおそれ**があります。**こんろの取扱説明書のサイズ制限**を必ず確認します（NITE・東京都が注意喚起）。,注意喚起の主体として確認できるのはNITEと東京都（2024年4月）。消費者庁名の同趣旨資料は確認できなかった。また「危険」より具体的な事故（ボンベ破裂）を示すほうが正確。,https://www.nite.go.jp/jiko/chuikanki/press/2024fy/prs241226.html; https://www.metro.tokyo.lg.jp/information/press/2024/04/2024041111,jr_032,,
194,trend,194_trend_donabe-care.md,土鍋は**熱の当たりが柔らかく、保温性が高い**という調理上の利点があり、**手入れをすれば10年以上使えます。**,土鍋は**熱の当たりが柔らかく、保温性が高い**という調理上の利点があり、**手入れ次第で長く使えます。**,「10年以上」に公的・業界の裏付けが見当たらず、使用頻度や製品で大きく変わる。断定を避けるべき。,,jr_032,,
194,trend,194_trend_donabe-care.md,## 誤解5｜土鍋はすぐ割れるからプラスチックの鍋のほうが得,## 誤解5｜土鍋はすぐ割れるから金属鍋のほうが得,直火にかける鍋に「プラスチックの鍋」という選択肢は一般に存在せず、比較対象が不自然。金属鍋との比較が実態に合う。,,jr_032,,
195,trend,195_trend_cast-iron-pan-care.md,- 消費者庁「家庭用品品質表示法　雑貨工業品品質表示規程（なべ・フライパン）」   https://www.caa.go.jp/policies/policy/representation/household_goods/guide/zakka/,- 消費者庁「家庭用品品質表示法　雑貨工業品品質表示規程（鍋）」   https://www.caa.go.jp/policies/policy/representation/household_goods/guide/zakka/zakka_28.html,家庭用品品質表示法の指定品目は「なべ」で、消費者庁の手引きページも「鍋」。「なべ・フライパン」という品目名はなく、該当ページは zakka_28.html。なお表示規程の寸法規定はアルミ製・ほうろう製が中心で、鉄製フライパン全般を直接カバーするものではない点に注意。,https://www.caa.go.jp/policies/policy/representation/household_goods/guide/zakka/zakka_28.html; https://www.caa.go.jp/policies/policy/representation/household_goods/law/law_07,jr_032,,
196,trend,196_trend_ice-maker-hygiene.md,- 給水タンクに入れるのは**水道水**が基本です。**ミネラルウォーター・浄水器の水は塩素がなく、ぬめり・カビが出やすい**ため、メーカーは対応機種でも**タンクの洗浄頻度を上げる**よう案内しています。,- 給水タンクに入れるのは**水道水**が基本です。**ミネラルウォーター・浄水器の水は塩素がなく、ぬめり・カビが出やすい**ため、対応機種でも**硬度100mg/L以下に限る・3日に1回程度はタンクと浄水フィルターを洗う**などの条件がメーカーから示されています。,日立は「硬度100mg/L以下のミネラルウォーター、浄水器の水、水質基準を満たす井戸水は使用可。ただし塩素殺菌されていないため3日に1度はお手入れが必要」とし、高硬度水は故障の原因になると注意している。硬度条件が本文に欠けている。,https://kadenfan.hitachi.co.jp/support/rei/q_a/a117.html; https://jpn.faq.panasonic.com/app/answers/detail/a_id/9840/,jr_033,,
196,trend,196_trend_ice-maker-hygiene.md,- 厚生労働省「家庭でできる食中毒予防の6つのポイント」   https://www.mhlw.go.jp/www1/houdou/0903/h0331-1.html,- 厚生労働省「家庭でできる食中毒予防の6つのポイント」   https://www.mhlw.go.jp/stf/seisakunitsuite/bunya/kenkou_iryou/shokuhin/syokuchu/01_00006.html,当該資料の現行の掲載ページは stf/seisakunitsuite/.../syokuchu/01_00006.html。記載のURLは1997年の報道発表の旧パス（実体は www1.mhlw.go.jp 配下）で、現行ドメイン配下の表記では到達しない可能性が高い。,https://www.mhlw.go.jp/stf/seisakunitsuite/bunya/kenkou_iryou/shokuhin/syokuchu/01_00006.html,jr_033,,
197,trend,197_trend_storing-fruit.md,- 厚生労働省「家庭でできる食中毒予防の6つのポイント」   https://www.mhlw.go.jp/www1/houdou/0903/h0331-1.html,- 厚生労働省「家庭でできる食中毒予防の6つのポイント」   https://www.mhlw.go.jp/stf/seisakunitsuite/bunya/kenkou_iryou/shokuhin/syokuchu/01_00006.html,当該資料の現行の掲載ページは stf/seisakunitsuite/.../syokuchu/01_00006.html。記載のURLは1997年報道発表の旧パスで、現行ドメイン表記では到達しない可能性が高い。,https://www.mhlw.go.jp/stf/seisakunitsuite/bunya/kenkou_iryou/shokuhin/syokuchu/01_00006.html,jr_033,,
198,trend,198_trend_storing-meat.md,- 厚生労働省「家庭でできる食中毒予防の6つのポイント」   https://www.mhlw.go.jp/www1/houdou/0903/h0331-1.html,- 厚生労働省「家庭でできる食中毒予防の6つのポイント」   https://www.mhlw.go.jp/stf/seisakunitsuite/bunya/kenkou_iryou/shokuhin/syokuchu/01_00006.html,当該資料の現行の掲載ページは stf/seisakunitsuite/.../syokuchu/01_00006.html。記載のURLは1997年報道発表の旧パスで、現行ドメイン表記では到達しない可能性が高い。,https://www.mhlw.go.jp/stf/seisakunitsuite/bunya/kenkou_iryou/shokuhin/syokuchu/01_00006.html,jr_033,,
198,trend,198_trend_storing-meat.md,- 消費者庁「食品の期限表示について」   https://www.caa.go.jp/policies/policy/food_labeling/food_sanitation/expiration_date/,- 消費者庁「食品の期限表示に関する情報」   https://www.caa.go.jp/policies/policy/food_labeling/food_sanitation/expiration_date/,URLは正しいが、当該ページの正式名称は「食品の期限表示に関する情報」。なお設定のためのガイドラインは令和7年3月改訂版が最新。,https://www.caa.go.jp/policies/policy/food_labeling/food_sanitation/expiration_date/; https://www.caa.go.jp/policies/policy/food_labeling/food_labeling_act/assets/food_labeling_cms201_250328_1029.pdf,jr_033,,
198,trend,198_trend_storing-meat.md,- 厚生労働省は**冷蔵は10℃以下、冷凍は−15℃以下**を目安とし、**購入後はすぐ冷蔵、肉汁が漏れないよう袋に入れて他の食品と分ける**ことを案内しています。,- 厚生労働省は**冷蔵は10℃以下、冷凍は−15℃以下**を目安とし（家庭用冷凍庫の設定はおおむね−18℃で、表の数値はこれに合わせています）、**購入後はすぐ冷蔵、肉汁が漏れないよう袋に入れて他の食品と分ける**ことを案内しています。,厚労省の目安は−15℃以下で正しいが、同記事の表の見出しは「冷凍（−18℃以下）」。読者には数値の食い違いに見えるため、関係を一言補うのが安全。,https://www.mhlw.go.jp/stf/seisakunitsuite/bunya/kenkou_iryou/shokuhin/syokuchu/01_00006.html; https://www.n-shokuei.jp/eisei/sfs_6point.html,jr_033,,
199,trend,199_trend_storing-fish.md,**購入後すぐ冷蔵、常温に放置しない**が唯一の予防です。,**購入後すぐ冷蔵し、常温に放置しない**ことが基本の予防です。,ヒスタミン生成の抑制は低温管理が中心だが、鮮度の良い魚を選ぶ・エラや内臓を早く除く等も併せて案内されており、「唯一」は言い過ぎ。,https://www.mhlw.go.jp/stf/seisakunitsuite/bunya/0000130677.html; https://www.caa.go.jp/policies/policy/consumer_safety/food_safety/food_safety_portal/other/contents_001,jr_033,,
200,trend,200_trend_storing-spices-and-condiments.md,| めんつゆ（濃縮） | **冷蔵** | **数日〜数週間**（製品表示） | **開封後の常温放置でカビ**が多い相談 |,| めんつゆ（濃縮） | **冷蔵** | **2倍濃縮で1〜2週間、3倍濃縮以上で約1か月**（製品表示） | **開封後の常温放置でカビ**が多い相談 |,ヤマキは2倍濃縮つゆ1〜2週間・ストレート3日以内、キッコーマンは濃縮タイプ約1か月以内と案内。「数日〜数週間」は濃縮タイプの実際の目安より幅が狭く短い。,https://www.yamaki.co.jp/faq/; https://customer.kikkoman.co.jp/hc/ja/articles/34768879783961,jr_033,,
211,wisdom,211_wisdom_sliding-doors.md,- Kyoto Prefecture — Traditional crafts: Kyo-karakami and shoji paper   https://www.pref.kyoto.jp/,- Kyoto Prefecture — Traditional crafts: Kyo-karakami (decorated fusuma paper)   https://www.pref.kyoto.jp/senshoku/dentou.html,"The cited page is the prefecture's top page, and Kyoto's designated traditional craft is Kyo-karakami (fusuma paper); shoji paper is not a Kyoto traditional craft. Point at the crafts page and drop the shoji-paper claim.",https://www.pref.kyoto.jp/,jr_034,,
212,wisdom,212_wisdom_vertical-storage.md,"Owning less helps, but **the structural reason is height**. A 2.4 m room has three times the volume of its floor area suggests; most homes abroad use the bottom third.","Owning less helps, but **the structural reason is height**. A room with a 2.4 m ceiling holds 2.4 m³ of volume for every square metre of floor, and most homes abroad use only the bottom third of it.",As written the sentence does not parse ('three times the volume of its floor area suggests') and states no checkable quantity. Restating it as volume per square metre keeps the point and is arithmetically true.,,jr_034,,
214,wisdom,214_wisdom_bento-boxes.md,"- Japan's Ministry of Health guidance for food poisoning prevention — **""don't contaminate, don't let multiply, kill""** — is the basis of every bento rule above.","- The three principles behind Japan's Ministry of Health food-poisoning guidance — **""don't let bacteria on, don't let them multiply, kill them""** — are the basis of every bento rule above; the ministry's **six points** (shopping, storing, washing hands and tools, cooking through, eating promptly, r","'Don't contaminate, don't let multiply, kill' are the three principles (食中毒予防の3原則); the six points are the household checklist built from them. The article names the six points in its source line but quotes the three principles, conflating the two.",https://www.mhlw.go.jp/www1/houdou/0903/h0331-1.html; https://www.n-shokuei.jp/eisei/sfs_6point.html,jr_034,,
214,wisdom,214_wisdom_bento-boxes.md,- Akita Prefecture — Odate magewappa (traditional craft)   https://www.pref.akita.lg.jp/,"- Odate City (Akita) — Odate magewappa, nationally designated traditional craft   https://www.city.odate.lg.jp/city/kankou/bussan/magewappa","The prefectural top page does not document magewappa. Odate City's page covers the craft's history, the cedar's antibacterial and moisture-absorbing properties, and its 1980 designation as a national traditional craft.",https://www.city.odate.lg.jp/city/kankou/bussan/magewappa; https://www.tohoku.meti.go.jp/chizai-enet/support/brand/magewappa.html,jr_034,,
215,wisdom,215_wisdom_balcony-laundry.md,- **Pollen season (February–April)** and **yellow dust (spring)** make many households dry indoors or cover the laundry.,"- **Pollen season (roughly February–May — cedar from February, cypress running into May)** and **yellow dust (spring)** make many households dry indoors or cover the laundry.","Cedar pollen peaks in March and cypress in April, with cypress continuing into May across much of Honshu; forecasters for 2026 warn the season runs to about May. Ending the season in April understates it.",https://tenki.jp/pollen/expectation/; https://weathernews.jp/pollen/calendar.html,jr_034,,
215,wisdom,215_wisdom_balcony-laundry.md,- Ministry of the Environment — Household energy saving (家庭の省エネ)   https://ondankataisaku.env.go.jp/coolchoice/,"- Ministry of the Environment — Household energy saving under the Decokatsu campaign (デコ活, successor to COOL CHOICE)   https://ondankataisaku.env.go.jp/decokatsu/",COOL CHOICE stopped taking new sign-ups on 25 December 2023 and has been folded into the MOE's Decokatsu national campaign; the legacy path still redirects but the current programme name is Decokatsu.,https://ondankataisaku.env.go.jp/decokatsu/; https://ondankataisaku.env.go.jp/coolchoice/join.html,jr_034,,
216,wisdom,216_wisdom_the-zokin-cleaning-cloth.md,"- Ministry of Education, Culture, Sports, Science and Technology — Guidance on school activities including cleaning (学校における清掃活動)   https://www.mext.go.jp/","- Ministry of Education, Culture, Sports, Science and Technology — Course of Study, Special Activities chapter (学習指導要領 第6章 特別活動), where daily cleaning duty (当番活動) is set out   https://www.mext.go.jp/a_menu/shotou/new-cs/youryou/syo/toku.htm",「学校における清掃活動」という単独の文科省指針は確認できない。清掃は学習指導要領「特別活動」の学級活動・当番活動として位置づけられている（現行小学校学習指導要領は平成29年告示、2020年度全面実施）。URLもトップページのみで検証不能。,https://www.mext.go.jp/a_menu/shotou/new-cs/youryou/syo/toku.htm; https://www.mext.go.jp/component/a_menu/education/micro_detail/__icsFiles/afieldfile/2009/06/16/1234931_014.pdf,jr_035,,
216,wisdom,216_wisdom_the-zokin-cleaning-cloth.md,"in the day — typically **10–20 minutes** — in which pupils clean their own classrooms and corridors. It is regarded as part of education, not janitorial work.","in the day — commonly **15–20 minutes** — in which pupils clean their own classrooms and corridors. It sits in the national Course of Study under ""special activities"" (特別活動), so it is treated as part of education, not janitorial work.",各種教育資料では小中学校の掃除時間は15〜20分程度が一般的（小学校で1日15分＝年間約60時間との試算あり）。学習指導要領は分数を定めておらず、清掃は特別活動の当番活動として規定。,https://www.mext.go.jp/a_menu/shotou/new-cs/youryou/syo/toku.htm; https://www.homemate-research-elementary-school.com/useful/11226_eleme_051/,jr_035,,
217,wisdom,217_wisdom_oshibori.md,"| Industry standard | Rental oshibori are laundered under **hygiene standards set by MHLW guidance and the industry association**, with bacterial count limits |","| Industry standard | Rental oshibori are laundered under **hygiene standards set by a 1982 MHLW notice and the industry association**: no discolouration or off-smell, **no coliforms or *S. aureus***, and **general bacteria not above 100,000 per towel** |",昭和57年環指第157号の衛生基準: 変色・異臭なし、大腸菌群および黄色ブドウ球菌が検出されないこと、一般細菌は1枚あたり10万個を超えないことが望ましい。消毒は次亜塩素酸ナトリウム遊離250ppmに3分以上、または80℃以上の熱湯に10分以上。,https://www.mhlw.go.jp/web/t_doc?dataId=00ta5159&dataType=1&pageNo=1; http://www.kasiosibori.or.jp/management/,jr_035,,
217,wisdom,217_wisdom_oshibori.md,"- The **Japan Oshibori Association** estimates rental oshibori use in the **hundreds of millions per month**, with each towel laundered and reused **dozens of times**.","- The **National Federation of Oshibori Cooperatives (全国おしぼり協同組合連合会)** groups **10 cooperatives and 171 member firms** serving roughly **400,000 customer premises** from Hokkaidō to Okinawa; each cloth towel is laundered and reused many times over.",「Japan Oshibori Association」という団体名は出典側で確認できず、記事が併記する全国おしぼり協同組合連合会（10組合・171社・約40万件の取引先）が該当団体。月間数億枚・数十回再使用という数値は一次情報で確認できなかったため、確認できる規模の記述に置き換えるのが安全。,http://kasiosibori.or.jp/profile/; http://www.kasiosibori.or.jp/,jr_035,,
218,wisdom,218_wisdom_the-new-year.md,"- **Mochi (rice cake) choking** is a real seasonal hazard: Tokyo Fire Department reports **dozens of ambulance calls** each New Year, mostly among the elderly; cut mochi small and chew thoroughly.","- **Mochi (rice cake) choking** is a real seasonal hazard: the Tokyo Fire Department recorded **338 ambulance transports for choking on mochi and similar foods over five years**, **more than 90% of them people aged 65 or over**, concentrated in December and January — **seven people over the 2026 New",東京消防庁「餅などによる窒息事故に注意！」: 過去5年間の救急搬送338人、9割以上が65歳以上、12〜1月に集中。2026年の三が日は7人搬送・80代女性1人死亡。「dozens ... each New Year」は年間では概ね合うが三が日の実数とは桁が違い、出典の数字に置き換えたほうが正確。,https://www.tfd.metro.tokyo.lg.jp/lfe/nichijo/mochi.html; https://www.tokyo-np.co.jp/article/459830?rct=national,jr_035,,
218,wisdom,218_wisdom_the-new-year.md,"Mochi is soft, sticky and dense, and **the leading cause of New Year choking deaths among the elderly**.","Mochi is soft, sticky and dense, and **a leading cause of choking deaths among older people at New Year** — the Consumer Affairs Agency counted **661 deaths among people aged 65 and over across 2018–2019**, with **43% of cases in January** and **19% in the first three days of the year**.",消費者庁（人口動態調査分析）: 65歳以上の餅による窒息死亡は平成30年363人・令和元年298人（計661人）、1月に282件=43%、三が日127件=19%。「the leading cause」は順位を断定しており、出典で確認できるのは件数と季節集中のみ。,https://www.caa.go.jp/policies/policy/consumer_safety/caution/caution_067/assets/consumer_safety_cms205_221227_02.pdf; https://www.caa.go.jp/policies/policy/consumer_safety/caution/caution_046,jr_035,,
219,wisdom,219_wisdom_layering-for-winter.md,- World Health Organization — Housing and health guidelines (indoor temperature)   https://www.who.int/publications/i/item/9789241550376,- World Health Organization — Housing and health guidelines (indoor temperature)   https://www.who.int/publications/i/item/9789241550376 - Japan Kairo Industry Association (日本カイロ工業会) — Annual kairo sales figures   https://www.kairo.jp/,本文はカイロの年間販売数を挙げているが、出典欄に業界団体（日本カイロ工業会）がない。WHOの18℃は2018年ガイドラインで確認済み（当該URLは正しい）。,https://www.kairo.jp/; https://www.ncbi.nlm.nih.gov/books/NBK535293/,jr_035,,
220,wisdom,220_wisdom_noise-consideration.md,"**Noise is the most common complaint** to building managers and to police ""life safety"" consultations;","**Noise is consistently among the most common neighbour complaints**, and in the national pollution-complaint survey it is the largest of the seven statutory pollution categories — though most logged cases come from **construction sites (about 38%) and factories (about 26%)** rather than from neighb","環境省 令和4年度騒音規制法等施行状況調査: 騒音苦情20,436件のうち建設作業7,736件(37.9%)、工場・事業場5,236件(25.6%)。「管理会社・警察相談で最多」という記述は一次情報で裏が取れず、公的統計で言えることに合わせた。",https://www.env.go.jp/press/press_02771.html; https://www.soumu.go.jp/main_content/000980875.pdf,jr_035,,
221,beauty,221_beauty_emulsion-vs-serum.md,- 厚生労働省「化粧品の効能の範囲の改正について」（薬食発0721第1号、平成23年7月21日）   https://www.mhlw.go.jp/file/06-Seisakujouhou-11120000-Iyakushokuhinkyoku/kesyouhin_hanni_20111.pdf,- 厚生労働省「化粧品の効能の範囲の改正について」（薬食発0721第1号、平成23年7月21日）   https://www.mhlw.go.jp/file/06-Seisakujouhou-11120000-Iyakushokuhinkyoku/kesyouhin_hanni_20111.pdf - 厚生労働省「化粧品の効能の範囲の改正に係る取扱いについて」（薬食審査発0721第1号・薬食監麻発0721第1号、平成23年7月21日）   https://www.mhlw.go.jp/file/06-Seisakujouhou-11120000-Iyakushokuhinkyoku/kesyo,56番目の効能（乾燥による小ジワ）の表示条件（評価試験・「効能評価試験済み」の併記）を定めているのは同日付の取扱い通知（薬食審査発0721第1号・薬食監麻発0721第1号）であり、本文の「効能評価試験済み」の記述の直接の根拠はこちら。,https://www.mhlw.go.jp/file/06-Seisakujouhou-11120000-Iyakushokuhinkyoku/kesyouhin_hanni_20112.pdf,jr_036,,
222,beauty,222_beauty_eye-makeup-hygiene.md,- 厚生労働省「まつ毛エクステンションによる危害防止の徹底について」（平成20年通知）   https://www.mhlw.go.jp/stf/seisakunitsuite/bunya/kenkou_iryou/kenkou/seikatsu-eisei/,- 厚生労働省健康局生活衛生課長「まつ毛エクステンションによる危害防止の徹底について」（健衛発第0307001号、平成20年3月7日）   https://www.mhlw.go.jp/file/06-Seisakujouhou-11130500-Shokuhinanzenbu/0000124324.pdf - 厚生労働省「まつ毛エクステンションによる安全性の確保について」（健衛発1128第1号、平成24年11月28日）   https://www.mhlw.go.jp/file/06-Seisakujouhou-11130500-Shokuhinanzenbu/0000124021.pdf,平成20年通知は健衛発第0307001号（平成20年3月7日）で、原文PDFが厚労省サイトに存在する。記事のURLは一般的な生活衛生の索引ページを指しており通知そのものではない。さらに平成24年11月28日付の後続通知（健衛発1128第1号）がある。,https://www.mhlw.go.jp/file/06-Seisakujouhou-11130500-Shokuhinanzenbu/0000124324.pdf; https://www.mhlw.go.jp/file/06-Seisakujouhou-11130500-Shokuhinanzenbu/0000124021.pdf,jr_036,,
222,beauty,222_beauty_eye-makeup-hygiene.md,- 国民生活センター「まつ毛エクステンションの危害」   https://www.kokusen.go.jp/,- 国民生活センター「後を絶たない、まつ毛エクステンションの危害」（平成27年6月4日公表）   https://www.kokusen.go.jp/news/data/n-20150604_1.html,国民生活センターの該当公表資料は2015年6月4日「後を絶たない、まつ毛エクステンションの危害」。2010年度以降599件の危害情報が寄せられ毎年100件以上で推移、と記載されている。記事のURLはトップページのみで資料を特定できない。,https://www.kokusen.go.jp/news/data/n-20150604_1.html; https://www.kokusen.go.jp/pdf/n-20150604_1.pdf,jr_036,,
223,beauty,223_beauty_additive-free-claims.md,消費者庁は食品の「無添加」表示について**2022年にガイドライン**を出し、化粧品でも同様の考え方が参照されています。,消費者庁は食品の「無添加」表示について**2022年3月にガイドライン**を出し（約2年の猶予期間を経て**2024年4月から本格適用**）、化粧品でも同様の考え方が参照されています。,「食品添加物の不使用表示に関するガイドライン」は2022年3月30日策定。2年程度（2024年3月末まで）の表示見直し猶予が設けられ、2024年4月以降はガイドラインに沿った表示が求められる。,https://www.caa.go.jp/policies/policy/food_labeling/; https://hyouji.maru-sin.net/notice/2024/05/08/2746/,jr_036,,
223,beauty,223_beauty_additive-free-claims.md,- 消費者庁「食品添加物の不使用表示に関するガイドライン」（2022年3月）   https://www.caa.go.jp/policies/policy/food_labeling/food_labeling_act/,- 消費者庁「食品添加物の不使用表示に関するガイドライン」（2022年3月30日策定、2024年4月から本格適用）   https://www.caa.go.jp/policies/policy/food_labeling/,当該ガイドラインは食品表示法の条文解説ページ（food_labeling_act）ではなく、食品表示企画課の食品表示関連ページで公開されている。記事のURLパスは資料に対応していないため、上位の食品表示ページに差し替えたうえで公開前に直リンクを確認すべき。,https://www.caa.go.jp/policies/policy/food_labeling/,jr_036,,
224,beauty,224_beauty_quasi-drugs-vs-cosmetics.md,- 厚生労働省「ロドデノール配合薬用化粧品による白斑等について」（2013年）   https://www.mhlw.go.jp/stf/houdou/0000037143.html,- 厚生労働省「（株）カネボウ化粧品、（株）リサージ及び（株）エキップの薬用化粧品の自主回収等の状況について（第2報）」（2013年7月）   https://www.mhlw.go.jp/stf/houdou/0000013752.html,検索で所在を確認できた厚労省の報道発表は0000013752.html（自主回収等の状況について 第2報）。記事が挙げる0000037143.html は表題・所在とも確認できなかった。,https://www.mhlw.go.jp/stf/houdou/0000013752.html,jr_036,,
225,beauty,225_beauty_tester-hygiene.md,- 「サンプルの試供品」は**販売用と同じ製品**で、**表示（成分・製造者）が省略されている**ことがあります。全成分が分からない場合は店頭の本品で確認します。,- 「サンプルの試供品」は**販売用と同じ製品**であることが多い一方、**容器が小さく全成分を書き切れない場合は外箱・タッグ・ディスプレーカードでの表示が認められている**ため、パウチ単体では全成分が読み取れないことがあります。全成分が分からない場合は店頭の本品で確認します。,薬機法上、全成分表示は直接の容器・被包への記載が原則だが、容器が小さく記載できない場合は外箱・タッグ・ディスプレーカード等での表示が認められる（施行規則の特例）。「省略されている」ではなく「別媒体に表示されている／パウチ単体では読めない」が正確。なお店頭テスターは販売・譲渡されないため表示義務の対象外。,https://www.tmiph.metro.tokyo.lg.jp/k_yakuji/i-kanshi/c_label/; https://www.mhlw.go.jp/web/t_doc?dataId=00ta7768&dataType=1&pageNo=1,jr_036,,
225,beauty,225_beauty_tester-hygiene.md,- 日本化粧品工業会「化粧品の正しい使い方・店頭テスターについて」   https://www.jcia.org/user/public/,- 日本化粧品工業会「自主基準・ガイドライン」   https://www.jcia.org/user/business/guideline/ - 東京都健康安全研究センター「化粧品の表示」（テスターは販売・譲渡の対象外で表示義務なし）   https://www.tmiph.metro.tokyo.lg.jp/k_yakuji/i-kanshi/c_label/,「化粧品の正しい使い方・店頭テスターについて」という表題の日本化粧品工業会の資料は検索で確認できなかった。同会で確認できるのは「自主基準・ガイドライン」「化粧品等の適正広告ガイドライン」等。存在しない資料名を出典に挙げると出典と本文が対応しない。,https://www.jcia.org/user/business/guideline/; https://www.tmiph.metro.tokyo.lg.jp/k_yakuji/i-kanshi/c_label/,jr_036,,
226,beauty,226_beauty_hair-dye-patch-test.md,https://www.caa.go.jp/policies/council/csic/report/,https://www.caa.go.jp/policies/council/csic/report/report_008/,現在のURLは事故等原因調査報告書の一覧ページ。「毛染めによる皮膚障害」（平成27年10月23日）の該当ページは report_008、本文PDFは report_008/pdf/8_houkoku.pdf。,https://www.caa.go.jp/policies/council/csic/report/report_008/; https://www.caa.go.jp/policies/council/csic/report/report_008/pdf/8_houkoku.pdf,jr_037,,
227,beauty,227_beauty_coloured-contact-lenses.md,| 販売 | **高度管理医療機器等販売業の許可**を受けた店・通販のみ。**承認番号（例：2270…）が表示される** |,| 販売 | **高度管理医療機器等販売業の許可**（都道府県知事の許可・販売管理者の設置）を受けた店・通販のみ。**医療機器承認番号が表示される**（先頭の数字は承認年によって異なる） |,2009年11月4日から製造・輸入に厚生労働大臣の承認、販売に都道府県知事の許可と販売管理者の設置が義務。承認番号の先頭は承認年で変わるため「2270…」を固定の目印として示すと誤認のおそれ。,https://www.mhlw.go.jp/stf/seisakunitsuite/bunya/kenkou_iryou/iyakuhin/colorcontact/index.html; https://www.pref.nara.jp/22685.htm,jr_037,,
227,beauty,227_beauty_coloured-contact-lenses.md,購入前と、その後**3か月〜半年に1回**の検査が推奨されています。,購入前と、その後**3か月に1回程度**の定期検査が目安とされています。,眼科・業界の案内では定期検査の目安は3か月に1回。「3か月〜半年」は緩い側に寄っており、公的・学会資料での裏付けが確認できなかった。,https://www.pmda.go.jp/safety/consultation-for-patients/on-devices/qa/0008.html; https://www.acuvue.com/ja-jp/memamori/contact-lenses/064/,jr_037,,
228,beauty,228_beauty_after-sun-care.md,- 日本皮膚科学会は、日焼け（サンバーン）を**「紫外線による皮膚の炎症（やけど）」**と説明し、**冷却と保湿、重症例の受診**を案内しています。,- 皮膚科の一般的な説明では、日焼け（サンバーン）は**紫外線による皮膚の炎症（やけどと同じ種類の反応）**とされ、**冷却と保湿、水ぶくれ・強い痛みがある場合の受診**が案内されています。,日本皮膚科学会の該当Q&Aページを特定できず（引用先のqa6は疥癬）。学会名での断定を避け、一般的な皮膚科の説明として記述するのが安全。医学的内容（数時間後に発赤、重症で水疱・発熱・悪寒、早めの受診）自体は複数の皮膚科資料と整合。,https://www.dermatol.or.jp/qa/; https://www.derm-hokudai.jp/wp/wp-content/uploads/2021/12/13-11.pdf,jr_037,,
229,beauty,229_beauty_conditioner-vs-treatment.md,- 日本化粧品工業会「化粧品等の適正広告ガイドライン」（毛髪関連の表現）,- 日本化粧品工業会「化粧品等の適正広告ガイドライン2020年版」（毛髪関連の表現）,現行版は2020年版（2020年6月15日 第2刷、2017年版からの改正新旧対照表あり）。版年を明示しないと、どの版の記述かが確認できない。,https://www.jcia.org/user/business/advertising/; https://www.jcia.org/user/common/download/business/advertising/JCIA20200615_ADguide.pdf,jr_037,,
230,beauty,230_beauty_combination-skin.md,| 普通肌 | 多い | 適度 | トラブルが少ない |,| 普通肌 | 適度 | 適度 | トラブルが少ない |,表の内部整合の問題。脂性肌も水分「多い」と記載されており、普通肌を「水分が多い」とすると区別がつかない。慣用の分類では普通肌は水分・皮脂ともに適度。,https://www.jcia.org/user/public/,jr_037,,
230,beauty,230_beauty_combination-skin.md,化粧品の効能は56項目の範囲で、**「皮脂のバランスを整える」といった表現は、化粧品では「皮脂を洗い流す」「肌をひきしめる」などの範囲に限られます。**,化粧品の効能は56項目（平成23年7月21日 薬食発0721第1号）の範囲で、**「皮脂のバランスを整える」といった表現は、化粧品では「皮脂を洗い流す」「肌をひきしめる」「皮膚の水分、油分を補い保つ」などの範囲に限られます。**,56項目には「皮膚の水分、油分を補い保つ」が含まれ、保湿に関する言い換えの選択肢として挙げるのが正確。通知番号・日付を本文に添えると検証しやすい。,https://www.mhlw.go.jp/file/06-Seisakujouhou-11120000-Iyakushokuhinkyoku/kesyouhin_hanni_20111.pdf,jr_037,,
231,fashion,231_fashion_boot-care.md,- ブーツの内側は**足の汗（1日約200mL）**を吸い、**乾ききる前に翌日履く**と匂いとカビの原因になります。**1日履いたら1〜2日休ませる**のが基本です。,- ブーツの内側は**足の汗（両足で1日にコップ1杯・約200mLといわれます）**を吸い、**乾ききる前に翌日履く**と匂いとカビの原因になります。**1日履いたら1〜2日休ませる**のが基本です。,「1日約200mL」は片足ではなく両足合計・コップ1杯分としてよく引用される目安で、気温・運動量・体質で大きく変わる。主語と幅を明示したほうが正確。,https://dime.jp/genre/474495/; https://www.kyouwa-c.com/care/care-3953/,jr_038,,
231,fashion,231_fashion_boot-care.md,| **合成皮革** | 濡れ布で拭く | 乾拭き、**乾燥剤と一緒に** | **加水分解**は履かなくても進む（数年） |,| **合成皮革** | 濡れ布で拭く | 乾拭き、**乾燥剤と一緒に** | **加水分解**は履かなくても進む（目安2〜3年） |,ポリウレタン樹脂は空気中の水分による加水分解で通常2〜3年で劣化するとされ、クリーニング事故賠償基準でも合成皮革外衣の平均使用年数は3年。,https://www.zenkuren.or.jp/news/9159; https://www.zenkuren.or.jp/news/2949,jr_038,,
232,fashion,232_fashion_washing-swimwear.md,- 洗濯表示は**JIS L0001**。水着には**桶に手（手洗い）・漂白不可・乾燥機不可・日陰干し**の記号が多いです。,- 洗濯表示は**JIS L0001**（**2024年8月20日改正**で、液温**30℃**を限度とする手洗い記号などが追加されました。旧表示の経過措置は2025年8月19日で終了）。水着には**桶に手（手洗い）・漂白不可・乾燥機不可・日陰干し**の記号が多いです。,JIS L0001は2024年8月20日に改正され、繊維製品品質表示規程も同日改正。30℃限度の手洗い記号が新設され、経過措置は2025年8月19日まで。2026年9月時点では新記号が前提。,https://www.caa.go.jp/policies/policy/representation/household_goods/law/kaisei/240820.html; https://www.kaken.or.jp/carelabel2024; https://www.meti.go.jp/press/2024/08/20240820001/20240820001-3r.pdf,jr_038,,
232,fashion,232_fashion_washing-swimwear.md,（寿命は使用頻度で**1〜3年**が目安）。,（寿命は使用頻度で**1〜2シーズン程度**が目安。塩素消毒のプールで頻繁に使うと**1年ほど**で伸縮性が落ちることもあります）。,メーカー・洗濯の専門家の解説では、ポリウレタン混の水着の寿命は1〜2シーズン、高頻度のプール使用なら約1年・着用100回程度が目安とされる。記事の「1〜3年」は上振れ。,https://jpn.mizuno.com/swim/oteire; https://news.yahoo.co.jp/expert/articles/0e153a6d82d75c3c3aa03890f7c664ba8879832a,jr_038,,
233,fashion,233_fashion_scarves-and-gloves.md,- **カシミヤは繊維が細く、毛玉と縮みが起きやすい**素材です。**洗う回数を減らすより、正しく洗う**ほうが清潔で長持ちするとされます（シーズンに**2〜3回**が目安）。,- **カシミヤは繊維が細く、毛玉と縮みが起きやすい**素材です。**洗う回数を減らすより、正しく洗う**ほうが清潔で長持ちするとされます（シーズンに**2〜3回**が目安）。なお洗濯表示のJIS L0001は**2024年8月20日に改正**され、**手洗い記号は液温40℃を限度とするものと30℃を限度とするものの2種類**になりました。表示の温度を確認してください。,JIS L0001:2024で30℃限度の手洗い記号が新設。表中の「30℃以下」は新記号と対応するため、改正に触れておくと表示の読み違いを防げる。,https://www.kaken.or.jp/carelabel2024; https://www.caa.go.jp/policies/policy/representation/household_goods/law/kaisei/240820.html,jr_038,,
234,fashion,234_fashion_cleaning-the-washing-machine.md,**子どもが入り込む事故**（NITE報告）があるため、**チャイルドロックのある機種は使い、小さい子どもがいる家庭は閉めて槽乾燥機能を使う**という判断もあります。,**とくにドラム式では、子どもが中に入り込んで扉が閉まる死亡事故**（NITE・消費者庁が注意喚起）が起きているため、**チャイルドロックを必ず設定し、小さい子どもがいる家庭ではドアを閉めて槽乾燥機能を使う**という判断もあります。,閉じ込め事故は密閉性が高く内側から開けられないドラム式で報告されている（2018年1月・大阪の5歳児の事例等）。NITEと消費者庁がチャイルドロックの設定を呼びかけている。機種の限定と重大性を明示すべき。,https://www.nite.go.jp/jiko/chuikanki/press/2019fy/prs190425.html; https://www.caa.go.jp/policies/policy/consumer_safety/child/project_001/mail/20220708/,jr_038,,
234,fashion,234_fashion_cleaning-the-washing-machine.md,- 独立行政法人製品評価技術基盤機構（NITE）「洗濯機の事故（子どもの閉じ込め等）」   https://www.nite.go.jp/jiko/chuikanki/,- 独立行政法人製品評価技術基盤機構（NITE）「屋内の事故から子どもを守る～環境と物選びでもっと安全に～」（ドラム式洗濯乾燥機の閉じ込め事故を含む）   https://www.nite.go.jp/jiko/chuikanki/press/2019fy/prs190425.html,記事のURLは注意喚起の一覧ページで、本文が引く「子どもの閉じ込め」の記載に直接対応しない。NITEの該当プレスリリースを直接示すほうが検証可能。,https://www.nite.go.jp/jiko/chuikanki/press/2019fy/prs190425.html,jr_038,,
236,fashion,236_fashion_using-a-tumble-dryer.md,## 乾燥機の記号（JIS L0001）,## 乾燥機の記号（JIS L0001:2024）,令和6年（2024年）8月20日以降の家庭洗濯等取扱表示は JIS L0001:2024 に基づく（記事が引用している消費者庁 wash_02 のページと同じ版）。記号の意味（点1つ＝排気上限60℃、点2つ＝排気上限80℃）自体は従前どおりで、本文の説明は正しい。,https://www.caa.go.jp/policies/policy/representation/household_goods/guide/wash_02.html; https://www.caa.go.jp/policies/policy/representation/household_goods/guide/wash_01.html,jr_039,,
236,fashion,236_fashion_using-a-tumble-dryer.md,**毎回**です。**ほこりの詰まりは乾燥時間を延ばし、電気代を上げ、まれに発火**します。**乾燥機の排気ダクト**も年1回程度の点検が案内されています。,**毎回**です。**ほこりの詰まりは乾燥時間を延ばし、電気代を上げ、まれに発火**します。**排気式やガス乾燥機の排気ダクト**は、取扱説明書の指示に従って定期的に点検します（**ヒートポンプ式には排気ダクトがありません**）。,記事の表で主に扱っているヒートポンプ式ドラム式は除湿・循環方式で屋外排気ダクトを持たないため、一律に『乾燥機の排気ダクト』とするのは不正確。『年1回程度』という点検頻度の公的な案内も確認できなかった。NITEもフィルターの定期清掃（ほこり堆積が発火源になる）を注意喚起している。,https://www.nite.go.jp/data/000005150.pdf; https://www.nite.go.jp/jiko/chuikanki/index.html,jr_039,,
238,fashion,238_fashion_uv-protective-clothing.md,環境省は**熱中症対策として男性の日傘使用**を推奨しています（2019年〜の啓発）。日傘の下の**体感温度は数℃下がる**とされます。,環境省は**熱中症対策として男性の日傘使用**を推奨しています（2019年5月〜の啓発）。環境省の測定では、日傘の使用で**暑さ指数（WBGT）が約1〜3℃低下**したと報告されています。,環境省は2019年5月に『日傘の活用推進について』を報道発表。効果は『体感温度が数℃』ではなくWBGT約1〜3℃低下という実測値で示されている。,https://www.env.go.jp/press/106813.html,jr_039,,
238,fashion,238_fashion_uv-protective-clothing.md,| UPF（海外の指標） | UPF15〜50+。**UPF50＝紫外線の1/50（2%）が透過** |,| UPF（紫外線防護係数） | UPF15〜50+。**UPF50＝紫外線の1/50（2%）が透過**。**JIS L1925:2019**は紫外線遮蔽率とUPFの両方の測定・評価方法を規定 |,JIS L 1925:2019『繊維製品の紫外線遮蔽評価方法』（2019年1月21日制定）は、紫外線遮蔽率とUPFの双方の測定方法・評価方法を規定しており、UPFを『海外の指標』とするのは不正確。,https://webdesk.jsa.or.jp/books/W11M0090/index/?bunsyo_id=JIS+L+1925%3A2019; https://www.kaken.or.jp/test/search/detail/78,jr_039,,
239,fashion,239_fashion_childrens-clothing-drawstrings.md,- 制定の背景：**東京都の調査（2006年）で、子ども服のひもによる事故やヒヤリ体験が約8割の保護者にある**という結果、および**2013年以降の消費者庁・東京都の要請**。,"- 制定の背景：**東京都商品等安全対策協議会の調査（平成18年＝2006年）で、子どものいる約1,200世帯の77%が、子ども服が関係する事故やヒヤリ・ハットを経験**していたという結果など。","東京都の2006年調査は約1,200世帯を対象に77%が子ども服関連の事故・ヒヤリハット経験ありと報告（実際にけがをした経験は6人に1人）。『約8割』は概ね合うが調査主体・母数を明示した方が正確。『2013年以降の消費者庁・東京都の要請』は裏付けを確認できなかったため削除を推奨。",https://www.shouhiseikatu.metro.tokyo.lg.jp/anzen/kyougikai/h18/gijiroku2.html; https://www.gov-online.go.jp/article/201608/entry-9229.html,jr_039,,
240,fashion,240_fashion_kimono-storage.md,| **虫干し** | **年1〜2回**（10〜11月の晴天が続いた日、または1〜2月）、**風通しのよい室内で半日〜1日** | 湿気を抜き、虫とカビの点検 |,| **虫干し** | 伝統的には**年3回**（土用干し＝7月下旬〜8月、虫干し＝10月下旬〜11月、寒干し＝1月下旬〜2月）。**年1〜2回でも行う価値があります**。**風通しのよい室内で半日〜1日** | 湿気を抜き、虫とカビの点検 |,着物の陰干しは伝統的に土用干し（7月下旬〜8月）・虫干し（10月下旬〜11月）・寒干し（1月下旬〜2月）の年3回とされる。記事は梅雨明けの土用干し（最も重要とされる時期）を落としている。,https://kimono.support/mushiboshi/; https://hayashiya1937.jp/kimono/column/4079/,jr_039,,
240,fashion,240_fashion_kimono-storage.md,**年1〜2回の虫干しが、絹の着物を数十年保つ前提**です。**箪笥の引き出しを開けて扇風機で風を通す**だけでも効果があるとされます。,**定期的な虫干し（伝統的には年3回、少なくとも年1回）が、絹の着物を長く保つ前提**です。**箪笥の引き出しを開けて扇風機で風を通す**だけでも効果があるとされます。,上記の虫干し回数の修正と整合させるため。また『数十年保つ』は保管状況に左右されるため断定を避ける。,https://kimono.support/mushiboshi/,jr_039,,
240,fashion,240_fashion_kimono-storage.md,## A. 最大の誤解は「着物は箪笥にしまえば何十年でも保つ」です。絹の着物は湿気・虫・光に弱く、年に1〜2回の「虫干し」（風を通す）と、たとう紙の交換、防虫剤の管理が必要です。着た後は数時間〜一晩、着物ハンガーで湿気を抜いてからしまいます。,## A. 最大の誤解は「着物は箪笥にしまえば何十年でも保つ」です。絹の着物は湿気・虫・光に弱く、年に1〜3回の「虫干し」（風を通す）と、たとう紙の交換、防虫剤の管理が必要です。着た後は数時間〜一晩、着物ハンガーで湿気を抜いてからしまいます。,本文表の虫干し回数（伝統的には年3回）と整合させるため。導入と表で回数が食い違う内部矛盾の解消。,https://kimono.support/mushiboshi/,jr_039,,
243,health,243_health_waking-in-the-night.md,| 睡眠の周期 | **約90分**で深い眠りと浅い眠り（レム睡眠）を繰り返す。**周期の切れ目で目が覚めやすい** |,| 睡眠の周期 | **約90〜120分**でノンレム睡眠（深い眠りを含む）とレム睡眠を繰り返す。**周期の切れ目で目が覚めやすい** |,e-ヘルスネットは「ノンレム-レム睡眠周期は90〜120分」と記載。またノンレム睡眠にも浅い段階があり、「浅い眠り＝レム睡眠」は不正確。,https://kennet.mhlw.go.jp/information/information/dictionary/heart/yk-069.html; https://kennet.mhlw.go.jp/information/information/dictionary/heart/yk-048.html,jr_040,,
245,health,245_health_foot-baths-and-half-baths.md,- 消費者庁「冬季に多発する高齢者の入浴中の事故に注意」   https://www.caa.go.jp/policies/policy/consumer_safety/caution/,- 消費者庁「冬季に多発する高齢者の入浴中の事故に御注意ください！－自宅の浴槽内での不慮の溺水事故が増えています－」   https://www.caa.go.jp/policies/policy/consumer_safety/caution/caution_042,"本文が引く「年間約1万9,000人」「湯温41度以下・10分まで」は消費者庁の当該注意喚起（caution_042）の記載。現在のURLは注意喚起の一覧ページで、本文と対応する資料を直接指していない。",https://www.caa.go.jp/policies/policy/consumer_safety/caution/caution_042; https://www.caa.go.jp/policies/policy/consumer_safety/caution/caution_042/assets/consumer_safety_cms204_20201119_02.pdf,jr_040,,
245,health,245_health_foot-baths-and-half-baths.md,- 一般社団法人日本温泉気候物理医学会「入浴の医学」   https://www.onki.jp/,- 一般社団法人日本温泉気候物理医学会（公式サイト）   https://www.onki.jp/,団体名とドメイン（onki.jp）は一致するが、「入浴の医学」という同学会の刊行物・ページは確認できない（学会の定期刊行物は『日本温泉気候物理医学会雑誌』）。存在しない資料名を挙げない表記に直すのが安全。,https://www.onki.jp/about/detail; https://www.jstage.jst.go.jp/browse/onki/-char/ja,jr_040,,
245,health,245_health_foot-baths-and-half-baths.md,- 温泉法上の**「温泉の効能」**は温泉施設の掲示に限られ、**家庭の入浴・足湯に効能を表示することはできません。**,- **「温泉の効能（適応症）」**の掲示は温泉法にもとづく温泉施設の制度です。**家庭の入浴・足湯そのものについて効能をうたうことは、薬機法上できません。**,家庭の入浴・足湯に効能を表示できない根拠は温泉法ではなく薬機法（医薬品等以外の効能効果の標榜禁止）。温泉法第18条は施設の成分・禁忌症・入浴上の注意等の掲示義務を定めるもので、条文の役割が異なる。,https://www.mhlw.go.jp/stf/seisakunitsuite/bunya/kenkou_iryou/iyakuhin/index.html; https://www.spa.or.jp/onsen/547/,jr_040,,
245,health,245_health_foot-baths-and-half-baths.md,- 厚生労働省 e-ヘルスネット「入浴と健康」   https://kennet.mhlw.go.jp/information/information/index.html,- 厚生労働省 e-ヘルスネット（生活習慣病などの情報）   https://kennet.mhlw.go.jp/information/information/index.html,指定URLはe-ヘルスネットの総目次ページで、「入浴と健康」という個別記事のURLではない。該当記事が特定できるまでは総合ページとして表記するのが正確。,https://kennet.mhlw.go.jp/information/information/index.html,jr_040,,
246,health,246_health_protein-intake.md,| 1950年代の摂取量 | 約70g（**量は変わらず、動物性の割合が増えた**） | 各種栄養史研究 |,| 1950年代の摂取量 | 約70g（**1995年の約81gをピークに減り、現在は1950〜60年代と同水準。動物性の割合は増えた**） | 国民健康・栄養調査の年次推移 |,日本人のたんぱく質摂取量は1995年に81.5gでピーク、その後減少して2019年は71.4gと1950〜60年代並み。「量は変わらず」は推移を単純化しすぎ。,https://www.nikkei.com/article/DGXZQOUD234T60T20C23A1000000/; https://www.nibn.go.jp/eiken/kenkounippon21/eiyouchousa/koumoku_eiyou_chousa.html,jr_041,,
248,health,248_health_weighing-yourself.md,**国民健康・栄養調査**では、**20代女性のやせ（BMI18.5未満）の割合が約2割**で推移し、国の課題として挙げられています。**高齢者の低栄養**も同様です。,**国民健康・栄養調査**では、**20歳代女性のやせ（BMI18.5未満）の割合が約2割**（令和5年は20.2%）で推移し、国の課題として挙げられています。**高齢者の低栄養**も同様です。,令和5年調査で20歳代女性のやせは20.2%。調査年を明示しないと「約2割」の根拠がたどれない。公開前に令和6年の値へ差し替えること。,https://seikatsusyukanbyo.com/statistics/2024/010816.php,jr_041,,
249,health,249_health_choosing-a-clinic.md,日本の**外来受診回数は年間約12回／人**で、OECD平均（約6回）の2倍近く（OECD Health Statistics）。,日本の**外来受診回数は年間約11回／人**で、OECD平均（約6回）の2倍近く（OECD「Health at a Glance」）。,OECD Health at a Glance では日本の医師受診回数は年11.1回、OECD平均6.0回。約12回はやや過大。,https://www.oecd.org/en/publications/health-at-a-glance-2025_8f9e3f98-en/full-report/consultations-with-doctors_6cbfac99.html,jr_041,,
250,health,250_health_winter-mood-and-daylight.md,- **高照度光療法**は医療機関で行われる治療で、**市販の「光目覚まし」は医療機器ではありません**（照度と使用法が異なります）。,- **高照度光療法**は医療機関で行われる治療で（2025年時点で公的医療保険の適用外）、**市販の「光目覚まし」は医療機器ではありません**（照度と使用法が異なります）。,高照度光療法は2025年時点で健康保険の適用対象外。費用面の前提が読者に伝わらない。,https://cocoromi-mental.jp/depression/phototherapy/,jr_041,,
251,trend,251_trend_storing-tofu.md,https://www.mhlw.go.jp/www1/houdou/0903/h0331-1.html,https://www.mhlw.go.jp/stf/seisakunitsuite/bunya/kenkou_iryou/shokuhin/syokuchu/01_00006.html,リンク先は1997年の報道発表アーカイブ。厚生労働省の現行ページは食中毒コーナー内の「家庭でできる食中毒予防の6つのポイント」。,https://www.mhlw.go.jp/stf/seisakunitsuite/bunya/kenkou_iryou/shokuhin/syokuchu/01_00006.html,jr_042,,
251,trend,251_trend_storing-tofu.md,- **冷凍すると水分が抜けてスポンジ状になり、食感が変わります**（「凍り豆腐」として煮物に使う方法は日本の生活者の知恵）。,- **冷凍すると水分が抜けてスポンジ状になり、食感が変わります**（家庭で冷凍した豆腐を煮物に使う方法は日本の生活者の知恵。なお市販の「凍り豆腐（高野豆腐）」は乾燥させた別の製品です）。,「凍り豆腐」は高野豆腐と同義の乾燥製品の名称で、上の表でも「高野豆腐（乾燥）」として別行に挙げている。家庭の冷凍豆腐と同じ語を使うと記事内で用語が衝突する。,http://www.zentoren.jp/about/,jr_042,,
252,trend,252_trend_storing-yogurt.md,- **「生きて腸まで届く」**などの表現は、**機能性表示食品・特定保健用食品（トクホ）**の許可・届出を受けた製品に限られ、**一般のヨーグルトでは表現できません**（健康増進法・景表法）。,- **「腸内環境を整える」などの保健の用途を示す表現**は、**特定保健用食品（トクホ）の許可や機能性表示食品の届出**を受けた製品の、その範囲内でのみ可能です。**一般のヨーグルトで健康の維持増進効果をうたうと、健康増進法・景品表示法上の問題**になり得ます。,「生きて腸まで届く」は菌の生存に関する事実表示として使われる場合があり、それ自体が一律に禁止されるわけではない。規制対象は保健の用途・健康保持増進効果を示す表示であり、断定が強すぎる。,https://www.caa.go.jp/policies/policy/representation/extravagant_advertisement/assets/representation_cms213_230131_01.pdf,jr_042,,
253,trend,253_trend_choosing-cooking-oil.md,| **えごま油・亜麻仁油** | **α-リノレン酸（n-3）** | **生食のみ** | **加熱不可、開封後は冷蔵で1〜2か月** |,| **えごま油・亜麻仁油** | **α-リノレン酸（n-3）** | **生食のみ** | **加熱には向かない。開封後は冷蔵で1か月程度を目安に使い切る** |,えごま油・亜麻仁油はメーカー各社とも開封後は冷蔵で1か月程度を目安と案内しており、「1〜2か月」は長め。誤解3の本文（1〜2か月）も同様。,https://www.olive-hitomawashi.com/column/2019/10/post-6800.html; https://tabedoki.jp/chomiryo/egoma/,jr_042,,
253,trend,253_trend_choosing-cooking-oil.md,## A. 最大の誤解は「体によい油と悪い油がはっきり分かれている」です。日本人の食事摂取基準は、脂質全体の量（総エネルギーの20〜30%）と飽和脂肪酸の上限（7%以下）を示しており、「どの油か」より「どれだけ・何に使うか」が基本です。,## A. 最大の誤解は「体によい油と悪い油がはっきり分かれている」です。日本人の食事摂取基準（2025年版）は、脂質全体の量（総エネルギー比20〜30%）と飽和脂肪酸の目標量（18歳以上で7%以下）を示しており、「どの油か」より「どれだけ・何に使うか」が基本です。,食事摂取基準の7%は「上限量（耐容上限量）」ではなく「目標量」で、対象も18歳以上。小児・思春期は別の目標量が設定されている。表では18歳以上と注記しているのに導入文にはなく、記事内で精度が揃っていない。,https://www.kenpakusha.co.jp/data/seigo1/005004-05.pdf; https://www.shokukanken.com/colum/colum-24465/,jr_042,,
254,trend,254_trend_mirin-and-cooking-sake.md,- 本みりんの**糖分は約40〜45%**で、**照り**はこの糖分、**煮崩れ防止**はアルコールと糖分の働きとされます。,- 本みりんの**糖分はおおむね40〜50%**（酒税法上、みりんはエキス分40度以上）で、**照り**はこの糖分、**煮崩れ防止**はアルコールと糖分の働きとされます。,酒税法はみりんをエキス分40度以上と定め、実際の本みりんの糖分は45〜50%とされる資料も多い。上限を45%と書くと狭すぎる。,https://www.nta.go.jp/taxes/sake/qa/01/01.pdf; https://www.iriehonten.jp/mirinsan/mirinsan01.html,jr_042,,
255,trend,255_trend_types-of-vinegar.md,| **純米酢** | **米のみ** | 米の甘みと香り | 同上 |,| **純米酢** | **米のみ**（JASの規格名ではなく、業界の公正競争規約などで使われる呼称） | 米の甘みと香り | 同上 |,JAS（醸造酢の日本農林規格）が定めるのは「穀物酢」「米酢」「米黒酢」「大麦黒酢」「果実酢」等で、「純米酢」は規格名ではない。表の見出しが「原料（JASの規格）」となっているため誤解を招く。,https://www.maff.go.jp/j/jas/jas_standard/attach/pdf/index-354.pdf; http://www.shokusu.org/rules/kijyun.html,jr_042,,
259,trend,259_trend_slow-cooking-food-safety.md,| 増殖する温度 | **約12〜50℃**、**43〜47℃で最も速い**。**酸素が少ない鍋の底**で増える | 同上 |,| 増殖する温度 | **約12〜50℃**、**43〜45℃で最も速い**。**酸素が少ない鍋の底**で増える | 同上 |,食品安全委員会ファクトシート（最終更新 令和7年4月）では、ウェルシュ菌の増殖温度域は12〜50℃、至適温度は43〜45℃。,https://www.fsc.go.jp/factsheets/index.data/factsheets_clostridiumperfringens.pdf,jr_043,,
259,trend,259_trend_slow-cooking-food-safety.md,"| ウェルシュ菌食中毒 | **年間20〜30件、患者数1,000〜2,000人**。**1件あたりの患者が多い**（給食・大量調理） | 厚生労働省 食中毒統計 |","| ウェルシュ菌食中毒 | **年間20〜30件程度、患者数1,000〜2,000人前後（令和6年＝2024年は患者1,889人で全体の13.3%）**。**1件あたりの患者が多い**（給食・大量調理） | 厚生労働省 食中毒統計（令和6年） |","令和6年（2024年）食中毒統計では、ウェルシュ菌の患者数は1,889人で患者数ではノロウイルスに次ぐ2位。記事の範囲自体は誤りではないが、参照年が示されていない。",https://www.fs-kentei.jp/wp6/wp-content/uploads/2025/04/tokei_data_2024.pdf; https://www.mhlw.go.jp/stf/seisakunitsuite/bunya/kenkou_iryou/shokuhin/syokuchu/04.html,jr_043,,
260,trend,260_trend_camp-cooking-safety.md,**火消し壺で密閉して消す**か、**水をかけて完全に消し、指定の捨て場所へ**。,**火消し壺で密閉して消す**か、**バケツの水に十分に浸して芯まで消し（表面に水をかけるだけでは内部に火が残ります）、指定の捨て場所へ**。,自治体・アウトドア各社の解説では、水をかけるだけ／短時間浸すだけでは内部まで水が届かず再燃するため、火消し壺か十分な時間の水浸けを推奨。ごみ袋や収集車での発火事故も報告されている。,https://www.city.oita.oita.jp/o214/kurashi/anshinanzen/bebekyu.html; https://store.alpen-group.jp/Page/Feature/outdoor_250213_01.aspx,jr_043,,
271,wisdom,271_wisdom_carrying-a-handkerchief.md,"- Japan sells an estimated **hundreds of millions of hand towels and handkerchiefs a year**; the imabari region (Ehime) is the towel-making centre, and a **hand towel is the most common small gift** (see the gift article).","- The Japanese towel market ran to about **76,900 tonnes in 2023 — roughly 900 million face-towel equivalents**, of which **some 83% was imported**; the **Imabari** region (Ehime) is the domestic towel-making centre, making over half of Japanese-made towels, and a **hand towel is a common small gift","2023年の日本のタオル市場は76,928トン（フェイスタオル換算で約9億枚）、うち輸入が82.9%、今治製は市場全体の9.9%だが国産タオルの半分以上を占める。固有名詞 imabari は Imabari と大文字表記。",https://mit.meijin-intertrade.com/3912/; https://itia.or.jp/toweldata.html,jr_044,,
271,wisdom,271_wisdom_carrying-a-handkerchief.md,| Children | Kindergartens and schools **require a handkerchief and tissues** in the pocket daily — the habit is taught at 3 |,"| Children | Kindergartens and schools **tell children to carry a handkerchief and tissues** every day, and many check them in a periodic 清潔検査 hygiene inspection — the habit starts at kindergarten age |",ハンカチ・ティッシュの携行は全国一律の法令上の義務ではなく、各園・各校の持ち物指導と、月1回程度の「清潔検査」による確認という運用が一般的。「require」は断定が強すぎる。,http://www2.sopia.or.jp/tusumi/%E4%BF%9D%E5%81%A5%E5%AE%A4/2582; https://note.com/jp_school_mama/n/nbd41e4f3f2ae,jr_044,,
272,wisdom,272_wisdom_dehumidifiers.md,"- Running cost (Tokyo 2025, about ¥31/kWh): compressor **¥5–9 per hour**, desiccant **¥10–20 per hour**.","- Running cost (at the standard guideline rate of **¥31/kWh**, set in July 2022 and still current): compressor **¥5–9 per hour**, desiccant **¥9–22 per hour**.",¥31/kWh は全国家庭電気製品公正取引協議会の目安単価（2022年7月改定、2026年9月現在も同額）で、東京の2025年料金ではない。また700Wのデシカント機は約¥22/時となり上限20円は低い。,https://www.eftc.or.jp/qa/; https://selectra.jp/energy/electricity/price-per-kwh,jr_044,,
272,wisdom,272_wisdom_dehumidifiers.md,- Japan Electrical Manufacturers' Association — Dehumidifier selection guide (除湿機の選び方)   https://www.jema-net.or.jp/,- Japan Electrical Manufacturers' Association — JEM 1411 Method of calculating the dehumidifying area of electric dehumidifiers (電気除湿機の除湿面積算出方法)   https://www.jema-net.or.jp/engineering/JEM_JEM-TR/JEM1411.html,JEMA に「除湿機の選び方」という一般向けガイドは見当たらず、除湿機に関する公式文書は規格 JEM 1411（電気除湿能力・除湿面積の算出方法）。本文の定格条件の根拠にも合致する。,https://www.jema-net.or.jp/engineering/JEM_JEM-TR/JEM1411.html,jr_044,,
272,wisdom,272_wisdom_dehumidifiers.md,- Ministry of the Environment — Household energy saving: dehumidifiers and air conditioners   https://ondankataisaku.env.go.jp/coolchoice/,"- Ministry of the Environment — Decokatsu (デコ活), the national campaign that replaced COOL CHOICE: household energy saving   https://ondankataisaku.env.go.jp/decokatsu/",COOL CHOICE は2023年12月25日で新規賛同登録を終了し、国民運動は「デコ活」に移行。COOL CHOICE ページは過去情報の扱いになっている。,https://ondankataisaku.env.go.jp/decokatsu/; https://ondankataisaku.env.go.jp/coolchoice/,jr_044,,
273,wisdom,273_wisdom_newspaper-for-windows.md,"- Newsprint is **unbleached, low-lint paper with a matte surface**;","- Newsprint is **low-lint, matte paper made mainly from mechanical pulp and recovered paper** (recycled content in Japan is generally over 70%, and 100% recycled newsprint is on the market);",新聞用紙は古紙と機械（砕木）パルプを主原料とし、古紙配合率は製紙メーカーにより70%以上、古紙100%品も商品化されている。「unbleached（未漂白）」という説明は正確ではない。,https://www.jfpi.or.jp/webyogo/index.php?term=1182; https://www.daio-paper.co.jp/product/paper/newspaper/,jr_044,,
274,wisdom,274_wisdom_daily-tidying-reset.md,| **Floor** | Anything on it goes back to its place; toys into one box | Robot vacuums (common) need a clear floor |,| **Floor** | Anything on it goes back to its place; toys into one box | Robot vacuums — in roughly one home in ten — need a clear floor |,ロボット掃除機の世帯普及率は約1割規模（アイロボットが自社製品で2024年4月に全国世帯普及率10%達成と発表、民間調査では所有率9%）。「common」は実態より強い。,https://www.advertimes.com/20240418/article457003/; https://www.nikkei.com/article/DGXMZO56831930W0A310C2000000/,jr_044,,
275,wisdom,275_wisdom_shoe-cabinets.md,"- **Mould conditions** — above 70% humidity, 20–30°C — are met inside a closed cabinet holding damp shoes for much of the year.","- **Mould conditions** — humidity above 70% and temperatures of roughly **15–30°C, fastest around 25–28°C** — are met inside a closed cabinet holding damp shoes for much of the year.",カビの生育温度域は概ね15〜30℃で、最適は25〜28℃。湿度は60%以上で活動、70%以上で発生しやすく80%以上で急増。温度域を20〜30℃に限定すると春秋の実態を取りこぼす。,https://www.fungus-analyst.com/fungus/; https://kabidoctors.com/column/kabi-cause/,jr_044,,
275,wisdom,275_wisdom_shoe-cabinets.md,Feet release about **200 mL of sweat a day**; a damp shoe in a closed cabinet grows mould and odour,"The two feet together release about **200 mL of sweat a day**, roughly a cupful; a damp shoe in a closed cabinet grows mould and odour",よく引用される数値は「両足で1日コップ1杯分（約200mL）」。片足あたりと読める書き方は誤解を招く。足裏は1c㎡あたり約600〜700個の汗腺があるとされる。,https://dime.jp/genre/474495/; https://fujinkoron.jp/articles/-/8084,jr_044,,
276,wisdom,276_wisdom_insect-prevention.md,was invented in Japan in **1890 (stick) and 1895 (spiral)**,"was invented in Japan in **1890 (the stick type)**, with the spiral shape conceived in **1895** and on sale from **1902**",Ueyama Eiichirō launched the stick-type coil in 1890; the spiral idea is dated to 1895 (Yuki Ueyama) but the spiral coil only went on sale in 1902.,https://ja.wikipedia.org/wiki/%E8%9A%8A%E5%8F%96%E3%82%8A%E7%B7%9A%E9%A6%99; https://wave.pref.wakayama.lg.jp/bunka-archive/senjin/ueyama.html,jr_045,,
276,wisdom,276_wisdom_insect-prevention.md,"**Fumigation cans** (smoke or mist type) for whole-room treatment require **leaving the room for 2–3 hours, covering fish tanks and food, and ventilating**","**Fumigation cans** for whole-room treatment require **leaving the room for 2–3 hours (smoke type; 1–2 hours for mist), covering the smoke detector, fish tanks and food, then ventilating for 30–60 minutes**","Manufacturer instructions: smoke type stand 2–3 h, mist type 1–2 h, ventilate 30–60 min afterwards; the pack includes a cover for the smoke/heat detector, which the draft omits while mentioning alarms only as a neighbour courtesy.",https://t-meister.jp/column/balsan-time/; https://lifestyle.assist-all.co.jp/balsan-duration-effectiveness-safety-guide/,jr_045,,
277,wisdom,277_wisdom_community-boards-and-kairanban.md,"**¥3,000–6,000 a year** typically, collected by a block leader (hanchō)","**Often ¥3,000–6,000 a year**, but the spread is wide — roughly ¥1,000–5,000 in cities and ¥5,000 upwards in rural areas — collected by a block leader (hanchō)","Surveys of 町内会費 show urban associations commonly at ¥1,000–5,000/year and rural ones at ¥5,000–30,000/year (apartments often ¥200–1,000 a month). The stated band is narrower than reality.",https://shintoa-tosou.jp/blog/neighborhood-association-fees-market-price/; https://www.athome.co.jp/vox/news/town/6792/,jr_045,,
278,wisdom,278_wisdom_torches-and-radios.md,"**Public Wi-Fi ""00000JAPAN""** is opened free by all carriers in a declared disaster.","**Public Wi-Fi ""00000JAPAN""** is opened free by carriers and Wi-Fi operators in a large-scale disaster — and, since September 2023, in a large-scale network outage too. It is **unencrypted**, so keep passwords and payments off it.",MIC / 無線LANビジネス推進連絡会: the unified SSID is opened by telecom and Wi-Fi operators; from 4 Sep 2023 the five major mobile carriers also open it during large-scale outages. MIC warns it carries no encryption.,https://www.soumu.go.jp/menu_seisaku/ictseisaku/public_wi-fi/freewifi_00000japan.html; https://www.docomo.ne.jp/info/news_release/2023/09/04_00.html; https://www.soumu.go.jp/menu_kyotsuu/important/kinkyu01_000125120.html,jr_045,,
278,wisdom,278_wisdom_torches-and-radios.md,NHK is legally required to broadcast disaster information; local FM stations relay municipal announcements.,"**All core broadcasters, NHK included, are required by Article 108 of the Broadcast Act to carry disaster information**; local FM stations relay municipal announcements.","Broadcast Act Art. 108 places the disaster-broadcasting duty on every 基幹放送事業者, not on NHK alone; NHK's own duties sit in Arts. 15 and 20.",https://www.tele.soumu.go.jp/horei/law_honbun/72490000.html; https://hourei.net/law/325AC0000000132,jr_045,,
279,wisdom,279_wisdom_reading-a-japanese-food-label.md,Additives come **after the slash (／)**.,"Additives are marked off from the ingredients — **usually after a slash (／)**, but a line break or a separate 添加物 column is equally valid.","Consumer Affairs Agency guidance: additives may be shown in a separate 添加物 field, or inside 原材料名 divided clearly by a slash or a line break. The slash is the most common method, not the rule.",https://www.caa.go.jp/policies/policy/food_labeling/food_sanitation/food_additive/assets/food_labeling_cms204_210408_01.pdf,jr_045,,
279,wisdom,279_wisdom_reading-a-japanese-food-label.md,Six fixed items appear on every packaged food under the Food Labelling Act,Six core items appear on every packaged food under the Food Labelling Act — with a nutrition panel (mandatory since April 2020) and the main ingredient's country of origin (since April 2022) alongside them,"Nutrition labelling became mandatory for pre-packaged processed food on 1 Apr 2020 and origin-of-main-ingredient labelling on 1 Apr 2022, so the boxed panel carries more than six mandatory items. Both dates in the article's own bullets check out.",https://www.caa.go.jp/policies/policy/food_labeling/nutrient_declearation/; https://www.maff.go.jp/j/syouan/hyoji/attach/pdf/gengen_hyoji-6.pdf,jr_045,,
280,wisdom,280_wisdom_warranty-and-repair-culture.md,"**¥300–3,000 per item via the municipality**","**roughly ¥200–3,000 per item via the municipality, depending on the city and the item**",Municipal 粗大ごみ schedules start below ¥300 — Osaka City charges from ¥200 per item — and run to a few thousand yen for beds and sofas.,https://www.city.osaka.lg.jp/kankyo/page/0000384507.html; https://www.city.yokohama.lg.jp/kurashi/sumai-kurashi/gomi-recycle/gomi/shushu/sodaigomi/dashikata-shousai/das3-1.html,jr_045,,
281,beauty,281_beauty_makeup-primer.md,https://www.jcia.org/user/business/spf,https://www.jcia.org/user/business/guideline/spf,日本化粧品工業会「SPF測定法基準」の現行ページは /user/business/guideline/spf。記載のパスは階層が異なる。,https://www.jcia.org/user/business/guideline/spf,jr_046,,
281,beauty,281_beauty_makeup-primer.md,日焼け止め機能を頼るなら量が要点で、下地の量はファンデより多めが必要です。,日焼け止め機能を頼るなら量が要点で、**顔全体で約0.8g**（SPF測定と同じ塗布量）が目安になります。,「ファンデより多め」は比較の基準が製品ごとに異なり検証できない。SPF測定基準の塗布量2mg/cm²（顔約400cm²＝約0.8g）で示すほうが正確。,https://www.jcia.org/user/business/guideline/spf; https://www.env.go.jp/content/900410650.pdf,jr_046,,
282,beauty,282_beauty_eyebrow-grooming.md,https://www.kokusen.go.jp/,https://www.kokusen.go.jp/  ※「アートメイクの危害」（平成23年10月27日公表）の該当ページURLに差し替えてください,国民生活センター「アートメイクの危害」は平成23年10月27日公表の報道発表資料（平成18〜22年の5年間で健康被害相談111件）。リンクが法人トップページのままで、当該資料を指していない。,https://www.city.sakai.lg.jp/kenko/kankyoeisei/taisaku/artmake.html; https://www.pref.ehime.jp/nan54125/uwajima-hcn/eisei_seikatu/eisei_seikatu11.html,jr_046,,
283,beauty,283_beauty_midday-makeup-touch-up.md,- 日本化粧品工業会「化粧品の正しい使い方」   https://www.jcia.org/user/public/,- 日本化粧品工業会「化粧品の使用説明書について」（一般生活者向け）   https://www.jcia.org/user/public/basis/manual,jcia.org の一般生活者向けページに「化粧品の正しい使い方」という名称の資料は確認できず、該当するのは「化粧品の使用説明書について」等。出典名とページ名が対応していない。,https://www.jcia.org/user/public/basis/manual; https://www.jcia.org/user/,jr_046,,
284,beauty,284_beauty_scalp-care.md,| **医薬品（第1類・処方）** | ミノキシジル外用（第1類OTC）、フィナステリド（処方） | **壮年性脱毛症における発毛**、進行遅延 |,| **医薬品（第1類・処方）** | ミノキシジル外用（第1類OTC）、フィナステリド（処方） | **壮年性脱毛症における発毛、育毛及び脱毛（抜け毛）の進行予防**（外用ミノキシジルの承認効能） |,ミノキシジル外用（リアップ等、第1類医薬品）の承認された効能・効果は「壮年性脱毛症における発毛、育毛及び脱毛（抜け毛）の進行予防」。「進行遅延」は承認表現ではない。,https://brand.taisho.co.jp/riup/riup/; https://brand.taisho.co.jp/contents/riup/356/,jr_046,,
284,beauty,284_beauty_scalp-care.md,- 日本皮膚科学会**「男性型および女性型脱毛症診療ガイドライン2017年版」**は、**ミノキシジル外用・フィナステリド内服（男性）**を推奨度Aとし、**頭皮マッサージや多くの民間療法は推奨度が低い**か評価対象外です。,- 日本皮膚科学会**「男性型および女性型脱毛症診療ガイドライン2017年版」**（2026年9月時点で最新版）は、**ミノキシジル外用・フィナステリド内服（男性）・デュタステリド内服（男性）**を推奨度Aとし、**頭皮マッサージや多くの民間療法は推奨度が低い**か評価対象外です。,2017年版の推奨度Aにはデュタステリド内服（男性）も含まれる。列挙から漏れている。年次自体は最新（改訂版は確認されず）。,https://www.dermatol.or.jp/dermatol/wp-content/uploads/xoops/files/AGA_GL2017.pdf,jr_046,,
285,beauty,285_beauty_hairbrush-care.md,**皮脂・フケ・シラミ・白癬（水虫菌の一種）**の共有につながります。**1人1本**、**帽子・タオルも同様**。,**皮脂・フケ・アタマジラミ・頭部白癬（しらくも。水虫と同じ白癬菌による感染症）**の共有につながります。**1人1本**、**帽子・タオルも同様**。,白癬は菌の名称ではなく白癬菌（皮膚糸状菌）による感染症の名称。頭部に生じるものは頭部白癬（しらくも）。「白癬（水虫菌の一種）」は語の使い方が正確でない。,https://www.dermatol.or.jp/public/,jr_046,,
286,beauty,286_beauty_heels-and-elbows.md,**尿素配合のクリームは医薬部外品または医薬品（第3類）**があり、**「ひび・あかぎれ」への効能は医薬品の範囲**です。,**尿素配合のクリームには化粧品・（指定）医薬部外品・一般用医薬品（第2類／第3類）**があり、**「手足のひび・あかぎれ」「角化症」への効能は医薬品の範囲**です。**ひび割れた部分にはしみることがある**ため、傷口を避けて使います。,尿素製剤は配合量により化粧品・指定医薬部外品・第2類／第3類医薬品に分かれ、第3類だけではない。また尿素配合の保湿剤はひび・あかぎれの傷口にしみるため控えるよう案内されている。,https://www.kusurinomadoguchi.com/column/articles/urea-cream-pickup; https://www.daiichisankyo-hc.co.jp/site_hifuken/symptom/hibi-akagire/,jr_047,,
287,beauty,287_beauty_storing-fragrance.md,| 開封後の目安 | **1〜3年**（香りの種類と保管による）。**柑橘系は劣化が早く、ウッディ・オリエンタル系は長持ち**する傾向 |,| 開封後の目安 | **開封後は1年前後を目安とするメーカーが多く、保管がよければ2〜3年**。**未開封は製造後3年程度**（香りの種類と保管による）。**柑橘系は劣化が早く、ウッディ・オリエンタル系は長持ち**する傾向 |,業界・メーカーの一般的な案内は「未開封で製造後約3年、開封後は約1年」。記事の「1〜3年」は開封後の目安としてはやや長めで、未開封との区別もない。,https://kaori-happiness.jp/perfume-expire-date/; https://myonlyfragrance.com/column/perfume-expiration-guid/,jr_047,,
287,beauty,287_beauty_storing-fragrance.md,- 総務省消防庁「消防法における危険物（アルコール類）」   https://www.fdma.go.jp/,- 総務省消防庁「アルコール類判断フローチャート」（危険物該当性の判定・可燃性液体量60%）   https://www.fdma.go.jp/relocation/kasai_yobo/about_shiken_unpan/flow_alcohol.pdf,裸のトップページでは本文の「アルコール濃度による」という記述を裏づけられない。消防庁は判定フローチャート（60%基準）を公開している。,https://www.fdma.go.jp/relocation/kasai_yobo/about_shiken_unpan/flow_alcohol.pdf,jr_047,,
287,beauty,287_beauty_storing-fragrance.md,- 厚生労働省「化粧品の使用期限の表示について」（医薬品医療機器等法第61条）   https://www.mhlw.go.jp/stf/seisakunitsuite/bunya/kenkou_iryou/iyakuhin/keshouhin/index.html,- 医薬品医療機器等法第61条／昭和55年9月26日厚生省告示第166号（使用期限の表示を要する化粧品）   https://www.tmiph.metro.tokyo.lg.jp/k_yakuji/i-kanshi/c_label/,「3年以上品質が安定していれば表示不要」の根拠は薬機法61条と昭和55年厚生省告示第166号。記事の出典名（厚労省「化粧品の使用期限の表示について」）に一致する通知は確認できず、URLも化粧品行政の目次ページ。,https://www.tmiph.metro.tokyo.lg.jp/k_yakuji/i-kanshi/c_label/; https://health-beauty-soleil.jp/cosmetics-expiration-rules/,jr_047,,
288,beauty,288_beauty_mens-skincare.md,- 公益社団法人日本皮膚科学会「皮膚科Q&A　スキンケア」   https://www.dermatol.or.jp/qa/,- 公益社団法人日本皮膚科学会「一般市民の皆様（皮膚科Q&A）」   https://www.dermatol.or.jp/public/,日本皮膚科学会の皮膚科Q&Aに「スキンケア」という独立項目は確認できず、URLもQ&A目次の裸のパス。本文の記述に対応する該当ページを特定して差し替えるのが望ましい。,https://www.dermatol.or.jp/public/,jr_047,,
288,beauty,288_beauty_mens-skincare.md,- 日本の男性用化粧品市場は**2010年代から拡大し、20代男性の約6割がスキンケアを日常的に行う**という調査もあります（業界調査）。,"- 日本の男性用化粧品市場は**2010年代から拡大し、20代男性のスキンケア実施率は約59%**という民間調査があります（男性全体では約4割）。**男性化粧品の市場規模は2024年で約1,421億円**とされます。","プラネットの調査で20代男性のスキンケア実施率58.8%、男性全体約40.5%。市場規模は2024年で1,421億円（前年比0.1%増）。「約6割」は誤りではないが、出典と実数を示した方が検証可能。",https://www.jmrlsi.co.jp/trend/newsletter/f-monthly-148.html; https://www.syogyo.jp/matome/2024/07/post_039107,jr_047,,
289,beauty,289_beauty_sunscreen-for-children.md,**薄く塗ると効果が下がります。** **子ども用を規定量（顔で1円硬貨2枚分程度）**、**2〜3時間おきと汗・水の後に塗り直す**。,**薄く塗ると効果が下がります。** **子ども用を規定量（顔なら、クリームはパール粒大＝7〜8mm、液は1円玉大を手に取って塗り、同じ量をもう一度重ね塗り）**、**2〜3時間おきと汗・水の後に塗り直す**。,日本臨床皮膚科医会・日本小児皮膚科学会の統一見解は「顔ではクリームならパール粒大（7〜8mm大）、液なら1円玉大を手のひらに取って塗り伸ばし、同じ量でもう一度重ね塗り」「2、3時間ごとに重ね塗り」と具体的に示している。記事の「1円硬貨2枚分」は剤形の区別がない。,https://jspd.umin.jp/pdf/201509_2.pdf,jr_047,,
291,fashion,291_fashion_washing-blankets.md,**洗濯槽の8割**を超えると回らず、洗えません。,**洗濯槽の7〜8割**を超えると水と洗剤が行き渡らず、汚れが落ちにくくなります。,メーカー・一般の案内では適量は洗濯槽の6〜8割程度。「回らず、洗えません」は断定が強すぎる（実際は洗浄力低下・偏りが主な問題）。,https://tenki.jp/suppl/m_takizawa/2022/07/26/31161.html; https://tokubai.co.jp/news/articles/2553,jr_048,,
291,fashion,291_fashion_washing-blankets.md,| **ウール・カシミヤ** | **表示に手洗い記号があれば** | 30℃以下、中性洗剤、押し洗い | 平干し、陰干し | シーズン終わりにクリーニングが多い |,| **ウール・カシミヤ** | **表示に手洗い記号があれば** | 手洗い記号は**液温40℃が限度**（2024年改正で**30℃限度の手洗い記号**も追加）。**ぬるま湯・中性洗剤で押し洗い** | 平干し、陰干し | シーズン終わりにクリーニングが多い |,JIS L0001の手洗い記号（数字なし）は液温40℃が限度。2024年改正で30℃限度の手洗い記号が新設された。記事の「30℃以下」は表示の意味と一致せず、読者が表示を読み違える。,https://www.caa.go.jp/policies/policy/representation/household_goods/guide/wash_02.html; https://www.kaken.or.jp/carelabel2024,jr_048,,
291,fashion,291_fashion_washing-blankets.md,- 洗濯表示は**JIS L0001**。毛布には**桶に数字（40が多い）・弱い処理の線・乾燥機の可否**が記されています。,- 洗濯表示は**JIS L0001**（**2024年改正版**が令和6年8月20日に公示。令和7年8月19日までは旧表示との経過措置）。毛布には**桶に数字（40が多い）・弱い処理の線・乾燥機の可否**が記されています。,JIS L 0001:2024が2024年8月20日に公示・施行され、手洗い30℃記号の追加、アイロン温度の変更（点1=120℃、点2=160℃、点3=210℃）、スチーム不可記号の追加などが行われた。版年を示さないと旧版の説明と混同される。,https://www.kaken.or.jp/carelabel2024; https://webdesk.jsa.or.jp/common/W10K0620?id=1297; https://www.caa.go.jp/policies/policy/representation/household_goods/law/kaisei/240820.html,jr_048,,
292,fashion,292_fashion_suit-care.md,| ローテーション | **同じスーツを連日着ない。2〜3着で回す** | ウールの繊維が**1〜2日で形と弾力を回復** |,| ローテーション | **同じスーツを連日着ない。2〜3着で回す** | ウールの繊維が**休ませることで形と弾力を回復**（一般的な案内では**1日着たら2〜3日**） |,スーツ専門店・クリーニング業界の案内は「1日着たら2〜3日休ませる」が一般的で、「1〜2日」は短め。記事の推奨着数（2〜3着）との整合も要確認。,https://www.franceya-shop.jp/column/maintenance/suit-care; https://www.konaka-jp.com/suit/2024/01/post_28.html,jr_048,,
292,fashion,292_fashion_suit-care.md,**ウールは回復に1〜2日必要**で、連日着ると**ひざ・ひじが伸び、しわが戻らず、寿命が縮みます。** **2〜3着のローテーション**が長持ちの基本。,**ウールは回復に最低1日、一般的な案内では2〜3日休ませることが勧められます。** 連日着ると**ひざ・ひじが伸び、しわが戻らず、寿命が縮みます。** **2〜3着のローテーション**が長持ちの基本。,上と同じ。業界の一般的な案内（1日着たら2〜3日休ませる）に合わせて幅を持たせる。表（15行目）と本文で同じ数値を使うこと。,https://www.franceya-shop.jp/column/maintenance/suit-care; https://www.ordersuit.info/stores/nagoya-station/blog/286664/,jr_048,,
294,fashion,294_fashion_protecting-leather-bags-from-rain.md,| **予防** | **防水スプレー（フッ素系）を屋外で30cm離して薄く2回**。**目立たない場所で試す** | 室内でのスプレー（吸入事故） |,| **予防** | **防水スプレー（フッ素系）を屋外で20〜30cm離して薄く2回**（1回目を乾かしてから重ねる）。**目立たない場所で試す** | 室内でのスプレー（吸入事故） |,一般的な使用案内は「20〜30cm離して薄く均一に」「1度に厚塗りせず、1回目を乾かしてから重ねる」。30cmと言い切ると近すぎる距離での使用（シミ・吸入）を誘発しうる。,https://www.fluorotech.co.jp/column/play_useful.html; https://whoop-de-doo.com/column/3311/about-waterproof-spray-for-leather-shoes/,jr_048,,
296,fashion,296_fashion_belt-care.md,**革のベルトは靴・バッグと同じ革製品**です。**月1回のクリーム**で寿命が数年延びます。,**革のベルトは靴・バッグと同じ革製品**です。**月1回のクリーム**で持ちが変わるとされます。,「寿命が数年延びる」という定量的効果を示す公的・業界資料は見つからない。断定を避ける表現が適切。,https://www.jlia.or.jp/,jr_049,,
297,fashion,297_fashion_sunglasses-storage-and-lenses.md,| **可視光線透過率** | レンズの**濃さ**。**運転には8%以上**（JIS：8%未満は運転不可）、**夜間運転は75%以上** |,| **可視光線透過率** | レンズの**濃さ**。**8%以下は運転用・路上使用に使えない**、**75%未満は薄暮・夜間の運転に使えない**（JIS T 7333） |,JISの規定は「視感透過率8%以下は運転用・路上使用の禁止」「75%未満は薄暮・夜間の運転用または路上使用の禁止」。「8%未満」「夜間は75%以上」は境界値の書き方が不正確。,https://kikakurui.com/t7/T7333-2018-01.html; https://www.harutamegane.com/blog20181130/,jr_049,,
297,fashion,297_fashion_sunglasses-storage-and-lenses.md,**可視光線透過率8%未満は運転不可**（JIS）。**夜間・トンネルでは濃いレンズは危険**。**偏光レンズはカーナビの液晶が見えにくい**ことがあります。,**可視光線透過率8%以下は運転用・路上での使用ができません**（JIS）。**75%未満は薄暮・夜間の運転に使えません**。**偏光レンズはカーナビの液晶が見えにくい**ことがあります。,上の表と同じ境界値の問題。JISは「8%以下」が運転用禁止、「75%未満」が薄暮・夜間の運転用禁止。,https://kikakurui.com/t7/T7333-2018-01.html,jr_049,,
297,fashion,297_fashion_sunglasses-storage-and-lenses.md,**価格と無関係に、表示があれば紫外線はカットされます。** 違いは**レンズの歪み・耐久性・フレームの品質**。**表示のないものは避ける**。,**価格よりも表示で選びます。** ただし**表示が実際の値と合っていない製品もある**ため、**表示のないものは避け、販売店で確認を**。違いは**レンズの歪み・耐久性・フレームの品質**。,NITEの試買テスト（サングラス）では20銘柄中12銘柄が表示規程に不適合（品名・可視光線透過率の表示誤り等）。「表示があればカットされる」と断定できない。,https://www.nite.go.jp/data/000004561.pdf; https://www.pref.kanagawa.jp/docs/r7b/cnt/f370222/p1224229.html,jr_049,,
298,fashion,298_fashion_underarm-sweat-stains.md,**塩素系は制汗剤のアルミニウムと反応してかえって黄変・生地の傷み**を起こすことがあります。**酸素系**が基本。,**塩素系は残った汗のたんぱく質や皮脂と反応してかえって黄変し、生地も傷める**ことがあります。**酸素系**が基本。,脇の黄変の機構としては「アルミニウム塩＋汗のたんぱく質・皮脂の酸化」が説明されるが、塩素系漂白剤がアルミニウムと反応して黄変するという説明は確認できない。塩素系の黄変はたんぱく質等の残留成分との反応として説明される。,https://coromoe.jp/%E3%83%87%E3%82%AA%E3%83%89%E3%83%A9%E3%83%B3%E3%83%88%E5%89%A4%E3%81%AE%E9%BB%84%E3%81%B0%E3%81%BF%E3%83%BB%E7%99%BD%E3%81%84%E8%B7%A1%E3%82%92%E5%AE%8C%E5%85%A8%E9%99%A4%E5%8E%BB%EF%BC%81%E8%A1%A3/; https://jsda.org/w/04_yakud/index.html,jr_049,,
298,fashion,298_fashion_underarm-sweat-stains.md,**貼るタイプの汗取りパッドはシャツの寿命を延ばす最も確実な予防**で、日本では日用品として定着しています。**インナー（脇汗パッド付き）**も同様。,**貼るタイプの汗取りパッドは、汗と制汗剤が生地に直接つくのを防ぐ実用的な方法**で、日本では日用品として定着しています。**インナー（脇汗パッド付き）**も同様。,「最も確実な予防」は比較検証の裏づけがなく断定が強すぎる。,,jr_049,,
298,fashion,298_fashion_underarm-sweat-stains.md,- 日本石鹸洗剤工業会「漂白剤の種類と使い方」   https://jsda.org/w/index.html,- 日本石鹸洗剤工業会「役立つ情報（洗剤・漂白剤の使い方）」   https://jsda.org/w/04_yakud/index.html,jsda.org/w/index.html はサイトのトップで、「漂白剤の種類と使い方」という個別ページを指していない。一般消費者向け解説は「役立つ情報」配下（/w/04_yakud/）にある。,https://jsda.org/w/04_yakud/index.html; https://jsda.org/w/map.html,jr_049,,
299,fashion,299_fashion_shoe-odour.md,| **湿気** | 足は1日約200mLの汗。靴の中は**湿度90%・35℃前後**になる | **1日履いたら1〜2日乾かす**、**中敷きを外す**、**乾燥剤・新聞紙・木製シューキーパー** |,| **湿気** | 足は1日にコップ1杯（約200mL）ほどの汗。靴の中は**高温多湿になり、湿度が90%を超えることもある**とされる | **1日履いたら1〜2日乾かす**、**中敷きを外す**、**乾燥剤・新聞紙・木製シューキーパー** |,「湿度90%・35℃前後」という具体値の一次資料は見つからない。メーカー調査等では革靴内の湿度が99%以上に達するとの記載もあり、断定的な数値は避けるのが安全。,https://prtimes.jp/main/html/rd/p/000000042.000010075.html; https://dime.jp/genre/474495/,jr_049,,
300,fashion,300_fashion_how-to-lace-and-wear-shoes.md,- 公益社団法人日本整形外科学会「外反母趾」   https://www.joa.or.jp/public/sick/,- 公益社団法人日本整形外科学会「外反母趾」   https://www.joa.or.jp/public/sick/condition/hallux_valgus.html,/public/sick/ は症状・病気の一覧ページ。外反母趾の該当ページは condition/hallux_valgus.html。,https://www.joa.or.jp/public/sick/condition/hallux_valgus.html,jr_049,,
300,fashion,300_fashion_how-to-lace-and-wear-shoes.md,- 消費者庁「子どもの靴の選び方・事故防止」   https://www.caa.go.jp/policies/policy/consumer_safety/child/,- 消費者庁「こどもの事故防止」   https://www.caa.go.jp/policies/policy/consumer_safety/child/,このURLの実際のページ名は「こどもの事故防止」で、子どもの靴の選び方を扱った資料ではない。出典名が実際の資料名と一致していない。,https://www.caa.go.jp/policies/policy/consumer_safety/child/,jr_049,,
301,health,301_health_bath-timing-before-bed.md,- 消費者庁「冬季に多発する高齢者の入浴中の事故に注意」   https://www.caa.go.jp/policies/policy/consumer_safety/caution/,- 消費者庁「冬季に多発する高齢者の入浴中の事故に御注意ください！」   https://www.caa.go.jp/policies/policy/consumer_safety/caution/caution_042,正式名称は「冬季に多発する高齢者の入浴中の事故に御注意ください！」。現行URLは caution_042（旧版は caution_013）。記載のURLは注意喚起の一覧ページで、湯温41度以下・10分までの記述を含まない。,https://www.caa.go.jp/policies/policy/consumer_safety/caution/caution_042; https://www.caa.go.jp/policies/policy/consumer_safety/caution/caution_013,jr_050,,
301,health,301_health_bath-timing-before-bed.md,**長時間の入浴は脱水と疲労**を招き、かえって眠りを妨げます。**10〜15分**が目安（半身浴の記事を参照）。,**長時間の入浴は脱水と疲労**を招き、かえって眠りを妨げます。**湯につかるのは10分まで**が消費者庁の示す目安です（半身浴の記事を参照）。,表では消費者庁の「41℃以下・10分程度」を挙げながら、誤解3では「10〜15分」としており記事内で不一致。消費者庁の注意喚起は「湯につかる時間は10分まで」。,https://www.caa.go.jp/policies/policy/consumer_safety/caution/caution_042,jr_050,,
303,health,303_health_mattress-firmness.md,- 公益社団法人日本整形外科学会「腰痛」（生活上の注意・寝具）   https://www.joa.or.jp/public/sick/,- 公益社団法人日本整形外科学会「腰痛」（症状・病気をしらべる）   https://www.joa.or.jp/public/sick/condition/lumbago.html,日本整形外科学会の「腰痛」解説ページの実URLは /public/sick/condition/lumbago.html。記載のURLは症状一覧の入口で、本文が引用する寝具の記述を含まない。,https://www.joa.or.jp/public/sick/condition/lumbago.html; https://www.joa.or.jp/public/sick/body/index.html,jr_050,,
305,health,305_health_chewing-well.md,"| 1食の噛む回数（推定） | **戦前 約1,400回**→**現代 約600回** | 歯科・栄養学の推定（斉藤滋らの研究） |","| 1食の噛む回数（推定） | **戦前 約1,400回**→**現代 約600回** | 歯科・栄養学の推定（斎藤滋・神奈川歯科大学の復元食による推計） |","この推計は神奈川歯科大学の斎藤滋氏によるもの（戦前1,420回／22分、現代620回／11分）。人名の表記は「斎藤滋」。",https://www.kawasemi-dc.jp/_cms/6687/; https://admcom.co.jp/admwp/?p=1397,jr_050,,
306,health,306_health_sugar-intake.md,**「糖類ゼロ」は100mLあたり0.5g未満**の意味で、**人工甘味料や糖アルコール**が使われます。**甘味への慣れ**の点で注意が必要とする見解があります。,**「糖類ゼロ」は食品100gあたり（飲料は100mLあたり）0.5g未満**の意味で、**人工甘味料や糖アルコール**が使われます。**WHOは2023年、体重管理や生活習慣病予防を目的とした非糖質甘味料の使用を推奨しない**という指針を出しています。,食品表示基準の「無」「ゼロ」の基準値は一般食品が100gあたり0.5g未満、飲料が100mLあたり0.5g未満。またWHOは2023年5月に非糖質甘味料に関するガイドラインを公表し、体重管理・非感染性疾患予防を目的とした使用を推奨しないとしている。「甘味への慣れ」という曖昧な表現より公的指針を示すほうが正確。,https://www.alic.go.jp/joho-s/joho07_003409.html; https://www.ncbi.nlm.nih.gov/books/NBK592245/; https://www.caa.go.jp/policies/council/fssc/meeting_materials/assets/fscc_cms101_241203_02.pdf,jr_051,,
306,health,306_health_sugar-intake.md,| 栄養成分表示 | **「糖類」の表示は任意**。義務は「炭水化物」 | 消費者庁 |,| 栄養成分表示 | **「糖類」の表示は任意**。義務は熱量・たんぱく質・脂質・炭水化物・食塩相当量の5項目 | 消費者庁 |,食品表示基準の義務表示は熱量・たんぱく質・脂質・炭水化物・食塩相当量の5項目。糖類は推奨/任意表示。義務が「炭水化物」だけであるかのような記述は不正確。,https://www.caa.go.jp/policies/policy/food_labeling/nutrient_declearation/; https://www.hokeniryo1.metro.tokyo.lg.jp/shokuhin/hyouji/shokuhyouhou_eiyou_kyouchou.html,jr_051,,
307,health,307_health_taking-the-stairs.md,| 階段を下る | **約3〜4メッツ** | 同上 |,| 階段を下る | **約3.5メッツ** | 同上 |,メッツ表の「階段を下りる」は3.5メッツ。幅を持たせる必要がない。,https://www.nibn.go.jp/eiken/programs/2011mets.pdf,jr_051,,
307,health,307_health_taking-the-stairs.md,- ガイド2023は**「+10（プラス・テン）」＝今より10分多く動く**を掲げ、**エレベーターを階段に**を代表例にしています。,- ガイド2023に基づく**「アクティブガイド2023」**は、**「座りっぱなしをやめて＋10（プラス・テン）＝SW10（スイッチ・テン）」**を掲げ、**エレベーターを階段に**を代表例にしています。,「＋10」は2013年の身体活動基準に伴う『アクティブガイド』のメインメッセージ。2023年版に対応する国民向け普及版は「アクティブガイド2023」で、2024年12月に『座りっぱなしをやめて＋10＝SW10（スイッチ・テン）』として公表された。ガイド2023本体の標語として書くのは不正確。,https://www.e-healthnet.mhlw.go.jp/information/exercise/s-0-001.html; https://healthy-life21.com/2024/12/23/20241223/,jr_051,,
307,health,307_health_taking-the-stairs.md,- **階段の事故**：消費者庁は**高齢者の階段での転倒**を住宅内事故の上位に挙げ、**手すり・照明・滑り止め**を勧めています。,- **階段の事故**：消費者庁によると高齢者の転倒場所は庭26.5%、玄関・ホール19.0%、居間17.0%、廊下13.5%に次いで**階段12.5%**。**手すり・足元灯・滑り止め**が勧められています。,消費者庁「10月10日は『転倒予防の日』」（令和2年）では、転倒場所は庭26.5%、玄関・ホール・ポーチ19.0%、居間17.0%、廊下13.5%、階段12.5%の順。階段は5番目で「上位」という表現は実態より強い。,https://www.caa.go.jp/policies/policy/consumer_safety/caution/caution_040; https://www.caa.go.jp/policies/policy/consumer_safety/caution/caution_040/assets/consumer_safety_cms204_201008_01.pdf,jr_051,,
309,health,309_health_air-conditioning-and-health.md,| 熱中症死亡者 | **65歳以上が約8割**、**屋内での死亡の多くが冷房未使用または未設置** | 東京都監察医務院・厚生労働省 |,| 熱中症死亡者 | **65歳以上が約8割**（人口動態統計）。東京都23区の屋内死亡例では**44.9%がエアコン不使用、29.4%が未設置、10.0%が故障** | 東京都監察医務院・厚生労働省 |,東京都監察医務院・東京大学の分析（2013〜2023年、東京都23区）では、屋内死亡例の44.9%がエアコンをオフ、29.4%が未設置、10.0%が故障。記事の趣旨は正しいが、具体数値を入れると根拠が明確になる。,https://www.metro.tokyo.lg.jp/information/press/2025/06/2025062014; https://himan.jp/news/2025/000999.html,jr_051,,
309,health,309_health_air-conditioning-and-health.md,- 東京都監察医務院「東京都23区における熱中症死亡者の状況」   https://www.hokeniryo.metro.tokyo.lg.jp/kansatsu/,- 東京都監察医務院「夏の熱中症死亡者数の状況（東京都23区）」   https://www.hokeniryo.metro.tokyo.lg.jp/shisetsu/jigyosyo/kansatsu/heatstroke/,熱中症死亡者数の公表ページは /shisetsu/jigyosyo/kansatsu/heatstroke/ 配下（令和6年夏の確定値ページ等）。記事のURLは監察医務院トップで、該当資料を直接指していない。,https://www.hokeniryo.metro.tokyo.lg.jp/shisetsu/jigyosyo/kansatsu/heatstroke/r06-heatstroke,jr_051,,
310,health,310_health_vitamin-d-and-sunlight.md,https://www.nies.go.jp/whatsnew/2013/20130830/20130830.html,https://www.nies.go.jp/pr/news-and-updates/2013/20130830/20130830.html,国立環境研究所のサイト改修により、当該プレスリリースの現行URLは /pr/news-and-updates/ 配下。旧URLは web2.nies.go.jp へのアーカイブ扱い。,https://www.nies.go.jp/pr/news-and-updates/2013/20130830/20130830.html,jr_051,,
311,trend,311_trend_storing-garlic-and-ginger.md,- 厚生労働省「家庭でできる食中毒予防の6つのポイント」   https://www.mhlw.go.jp/www1/houdou/0903/h0331-1.html,- 厚生労働省「家庭でできる食中毒予防の6つのポイント」   https://www.mhlw.go.jp/stf/seisakunitsuite/bunya/AA10K-0000049664.html,記載URL（www1/houdou/0903/h0331-1.html）は1997年（平成9年）の報道発表アーカイブ。現行の掲載ページは食品衛生月間の配下にある。,https://www.mhlw.go.jp/stf/seisakunitsuite/bunya/AA10K-0000049664.html,jr_052,,
312,trend,312_trend_storing-cheese.md,**硬いチーズは周囲を厚めに切り取れば使える**とされます。**柔らかいチーズ・シュレッド・スライスは処分**。**白カビ・青カビチーズの本来のカビは食用**。,**硬いチーズは周囲を厚めに切り取れば使える**とされます。**柔らかいチーズ・シュレッド・スライス（プロセス）は処分**。**白カビ・青カビチーズの本来のカビは食用**。,表（11〜18行目）には「スライス」を独立した行として扱っておらず、スライスがプロセスチーズであることが読み取りにくい。表との対応を明示する。,https://www.meg-snow.com/cheeseclub/knowledge/teigi/,jr_052,,
313,trend,313_trend_storing-salt-and-sugar.md,- 精糖工業会「砂糖の保存と固まりの戻し方」   https://www.seitokogyokai.com/,- 精糖工業会「よくある質問（砂糖が固まる理由・上白糖とビスコ）」   https://seitokogyokai.com/faq/,精糖工業会の公式ドメインは www なしの seitokogyokai.com。トップではなく、上白糖のビスコ・固まりの記述がある該当ページを指すほうが検証しやすい。,https://seitokogyokai.com/faq/; https://seitokogyokai.com/knowledge/component/,jr_052,,
313,trend,313_trend_storing-salt-and-sugar.md,- **上白糖は日本特有の砂糖**で、**転化糖（ビスコ）をまぶしてしっとりさせている**ため、**乾くと固まる**性質があります。**グラニュー糖は固まりにくい**。,- **上白糖は日本特有の砂糖**で、**転化糖液（「ビスコ」と呼ばれるブドウ糖と果糖の混合糖液）を最終工程でふりかけてしっとりさせている**ため、**乾くと固まる**性質があります。**グラニュー糖は固まりにくい**。,精糖工業会の説明では、ビスコは上白糖の最終工程でふりかける転化糖液（ブドウ糖と果糖の混合糖液）。「転化糖（ビスコ）をまぶして」は固体をまぶす印象になり不正確。,https://seitokogyokai.com/knowledge/component/; https://seitokogyokai.com/faq/,jr_052,,
313,trend,313_trend_storing-salt-and-sugar.md,**表示義務がなく、多くの製品に期限がありません。** **湿気・匂い移り・異物**がなければ何年でも使えます。,**表示義務がなく、多くの製品に期限がありません。** **湿気・匂い移り・異物**がなければ、長期間そのまま使えるとされています。,「何年でも使えます」は断定が強い。食品表示基準第3条第3項は砂糖・食塩等の期限表示の省略を認めるが、品質保持を無期限に保証するものではない。,https://www.caa.go.jp/policies/policy/food_labeling/food_labeling_act/assets/food_labeling_cms201_230331_01.pdf,jr_052,,
314,trend,314_trend_kitchen-cloths-and-paper-towels.md,| 交換 | **匂い・黒ずみ・薄くなったら**。**月1回〜数か月** | — |,| 交換 | **匂い・黒ずみ・薄くなったら**。**月1回程度が目安** | — |,表は「月1回〜数か月」、誤解5（44行目）は「月1回程度が目安」としており、同じ記事内で交換周期の目安が食い違っている。,,jr_052,,
314,trend,314_trend_kitchen-cloths-and-paper-towels.md,- 厚生労働省「家庭でできる食中毒予防の6つのポイント」   https://www.mhlw.go.jp/www1/houdou/0903/h0331-1.html,- 厚生労働省「家庭でできる食中毒予防の6つのポイント」   https://www.mhlw.go.jp/stf/seisakunitsuite/bunya/AA10K-0000049664.html,記載URL（www1/houdou/0903/h0331-1.html）は1997年の報道発表アーカイブ。現行の掲載ページは食品衛生月間の配下にある。,https://www.mhlw.go.jp/stf/seisakunitsuite/bunya/AA10K-0000049664.html,jr_052,,
315,trend,315_trend_choosing-pots-and-pans.md,- **フッ素樹脂（PTFE）加工**は、**260℃を超えると分解し始め、350℃以上で有害なガス**が出るため、**空焚き・強火の予熱をしない**ことが消費者庁・NITEの注意。**PFOA（製造助剤）は2010年代に国内主要メーカーで使用が廃止**されています。,- **フッ素樹脂（PTFE）加工**は、**260℃を超えると加工が劣化し始め、350℃前後で分解して有害なガス**が出るため、**空焚き・強火の予熱をしない**ことが注意点です。**PFOAは2021年10月に化審法の第一種特定化学物質に指定され、製造・輸入が原則禁止**（国内主要メーカーはそれ以前に使用を廃止）。,一般的な解説では260℃以上で劣化が始まり、分解による有害ガスは350℃前後から。またPFOAは2021年4月16日閣議決定・同年10月22日施行で化審法第一種特定化学物質に指定され製造・輸入が原則禁止となっており、「2010年代にメーカーが廃止」より規制事実を示すほうが正確。,https://www.meti.go.jp/shingikai/kagakubusshitsu/anzen_taisaku/pdf/2021_04_01_01.pdf; https://www.chem-station.com/blog/2016/06/pan.html,jr_052,,
316,trend,316_trend_rice-cooker-tips.md,| 保温温度 | **約70〜75℃**（菌の増殖を抑える温度帯） | メーカー資料 |,| 保温温度 | **約60〜75℃**（高温保温は約70〜75℃、低温保温は約60〜65℃。**高温側ほど菌の増殖を抑えやすい**） | メーカー資料 |,各社の保温温度は約60〜75℃で、高めの設定（約12時間目安）と低めの設定（約24時間目安）がある。同じ表の「最大24時間」は低温保温側の数値なので、温度を70〜75℃に限定すると対応しない。,https://classlab.co.jp/rirife/ricecooker-keepwarm/; https://smartagri-jp.com/food/6011,jr_053,,
316,trend,316_trend_rice-cooker-tips.md,- 独立行政法人製品評価技術基盤機構（NITE）「炊飯器の事故（炊飯以外の調理等）」   https://www.nite.go.jp/jiko/chuikanki/,- 独立行政法人製品評価技術基盤機構（NITE）「“ずぼら調理”が招く危険〜トリセツをよく読んで「調理家電の事故」を防ぎましょう〜」（2024年9月26日）   https://www.nite.go.jp/jiko/chuikanki/mailmagazin/2024fy/vol462_241008.html,NITEは2024年9月26日に調理家電の事故を注意喚起し、炊飯器でのケーキ・練り物・豆類の調理で生地が膨らんで蒸気口をふさぐ、ふきこぼれる事例を具体的に挙げている。本文の記述に直接対応する新しい資料。,https://www.nite.go.jp/jiko/chuikanki/mailmagazin/2024fy/vol462_241008.html; https://www.nite.go.jp/data/000155490.pdf,jr_053,,
316,trend,316_trend_rice-cooker-tips.md,**1時間0.4〜0.6円は少額でも、12時間で炊飯1回分に相当**。**炊けたらすぐ小分けにして冷凍→レンジ**のほうが**味も電気代も有利**。,**1時間0.4〜0.6円は少額でも、9〜12時間で炊飯1回分に相当**。**資源エネルギー庁の目安は「ご飯1.5合を4時間以上保温するなら、電子レンジで加熱するほうが低コスト」**です。**炊けたらすぐ小分けにして冷凍→レンジ**のほうが**味も電気代も有利**。,資源エネルギー庁の省エネ指針として「1.5合を4時間以上保温するならレンジ加熱のほうが低コスト」が広く引用され、保温9時間程度で炊飯1回分の電力に達するとの試算もある。12時間だけを目安に書くと切り替えの判断が遅くなる。,https://kurahiro.tepco.co.jp/living/20387/index.html; https://www.eneos-power.co.jp/article/saving/ricecooker-electric-bill/,jr_053,,
317,trend,317_trend_stir-fry-heat.md,**空焚きの強火は260℃を超え、加工が劣化**します。**中火で予熱、油を入れてから加熱**。**煙が出たら熱すぎ**。,**空焚きの強火は260℃を超え、加工が劣化**します（**約350℃以上では分解ガスが出るおそれ**）。**中火で予熱、油を入れてから加熱**。**煙が出たら熱すぎ**。**空焚きに気づいたらすぐ換気**。,フッ素樹脂（PTFE）は連続使用温度260℃で、260℃超から劣化、約350℃以上で分解ガスが発生するとされる。劣化だけでなく分解ガスと換気に触れたほうが読者の安全に資する。,https://blog.wahei.co.jp/column/fryingpan/use-255/; https://www.y-skt.co.jp/magazine/coating/fluoro_safety/,jr_053,,
318,trend,318_trend_fish-grill.md,- **Siセンサーこんろのグリルには過熱防止機能・消し忘れタイマー**（多くは**15〜20分で自動消火**）があります。,- **Siセンサーこんろのグリルには過熱防止機能・消し忘れ消火機能**（**両面焼きは約15分、片面焼きは約20〜30分で自動消火**）があります。,ガス会社・メーカーの説明では、グリルの消し忘れ消火は両面焼き約15分、片面焼き（水なし片面焼きを含む）は約20〜30分。「15〜20分」では片面焼き機種の実際と合わない。,https://www.hokurikugas.co.jp/personal/product/kitchen/si.html; https://home.tokyo-gas.co.jp/column/conro/5541/,jr_053,,
318,trend,318_trend_fish-grill.md,| 温度 | **両面焼きで約300〜400℃**。**予熱1〜2分** |,| 温度 | **両面焼きで約300〜400℃**。**予熱は強火で2〜3分**（網を十分に熱してから置くと皮がくっつきにくい） |,庫内300〜400℃は各社の記載と一致するが、予熱はガス会社・メーカーの案内で強火2〜3分が一般的。1〜2分では網が十分に熱くならず、記事の目的（くっつき防止）に届かない。,https://uchi.tokyo-gas.co.jp/topics/4704; https://www.tabechoku.com/feature_articles/sakana_yakikata-grill,jr_053,,
319,trend,319_trend_using-an-oven.md,- **クッキングシート（耐熱250℃程度）**は**表示温度を超えると燃える**ため、**250℃以上のレシピでは使わない**、**ヒーターに触れさせない**。,- **クッキングシート（耐熱表示は「250℃・20分間」が主流）**は**表示の温度・時間を超えると焦げる・燃える**ため、**250℃以上や長時間のレシピでは使わない**、**ヒーターに触れさせない**（製品ごとに耐熱が違うので表示を確認）。,市販クッキングシートの耐熱表示は「250℃・20分間」が主流で、温度だけでなく時間の条件が付く。素材（グラスファイバー製・PET製）によっても耐熱は上下する。,https://shimojima.jp/staffblog/blog/b-know-bakingpaper/; https://my-best.com/4192,jr_053,,
320,trend,320_trend_osechi.md,- 厚生労働省は**年末年始の食中毒（大量調理・常温放置・餅の窒息）**に毎年注意喚起しています。,- 厚生労働省は**年末年始の食中毒（大量調理・常温放置）**に、消費者庁は**餅による窒息事故**に、それぞれ毎年注意喚起しています。,餅による窒息の注意喚起は消費者庁（「年末年始、餅による窒息事故に御注意ください！」）。食中毒は厚労省（食品衛生監視・食中毒統計は2024年4月の食品衛生基準行政の消費者庁移管後も厚労省所管）。窒息を厚労省の食中毒注意喚起に含めるのは所管の取り違え。,https://www.caa.go.jp/policies/policy/consumer_safety/caution/caution_046; https://www.mhlw.go.jp/stf/seisakunitsuite/bunya/kenkou_iryou/shokuhin/syokuchu/04.html,jr_053,,
320,trend,320_trend_osechi.md,- 消費者庁「餅による窒息事故に注意」   https://www.caa.go.jp/policies/policy/consumer_safety/caution/,- 消費者庁「年末年始、餅による窒息事故に御注意ください！－加齢に伴い、噛む力や飲み込む力が衰えてきます。小さく切って、少量ずつ食べましょう－」   https://www.caa.go.jp/policies/policy/consumer_safety/caution/caution_046,該当する注意喚起は消費者庁の caution_046。現行URLは注意喚起の一覧トップで、本文の記述に対応するページを指していない。,https://www.caa.go.jp/policies/policy/consumer_safety/caution/caution_046,jr_053,,
331,wisdom,331_wisdom_the-oshiire-and-under-bed-storage.md,"| **Drawer units** | Sold in widths **39 / 44 / 54 cm** and depths **50–74 cm** to fit half or a third of a bay | Clothes by category, standing (see the vertical-storage article) |","| **Drawer units** | Sold in widths **39 / 44 cm** and depths **about 53 cm (closet) / 65 or 74 cm (oshiire)** to fit half or a third of a bay | Clothes by category, standing (see the vertical-storage article) |",押入れ用引出式衣装ケースの実勢規格は幅39cmと44cm、奥行65cmまたは74cm（クローゼット用は奥行53cm）。54cmは幅の標準規格ではなく、奥行側の数字と混同していると思われる。,https://new.shuno-oshieru.com/size_oshiire_drawes/; https://likestore.like-it.jp/blog/,jr_054,,
331,wisdom,331_wisdom_the-oshiire-and-under-bed-storage.md,"| Under-bed | Clearance **15–30 cm**; **flat rolling cases** or fitted drawers | Off-season bedding, shoes, suitcases |","| Under-bed | Clearance **20–30 cm** on typical low platform beds; **flat rolling cases** or fitted drawers | Off-season bedding, shoes, suitcases |",記事内の内部矛盾。表は「15–30 cm」、本文の箇条書きは「low platform types with 20–30 cm clearance」と書いており、読者が買うケースの高さを誤る。どちらかに揃える必要がある。,,jr_054,,
333,wisdom,333_wisdom_reusing-bath-water.md,| Washing machine intake | **50–100 L per load** for a top-loader; machines have a **bath-water pump hose (furomizu pump)** |,"| Washing machine intake | **about 80–120 L for a full cycle** on a top-loader (roughly 10 L per kg of laundry); the bath water fills the **wash** step, and machines have a **bath-water pump hose (furomizu pump)** |",縦型洗濯機の標準使用水量は「洗い−すすぎ−脱水」で約110〜123L、目安は洗濯物1kgあたり約10L。記事の50〜100Lは1サイクル全体としては過小で、「洗いのみ再利用」という本文の運用との関係も不明確。,https://kadenfan.hitachi.co.jp/support/wash/q_a/a105.html; https://enechange.jp/articles/washing-machine-water,jr_054,,
333,wisdom,333_wisdom_reusing-bath-water.md,| Savings | **50–100 L per load; about ¥15–30 per load** in water and sewer charges at Tokyo rates |,| Savings | **about 50–90 L per load; roughly ¥12–22 per load** in water and sewer charges at Tokyo rates (about **¥0.24 per litre** including sewerage) |,東京都水道局の目安は上下水道合計で約0.24円/L。50Lなら約12円、90Lで約22円。都水道局は「残り湯約180Lの半分（約90L）を利用すれば毎日で月約650円（＝1日約22円）の節約」としており、記事の上限¥30は高い。,https://www.waterworks.metro.tokyo.lg.jp/faq/qa-11; https://www.waterworks.metro.tokyo.lg.jp/kurashi/shiyou/jouzu,jr_054,,
336,wisdom,336_wisdom_homemade-miso-and-koji.md,"- **Kōji (麹)** is rice (or barley or soy) cultured with **Aspergillus oryzae**, designated Japan's ""national fungus"" by the Brewing Society of Japan.","- **Kōji (麹)** is rice (or barley or soy) cultured with **Aspergillus oryzae**, designated Japan's ""national fungus"" by the Brewing Society of Japan in 2006.",The Brewing Society of Japan (日本醸造学会) declared Aspergillus oryzae the 'national fungus' at its 12 Oct 2006 meeting; giving the year makes the claim checkable.,https://marukawamiso.com/spec/aspergillus-oryzae.html; https://www.jozo.or.jp/,jr_055,,
336,wisdom,336_wisdom_homemade-miso-and-koji.md,"Ratio **kōji 200 g : salt 60 g : water 300 mL**, stirred daily for **7–10 days**.","Ratio **kōji 200 g : salt 60 g : water 300 mL**, stirred daily for about **a week in summer, 10–14 days in winter**.",Shio-koji recipes give roughly 1 week at room temperature in summer but 10–14 days in winter; a flat 7–10 days is optimistic for a cold kitchen.,https://kawashima-ya.jp/contents/?p=704; https://hakkoushoku.jp/recipe/2759/,jr_055,,
336,wisdom,336_wisdom_homemade-miso-and-koji.md,"kōji, salt and water fermented a week","kōji, salt and water fermented for one to two weeks",Same point: room-temperature shio-kōji takes about a week in summer and up to two in winter.,https://kawashima-ya.jp/contents/?p=704,jr_055,,
337,wisdom,337_wisdom_heated-carpets-and-floor-heating.md,Hot-water floor heating is standard in new houses; the electric heated carpet (hot carpet) is the cheap retrofit.,Hot-water floor heating is common in newly built detached houses; the electric heated carpet (hot carpet) is the cheap retrofit.,"No public statistic supports 'standard'; national household penetration of floor heating is roughly a tenth of homes, and industry surveys only show it is usual in the living rooms of houses that install it.",https://www.jraia.or.jp/product/file/yukadan_research2021.pdf; https://ecoyukadan.jp/column/floorheater-penetration/,jr_055,,
337,wisdom,337_wisdom_heated-carpets-and-floor-heating.md,floor heating aligns with this — comfort at a **room temperature 2–3°C lower** than with air heating.,floor heating aligns with this — suppliers report comfort at a **room temperature 2–3°C lower** than with air heating.,"Warm Biz itself only sets a guide of about 20°C room temperature in winter; the 2–3°C offset is a floor-heating industry claim, not Ministry of the Environment guidance.",https://ondankataisaku.env.go.jp/decokatsu/warmbiz/about/; https://www.env.go.jp/press/110136.html,jr_055,,
337,wisdom,337_wisdom_heated-carpets-and-floor-heating.md,https://ondankataisaku.env.go.jp/coolchoice/warmbiz/,https://ondankataisaku.env.go.jp/decokatsu/warmbiz/,COOL CHOICE was folded into the Ministry of the Environment's 'Deco-katsu' national movement in 2023; the Warm Biz pages now sit under /decokatsu/warmbiz/.,https://ondankataisaku.env.go.jp/decokatsu/warmbiz/about/; https://ondankataisaku.env.go.jp/decokatsu/,jr_055,,
338,wisdom,338_wisdom_balcony-gardening-and-green-curtains.md,"Municipal measurements: **window surface 5–10°C cooler**, indoor **1–3°C cooler**","Municipal measurements: **surface about 10°C cooler behind the leaves** (33°C against 45°C on sunlit concrete in one measurement), indoor **1–3°C cooler**",Published municipal and prefectural green-curtain measurements report roughly a 12°C surface difference (33.0°C vs 45.5°C) and about 80% of solar heat blocked — the 5–10°C range understates the figure actually published.,https://www.kcfca.or.jp/project/green-curtain/introduction/; https://ondankataisaku.env.go.jp/coolchoice/green/secret.html,jr_055,,
338,wisdom,338_wisdom_balcony-gardening-and-green-curtains.md,"| Water | **Daily, morning**; a **30 L planter dries in a day in August** |","| Water | **Daily in the morning, and again in the evening in midsummer**; a **30 L planter dries in a day in August** |",Municipal and grower guides for gōya green curtains specify watering morning and evening in high summer; the article's own 'dries in a day' figure contradicts once-daily watering.,https://www.earth.jp/earthgarden/howto/yasai/greencurtain.html; https://saien-guide.com/plants/goya/,jr_055,,
338,wisdom,338_wisdom_balcony-gardening-and-green-curtains.md,"**Morning watering, saucers or self-watering planters**, and mulch.","**Morning and evening watering, saucers or self-watering planters**, and mulch.",Same point as the table row: gōya growing guides call for two waterings a day in midsummer.,https://www.earth.jp/earthgarden/howto/yasai/greencurtain.html,jr_055,,
338,wisdom,338_wisdom_balcony-gardening-and-green-curtains.md,Ivy and perennial climbers damage walls and are banned.,"Ivy and perennial climbers can damage walls, and many condominium rules prohibit them.","There is no general legal ban; it is a matter of individual building bylaws, so the flat 'are banned' overstates.",https://www.mlit.go.jp/jutakukentiku/house/,jr_055,,
338,wisdom,338_wisdom_balcony-gardening-and-green-curtains.md,https://ondankataisaku.env.go.jp/coolchoice/,https://ondankataisaku.env.go.jp/coolchoice/green/,"The Ministry of the Environment's Green Curtain Project has its own page at /coolchoice/green/; the bare /coolchoice/ address is the old campaign top page, now run under 'Deco-katsu'.",https://ondankataisaku.env.go.jp/coolchoice/green/; https://ondankataisaku.env.go.jp/decokatsu/,jr_055,,
339,wisdom,339_wisdom_mottainai-and-packaging.md,| Plastic waste per person | **about 32 kg a year** — second highest in the world after the US | UNEP (2018) |,| Single-use plastic *packaging* waste per person | **about 32 kg a year** — second highest in the world after the US | UNEP (2018) |,"The UNEP 2018 ranking that puts Japan second after the USA is for plastic *packaging* waste per capita, not all plastic waste; as written the row overstates the scope.",https://www.unep.org/resources/report/single-use-plastics-roadmap-sustainability; https://www.iges.or.jp/en/publication_documents/pub/reportchapter/en/12341/PlasticAtlasAsia2022_en_WEB_1.pdf,jr_055,,
339,wisdom,339_wisdom_mottainai-and-packaging.md,bag refusal rate rose from ~30% to **over 70%**,"the share of people who went a week without taking a bag rose from **30% to 72%** (MoE survey, March–November 2020)","The 30%→70% pair comes from the Ministry of the Environment's 'Reduce Plastic Bags Challenge' survey measuring people who used no bag for a week (30.4% in March 2020, 71.9% in November 2020) — not a till-level refusal rate.",https://www.env.go.jp/press/108761.html; https://www.env.go.jp/content/000050376.pdf,jr_055,,
341,beauty,341_beauty_reading-cosmetic-ingredient-lists.md,| 医薬部外品 | **有効成分を先に「有効成分：」として表示**、他は「その他の成分」。**全成分表示は自主基準**（多くのメーカーが実施） |,| 医薬部外品 | **有効成分を先に「有効成分：」として表示**、他は「その他の成分」。**全成分表示は2006年4月からの業界自主基準**（法的義務ではない） |,医薬部外品は2001年の表示制度改正の対象外で、2006年4月から日本化粧品工業連合会など関係団体の自主基準により全成分表示が行われている。,https://www.kao.com/jp/binkanhada/ingredient_01_04/; https://www.tmiph.metro.tokyo.lg.jp/k_yakuji/i-kanshi/c_label/,jr_056,,
341,beauty,341_beauty_reading-cosmetic-ingredient-lists.md,https://www.jcia.org/user/business/ingredients,https://www.jcia.org/user/business/ingredients/namelist,「化粧品の成分表示名称リスト」（表示名称・INCI名で検索できるページ）の実際のURLは /user/business/ingredients/namelist 。,https://www.jcia.org/user/business/ingredients/namelist,jr_056,,
342,beauty,342_beauty_cotton-vs-hands-for-toner.md,- **「浸透」**は化粧品では**角層まで**（適正広告ガイドライン）。**コットンだから深く入る、手だから体温で入る**といった主張に**公的な根拠はありません。**,- **「浸透」**は化粧品では**角質層まで**（日本化粧品工業会「化粧品等の適正広告ガイドライン」）。**コットンだから深く入る、手だから体温で入る**といった主張に**公的な根拠はありません。**,適正広告ガイドラインは「作用部位が角質層であることを明記する」ことを条件に「浸透」の表現を認めており、公的資料の用語は「角質層」。同ガイドラインは2020年版が現行で、2026年7月24日に改訂α版が公開されている。,https://www.jcia.org/user/business/guideline/appropriateadvertising; https://www.jcia.org/user/common/download/business/advertising/JCIA20200615_ADguide.pdf,jr_056,,
343,beauty,343_beauty_booster-serums.md,| 代替 | **洗顔後すぐ（30秒以内）に化粧水をつける**だけで、なじみは大きく変わるとされる |,| 代替 | **洗顔後、時間をあけずに化粧水をつける**だけでも、なじみの感じ方は変わります（「30秒以内」という数字に公的な根拠はありません） |,「洗顔・入浴後◯秒以内」は業界で広まった目安で、公的な根拠はない。健常成人で入浴直後と30分後の保湿を比べた報告では有意差がなかったとされる。,https://www.aoitori-clinic.com/blog/2025/12/3-4-871072.html; https://www.kenei-pharm.com/lumild/column/dry_skin/column16/,jr_056,,
344,beauty,344_beauty_seasonal-skin-changes.md,- **紫外線量は3月から急増し、5〜8月がピーク**（気象庁）。**春に「まだ弱い」と油断する**のが、日焼け止めを始める時期を遅らせる典型です。,- **紫外線量は3月から増え始め、5〜8月が高く、ピークは7〜8月**（気象庁）。**春に「まだ弱い」と油断する**のが、日焼け止めを始める時期を遅らせる典型です。,気象庁のUVインデックス月平均値では7月・8月が最も高く（「非常に強い」域）、5〜6月がこれに次ぐ。「5〜8月がピーク」より幅を持たせた表現が正確。,https://www.data.jma.go.jp/env/uvhp/uvimax_monthave_tsu.html,jr_056,,
344,beauty,344_beauty_seasonal-skin-changes.md,| **春→夏（6〜7月）** | 湿度**75%超**、気温**30℃**、汗と皮脂 | べたつき、汗による刺激、マスク下の蒸れ |,| **春→夏（6〜7月）** | 湿度**75%前後**、日最高気温**30℃前後**（日平均は23〜26℃）、汗と皮脂 | べたつき、汗による刺激、マスク下の蒸れ |,東京の平年値では6〜7月の相対湿度は75%前後、日平均気温は6月23℃台・7月25℃台で、30℃は日最高気温のレベル。「気温30℃」は日平均と誤読されうる。,https://www.data.jma.go.jp/stats/etrn/view/nml_sfc_ym.php?prec_no=44&block_no=47662,jr_056,,
344,beauty,344_beauty_seasonal-skin-changes.md,https://www.data.jma.go.jp/gmd/env/uvhp/,https://www.data.jma.go.jp/env/uvhp/info_uv.html,気象庁サイトの /gmd/ 配下は旧URL。現在の紫外線データ集は https://www.data.jma.go.jp/env/uvhp/info_uv.html 。気温・湿度の平年値は https://www.data.jma.go.jp/stats/etrn/view/nml_sfc_ym.php?prec_no=44&block_no=47662 。,https://www.data.jma.go.jp/env/uvhp/info_uv.html,jr_056,,
344,beauty,344_beauty_seasonal-skin-changes.md,- 環境省「花粉症環境保健マニュアル」   https://www.env.go.jp/chemi/anzen/kafun/manual.html,- 環境省「花粉症環境保健マニュアル2022」（2022年3月改訂版）   https://www.env.go.jp/chemi/anzen/kafun/2022_full.pdf,記事のURLは「2014年1月改訂版」のページ。最新は2022年3月改訂版（令和4年3月）で、環境省が2022年3月に改訂を報道発表している。,https://www.env.go.jp/press/110679.html; https://www.env.go.jp/chemi/anzen/kafun/2022_full.pdf,jr_056,,
345,beauty,345_beauty_eyelash-serums.md,| **医薬品（処方）** | **ビマトプロスト外用**（睫毛貧毛症治療薬） | **まつげの成長**（承認された効能） | **医師の処方**。副作用：**色素沈着・充血・虹彩の色の変化・眼圧への影響** |,| **医薬品（処方）** | **ビマトプロスト外用**（睫毛貧毛症治療薬、2014年3月承認） | **まつげの成長**（承認された効能） | **医師の処方**。副作用：**皮膚の色素沈着・結膜充血**など。**虹彩色素過剰・上眼瞼溝深化は海外で報告** |,グラッシュビスタ（ビマトプロスト外用液0.03%）は2014年3月24日承認。国内臨床試験での皮膚色素過剰は3.4%（87例中3例）。虹彩色素過剰・眼瞼溝深化は海外報告で、国内試験では報告されていない。,https://medical.nikkeibp.co.jp/leaf/all/series/drug/update/201407/537464.html; https://passmed.co.jp/di/archives/133,jr_056,,
346,beauty,346_beauty_bath-and-skin.md,- 消費者庁「冬季に多発する高齢者の入浴中の事故に注意」   https://www.caa.go.jp/policies/policy/consumer_safety/caution/,- 消費者庁「冬季に多発する高齢者の入浴中の事故に御注意ください！——自宅の浴槽内での不慮の溺水事故が増えています」   https://www.caa.go.jp/policies/policy/consumer_safety/caution/caution_042,現行URLは注意喚起の一覧ページで、本文が参照している資料そのものを指していない。正式名称も「御注意ください！」。個別ページはcaution_042。,https://www.caa.go.jp/policies/policy/consumer_safety/caution/caution_042,jr_057,,
346,beauty,346_beauty_bath-and-skin.md,- 公益社団法人日本皮膚科学会「皮膚科Q&A　皮脂欠乏症（乾皮症）」   https://www.dermatol.or.jp/qa/,- 公益社団法人日本皮膚科学会「皮脂欠乏症診療の手引き 2021」   https://www.dermatol.or.jp/uploads/uploads/files/guideline/131_2255.pdf - 公益社団法人日本皮膚科学会「皮膚科Q&A」   https://www.dermatol.or.jp/qa/index.html,日本皮膚科学会は2021年に「皮脂欠乏症診療の手引き 2021」を公開しており、本文の生活指導の根拠としてはこちらが一次資料。現行URLはQ&Aのトップで、皮脂欠乏症の個別項目を指していない。,https://www.dermatol.or.jp/medical/news/2426/; https://www.jstage.jst.go.jp/article/dermatol/131/10/131_2255/_article/-char/ja/,jr_057,,
346,beauty,346_beauty_bath-and-skin.md,- 厚生労働省 e-ヘルスネット「入浴と健康」   https://kennet.mhlw.go.jp/information/information/index.html,- 厚生労働省 e-ヘルスネット「快眠と生活習慣」（入浴と体温）   https://kennet.mhlw.go.jp/information/information/heart/k-01-004.html,e-ヘルスネットに「入浴と健康」という記事は確認できず、現行URLはサイトのトップ（生活習慣病などの情報）。入浴に触れているのは「快眠と生活習慣」。,https://kennet.mhlw.go.jp/information/information/heart/k-01-004.html; https://kennet.mhlw.go.jp/information/information/index.html,jr_057,,
347,beauty,347_beauty_choosing-a-mirror-and-lighting.md,"**昼光色は6,500Kで、実際の昼の自然光（5,000〜5,500K程度）より青い**。血色が悪く見え、**チーク・リップを濃くしがち**。","**昼光色（約6,500K）は曇り空も含む「平均的な昼光」に対応する色**で、**晴天の正午前後の日光（5,000〜5,500K程度）より青く見えます**。血色が悪く見え、**チーク・リップを濃くしがち**。","昼光の色温度は時刻・天候で5,000〜6,500K程度と幅があり、6,500K（CIEのD65）は平均昼光の基準。「実際の昼の自然光＝5,000〜5,500K」と断定するのは不正確。",https://ja.wikipedia.org/wiki/%E8%89%B2%E6%B8%A9%E5%BA%A6; https://www.iwasaki.co.jp/lighting/support/tech-data/knowledge/color-rendering/01.html,jr_057,,
347,beauty,347_beauty_choosing-a-mirror-and-lighting.md,"| **明るさ** | 洗面所の照明は**300〜500ルクス**程度が多い。**メイクには顔面で500〜1,000ルクス**が目安（明るすぎるとムラが見えない） |",| **明るさ** | JIS Z9110の住宅の推奨照度は**化粧・ひげそりで300ルクス**。**顔に光が届いているか**が実際の差で、**明るすぎるとムラが見えにくい** |,"JIS Z9110（照明基準総則）の住宅の推奨照度は「化粧・ひげそり」で300 lx。「メイクには500〜1,000ルクス」を目安とする公的な根拠は確認できなかった。",https://www.akaricenter.com/mame/pdf/jis-shoudo.pdf; https://webdesk.jsa.or.jp/books/W11M0090/index/?bunsyo_id=JIS+Z+9110%3A2024,jr_057,,
347,beauty,347_beauty_choosing-a-mirror-and-lighting.md,- 日本産業標準調査会（JISC）JIS Z9112「蛍光ランプ・LEDの光源色及び演色性による区分」   https://www.jisc.go.jp/,- 日本産業標準調査会（JISC）JIS Z 9112:2019「蛍光ランプ・LEDの光源色及び演色性による区分」   https://www.jisc.go.jp/,"現行版はJIS Z 9112:2019（昼光色5,700〜7,100K／昼白色4,600〜5,500K／白色3,800〜4,500K／温白色3,250〜3,800K／電球色2,600〜3,250K）。版年の明記が望ましい。",https://kikakurui.com/z9/Z9112-2019-01.html; https://www.iwasaki.co.jp/lighting/support/tech-data/knowledge/color-rendering/03.html,jr_057,,
347,beauty,347_beauty_choosing-a-mirror-and-lighting.md,- 日本産業標準調査会（JISC）JIS Z9110「照明基準総則」   https://www.jisc.go.jp/,- 日本産業標準調査会（JISC）JIS Z 9110:2024「照明基準総則」（2024年改正）   https://www.jisc.go.jp/,"JIS Z 9110は2024年に改正され、照度段階（最小0.5 lx・最大10,000 lx）や照度均斉度の規定が変わった。版年の明記が必要。",https://www2.panasonic.biz/jp/lighting/plam/jis-z9110/; https://webdesk.jsa.or.jp/books/W11M0090/index/?bunsyo_id=JIS+Z+9110%3A2024,jr_057,,
348,beauty,348_beauty_cosmetic-samples-and-travel-sizes.md,| **機内持ち込み（日本の国内線）** | **100mLの制限なし**（ただし**エアロゾルは1容器0.5L・合計2Lまで**） |,| **機内持ち込み（日本の国内線）** | **液体の100mL制限なし**（ただし**化粧品類・医薬品類のエアゾールは1容器0.5kgまたは0.5L以下、1人合計2kgまたは2L以下**） |,危険物としての制限は容量（L）と質量（kg）の両建てで規定され、対象は「化粧品類・医薬品類」に限られる。スプレー缶はg表示が多く、Lだけでは判断できない。,https://www.mlit.go.jp/koku/15_bf_000004.html; https://www.kao.com/jp/qa/detail/16580/,jr_057,,
348,beauty,348_beauty_cosmetic-samples-and-travel-sizes.md,- 化粧品の**表示義務**（成分・製造販売元・使用期限等）は**容器または外箱**にあり、**詰め替えると表示が失われ、何が入っているか分からなくなる**ことも問題です（アレルギー時の特定が困難）。,- 化粧品の**表示義務**（全成分・製造販売業者名・製造番号等。**使用期限は「3年以内に品質が変化するおそれがあるもの」などに限って必要**）は**容器または外箱**にあり、**詰め替えると表示が失われ、何が入っているか分からなくなる**ことも問題です（アレルギー時の特定が困難）。,薬機法第61条の法定表示に使用期限は原則含まれず、厚生労働大臣が指定するもの・3年以内に品質が変化するおそれのあるものに限って必要。全化粧品に期限表示があるという誤解を招く。,https://www.tmiph.metro.tokyo.lg.jp/k_yakuji/i-kanshi/c_label/; https://www.pref.toyama.jp/1208/sangyou/shoukoukensetsu/yakugyou/kj00007945/kj00007945-005-01.html,jr_057,,
348,beauty,348_beauty_cosmetic-samples-and-travel-sizes.md,- 国土交通省航空局「機内持込制限（液体物・エアロゾル）」   https://www.mlit.go.jp/koku/15_bf_000006.html,- 国土交通省航空局「国際線の航空機客室内への液体物持込制限について」   https://www.mlit.go.jp/koku/15_bf_000006.html - 国土交通省航空局「航空機への危険物の持込みについて」（エアゾール等の容量制限）   https://www.mlit.go.jp/koku/15_bf_000004.html,15_bf_000006.htmlは国際線の液体物制限のページで、エアロゾル（危険物）の容量制限は別ページ15_bf_000004.htmlにある。出典名がページの実体と一致していない。,https://www.mlit.go.jp/koku/15_bf_000006.html; https://www.mlit.go.jp/koku/15_bf_000004.html,jr_057,,
349,beauty,349_beauty_hand-sanitiser-and-skin.md,**60〜95%が有効な範囲**で、**高濃度ほど揮発が速く、水分がないと効きにくい**とされます。**70%前後が目安**。,**おおむね60%以上が有効な範囲**とされ、**高濃度ほど揮発が速く、水分がないと効きにくい**ともいわれます。**市販の消毒用エタノールは76.9〜81.4vol%**が目安。,60〜95%はFDA/CDCの範囲。厚生労働省はCDCに合わせて60%台のアルコールも代替品として認めた経緯があり、日本で流通する消毒用エタノールは76.9〜81.4vol%。数値の帰属を明確にすべき。,https://www.yakuji.co.jp/entry78837.html; https://www.takasugi-seiyaku.co.jp/products/sho_etha.html,jr_057,,
349,beauty,349_beauty_hand-sanitiser-and-skin.md,- 厚生労働省「手洗い・手指消毒について」（新型コロナウイルス感染症 関連資料）   https://www.mhlw.go.jp/stf/seisakunitsuite/bunya/0000121431_00094.html,- 厚生労働省「手洗いで感染症予防」（リーフレット）   https://www.mhlw.go.jp/file/06-Seisakujouhou-10600000-Daijinkanboukouseikagakuka/0000123506.pdf,現行URLのページ名は「健康・医療 国民の皆さまへ（新型コロナウイルス感染症）」で、「手洗い・手指消毒について」という資料名ではない。手洗い・手指消毒の内容はリーフレット0000123506.pdfが直接的。,https://www.mhlw.go.jp/stf/seisakunitsuite/bunya/0000121431_00094.html; https://www.mhlw.go.jp/file/06-Seisakujouhou-10600000-Daijinkanboukouseikagakuka/0000123506.pdf,jr_057,,
349,beauty,349_beauty_hand-sanitiser-and-skin.md,- 公益社団法人日本皮膚科学会「手湿疹診療ガイドライン」   https://www.dermatol.or.jp/dermatol/wp-content/uploads/xoops/files/guideline/hand_eczema_GL.pdf,- 公益社団法人日本皮膚科学会・日本皮膚アレルギー／接触皮膚炎学会「手湿疹診療ガイドライン」（2018年）   https://www.dermatol.or.jp/dermatol/wp-content/uploads/xoops/files/guideline/Hand_eczema_GL.pdf,ファイル名は大文字始まりのHand_eczema_GL.pdf。公開は2018年3月20日（同年7月3日に差し替え）で、日本皮膚アレルギー・接触皮膚炎学会との共同作成。版年の明記が必要。,https://www.dermatol.or.jp/dermatol/wp-content/uploads/xoops/files/guideline/Hand_eczema_GL.pdf; https://www.jstage.jst.go.jp/article/dermatol/128/3/128_367/_article/-char/ja/,jr_057,,
350,beauty,350_beauty_organic-and-natural-cosmetics.md,| 「有機JAS」 | **食品・農産物のみ**。化粧品には使えない | — |,| 「有機JAS」 | **農産物・加工食品・飼料・畜産物・藻類が対象**。化粧品には使えない | — |,有機JAS規格の対象は有機農産物・有機加工食品のほか有機飼料・有機畜産物、2022年からは有機藻類も含む。「食品・農産物のみ」は範囲の記述として不正確。,https://www.maff.go.jp/j/jas/jas_kikaku/yuuki.html,jr_057,,
350,beauty,350_beauty_organic-and-natural-cosmetics.md,- 農林水産省「有機JAS制度」（適用範囲：農産物・加工食品等）   https://www.maff.go.jp/j/jas/jas_kikaku/yuuki.html,- 農林水産省「有機食品の検査認証制度」（適用範囲：農産物・加工食品・飼料・畜産物・藻類）   https://www.maff.go.jp/j/jas/jas_kikaku/yuuki.html,当該URLのページ名は「有機食品の検査認証制度」。適用範囲も飼料・畜産物・藻類を含む。,https://www.maff.go.jp/j/jas/jas_kikaku/yuuki.html,jr_057,,
351,fashion,351_fashion_washing-towels.md,- 花王 生活者研究「洗濯物の生乾き臭の原因菌（モラクセラ菌）」   https://www.kao.com/jp/,- 花王・愛知学院大学（河村好章教授）共同研究「部屋干し衣類の悪臭原因菌（モラクセラ菌）の特定」（2011年発表）   https://www.kao.com/jp/,モラクセラ菌が部屋干しの「雑巾のような臭い」の原因菌であることは、花王と愛知学院大学・河村好章教授の共同研究（2011年発表）による。出典が企業トップページのみだと該当資料を特定できないため、研究の主体と年を明記したい。,https://www.nikkei.com/article/DGXNASGG2800A_Z10C11A6TJM000/,jr_058,,
352,fashion,352_fashion_washing-school-uniforms.md,- 学生服も**家庭用品品質表示法**の対象で、**素材と洗濯表示**が付いています。**「ウォッシャブル」**表示の製品は洗濯機で洗えます。,- 学生服も**家庭用品品質表示法**の対象で、**繊維の組成と洗濯表示**が付いています。**「ウォッシャブル」はメーカー独自の表示**なので、洗えるかどうかは**洗濯表示の洗濯機記号**で確認します。,家庭用品品質表示法・繊維製品品質表示規程が義務づけるのは繊維の組成と取扱い（洗濯）表示で、「ウォッシャブル」は法定表示ではない。判断の根拠は洗濯表示記号。,https://www.caa.go.jp/policies/policy/representation/household_goods/guide/fiber/; https://www.caa.go.jp/policies/policy/representation/household_goods/guide/wash_02.html,jr_058,,
353,fashion,353_fashion_jeans-sizing-and-shrinkage.md,| **防縮加工（サンフォライズ）済み** | 一般的な市販ジーンズ。**洗濯での縮みは1〜3%**（ウエスト80cmで1〜2cm） |,| **防縮加工（サンフォライズ）済み** | 一般的な市販ジーンズ。**加工の目安は残留収縮率1%以内**で、実際の縮みは**1〜3%程度**（ウエスト80cmで1〜2cm） |,サンフォライズ加工は、湿らせた織物をあらかじめ縮ませて乾燥セットし、洗濯収縮率を縦横とも1%以内に抑える加工。「1〜3%」は加工規格の水準より大きい数値で、加工の目安と実測値を書き分けるのが正確。,https://senken.co.jp/posts/fb-term-190514; https://www.uniformnext.com/blog/archives/38152,jr_058,,
353,fashion,353_fashion_jeans-sizing-and-shrinkage.md,- 日本産業標準調査会（JISC）JIS L4004「成人男子用衣料のサイズ」／JIS L4005「成人女子用衣料のサイズ」,- 日本産業標準調査会（JISC）JIS L 4004:2023「成人男子用衣料のサイズ」／JIS L 4005「成人女子用衣料のサイズ」（2023年改正でユニセックスサイズを新設）,JIS L 4004 は2001年版から2023年版に改正済み（JIS L 4004:2023）。2023年の改正では成人男子・女子ともユニセックスサイズが新設され、サイズピッチの項目も追加された。版年を示すと本文の「JISは身体寸法の区分」という説明の裏づけになる。,https://webdesk.jsa.or.jp/books/W11M0090/index/?bunsyo_id=JIS+L+4004%3A2023; https://www.boken.or.jp/wp-content/uploads/2023/04/topic_353.pdf,jr_058,,
354,fashion,354_fashion_insoles-and-foot-care.md,- **足の痛み（かかと・足裏・親指）が続く**場合は**整形外科**。**足底板は医師の処方で保険適用**になります。,- **足の痛み（かかと・足裏・親指）が続く**場合は**整形外科**。**医師が治療上必要と認めた足底板は療養費の対象**になります（**いったん全額を支払い、申請して払い戻し**）。,上記と同じく、治療用装具は償還払い。記事内で表と本文の説明をそろえる必要がある。,https://www.mhlw.go.jp/content/12601000/000545366.pdf,jr_058,,
354,fashion,354_fashion_insoles-and-foot-care.md,**痛みが続けば整形外科**で、必要なら**足底板（保険適用）**。,**痛みが続けば整形外科**で、必要なら**足底板（療養費の対象。全額立替えのうえ申請）**。,同上。誤解1の一文も償還払いの仕組みに合わせる。,https://www.mhlw.go.jp/content/12601000/000545366.pdf,jr_058,,
355,fashion,355_fashion_clothing-donation-and-recycling.md,**約6割は燃やされ、繊維から繊維への再生は1%未満**。**リユース（誰かが着る）**が最も価値の高い出し方。,**半分以上（約55%）は燃やされ、繊維から繊維への再生は1%未満**。**リユース（誰かが着る）**が最も価値の高い出し方。,最新の環境省2025年版マテリアルフローでは、家庭から手放された衣類の行先のうち「可燃・不燃・混合ごみとして廃棄」は55%。,https://www.env.go.jp/policy/sustainable_fashion/goodpractice/materialflow_reiwa7.pdf,jr_058,,
355,fashion,355_fashion_clothing-donation-and-recycling.md,- 環境省「サステナブルファッション」（衣類の供給・廃棄・リユース・リサイクルの推計）   https://www.env.go.jp/policy/sustainable_fashion/,- 環境省「2025年版 衣類のマテリアルフロー」（令和7年度循環型ファッションの推進方策に関する調査業務／令和8年3月）   https://www.env.go.jp/policy/sustainable_fashion/goodpractice/materialflow_reiwa7.pdf,本文の数値の出所を、トップページではなく推計値そのものを載せた最新のマテリアルフロー報告書に差し替えると、年次と数値の対応が読者に追える。,https://www.env.go.jp/policy/sustainable_fashion/goodpractice/materialflow_reiwa7.pdf,jr_058,,
356,fashion,356_fashion_clothing-size-labels-japan.md,**家庭用品品質表示法でサイズは義務ではありません**（素材・洗濯表示・表示者が義務）。**サイズ表記のない製品**もあります。**実寸を測って選ぶ**。,**家庭用品品質表示法でサイズは義務ではありません**（組成・洗濯表示・該当品のはっ水性表示と、表示者名・連絡先が義務）。**サイズ表記のない製品**もあります。**実寸を測って選ぶ**。,繊維製品品質表示規程の義務表示は組成表示・取扱表示・はっ水性表示で、これに表示者名及び連絡先を付記する。サイズが任意表示である点は正しい。,https://www.caa.go.jp/policies/policy/representation/household_goods/guide/fiber/fiber_show.html; https://www.qtec.or.jp/knowledge/japan-display/quality/,jr_059,,
356,fashion,356_fashion_clothing-size-labels-japan.md,- 日本産業標準調査会（JISC）JIS L4004「成人男子用衣料のサイズ」／JIS L4005「成人女子用衣料のサイズ」,- 日本産業標準調査会（JISC）JIS L4004:2023「成人男子用衣料のサイズ」／JIS L4005:2023「成人女子用衣料のサイズ」（2023年3月20日改正）,2023年3月20日に両規格が改正され、内容が大きく変わったため版年の明記が必要。,https://webdesk.jsa.or.jp/books/W11M0090/index/?bunsyo_id=JIS+L+4004%3A2023; https://www.kaken.or.jp/topics/detail/435,jr_059,,
358,fashion,358_fashion_sports-and-workout-clothes.md,| 洗剤 | **弱アルカリ性の液体洗剤または「スポーツウェア用」**（皮脂分解力）。**柔軟剤は不可**（コーティングで吸水性・吸着が悪化、においを閉じ込める） |,| 洗剤 | **弱アルカリ性の液体洗剤または「スポーツウェア用」**（皮脂分解力）。**柔軟剤は避けるのが無難**（使い続けると吸水性が落ち、吸汗速乾の機能を損なうおそれがあるとスポーツメーカーが案内） |,柔軟剤は「不可」と断定されているわけではなく、メーカー案内は「機能性を損なうおそれ」「適量以上を使い続けると吸水性が悪くなる」という表現。,https://www.kao.com/jp/qa/detail/16543/; https://support.decathlon.co.jp/hc/ja/articles/19945235567897,jr_059,,
359,fashion,359_fashion_bag-straps-and-shoulder-load.md,| 荷物の重さの目安 | **体重の10〜15%以下**（子どもは**10%以下**が望ましいとする国際的な目安） | 米国小児科学会・各国の整形外科の目安 |,| 荷物の重さの目安 | **米国小児科学会（AAP）は子どものリュックを体重の15%以下**とする（より慎重に10%程度を勧める団体もある） | 米国小児科学会（HealthyChildren.org）ほか |,AAPのHealthyChildren.orgは「体重の15%を超えないこと」と明示。記事の「体重の10〜15%以下」「子どもは10%以下」という数字はAAPの記述そのものではない。,https://www.healthychildren.org/English/safety-prevention/at-play/Pages/Backpack-Safety.aspx; https://www.nsc.org/community-safety/safety-topics/child-safety/backpack-safety-for-kids,jr_059,,
360,fashion,360_fashion_clothing-and-static-fabrics-choice.md,| 指定用語 | **綿・麻・毛・絹・レーヨン・キュプラ・ポリエステル・ナイロン・アクリル・ポリウレタン**など、**法律で定めた名称**を使う（**「コットン」「ウール」は括弧で併記可**） |,| 指定用語 | **綿・麻・毛・絹・レーヨン・キュプラ・ポリエステル・ナイロン・アクリル・ポリウレタン**など、**法律で定めた名称**を使う（綿は**「綿」「コットン」「COTTON」のいずれでも表示可**。**「麻」と表示できるのは亜麻（リネン）と苧麻（ラミー）だけ**） |,指定用語は言い換えが認められた繊維があり、綿は「綿」「コットン」「COTTON」が指定用語（括弧での併記に限られるわけではない）。麻は亜麻・苧麻のみが「麻」と表示できる。,https://www.boken.or.jp/knowledge/fiber/household_carelabeling_law/1910/; https://www.caa.go.jp/policies/policy/representation/household_goods/guide/fiber/fiber_show.html,jr_059,,
360,fashion,360_fashion_clothing-and-static-fabrics-choice.md,| 根拠 | **家庭用品品質表示法（繊維製品品質表示規程）**：**繊維の組成（%）・洗濯表示・表示者名**が義務 |,| 根拠 | **家庭用品品質表示法（繊維製品品質表示規程）**：**繊維の組成（%）・洗濯表示（取扱表示）・該当品のはっ水性表示**と、**表示者名・連絡先**が義務 |,義務表示は組成表示・取扱表示・はっ水性表示の3つで、これに表示者名及び連絡先を付記する。,https://www.caa.go.jp/policies/policy/representation/household_goods/guide/fiber/fiber_show.html; https://www.qtec.or.jp/knowledge/japan-display/quality/,jr_059,,
361,health,361_health_sparkling-water.md,**無糖炭酸水のpHは弱酸性で、糖・クエン酸入りの炭酸飲料とは影響が大きく異なります。** **長時間口に含まない、寝る前は水**で十分。,**無糖炭酸水のpHはエナメル質の臨界pH（約5.5）をやや下回りますが、糖・クエン酸入りの炭酸飲料とは影響が大きく異なります。** **長時間口に含まない、寝る前は水**で十分。,「弱酸性」だけでは臨界pHとの関係が読者に伝わらず、表の記述とも噛み合わない。,https://www.jstage.jst.go.jp/article/shikahozon/57/2/57_111/_pdf,jr_060,,
361,health,361_health_sparkling-water.md,- 公益社団法人日本歯科医師会「歯とお口の健康Q&A（酸蝕症）」   https://www.jda.or.jp/,- 公益社団法人日本歯科医師会「テーマパーク8020（歯とお口の健康に関する情報）」   https://www.jda.or.jp/park/,団体名とドメインは一致するが、URLがトップページのみで、本文が根拠とする酸蝕症の解説ページを指していない。,https://www.jda.or.jp/,jr_060,,
362,health,362_health_herbal-teas.md,- 厚生労働省「セイヨウオトギリソウ（セント・ジョーンズ・ワート）と医薬品の相互作用について」（2000年）,- 厚生省「セイヨウオトギリソウ（セント・ジョーンズ・ワート）と医薬品の相互作用について」（2000年5月10日。現・厚生労働省）,当該注意喚起は平成12年（2000年）5月10日の厚生省医薬安全局によるもの。厚生労働省の発足は2001年1月。,https://www.mhlw.go.jp/www1/houdou/1205/h0510-1_15.html,jr_060,,
363,health,363_health_breathing-and-relaxation.md,| 仕組み | **ゆっくり吐く息が副交感神経を優位にし、心拍・血圧が一時的に下がる**。**呼吸は自律神経を意識的に動かせる唯一の入口**とされる |,| 仕組み | **ゆっくり吐く息が副交感神経を優位にし、心拍・血圧が一時的に下がる**。**呼吸は、自律神経の働きに意識的に働きかけやすい数少ない入口**とされる |,「唯一の入口」は断定が強すぎ、公的資料に対応する記述が見当たらない（温度刺激・運動なども自律神経に影響する）。,https://kennet.mhlw.go.jp/information/information/dictionary/heart/yk-031.html,jr_060,,
363,health,363_health_breathing-and-relaxation.md,## 誤解3｜正しい呼吸法（腹式・4-7-8など）でなければ効かない,## 誤解3｜正しい呼吸法（腹式・4秒吸って8秒吐くなど）でなければ効かない,記事の表と導入では「4秒吸って8秒吐く」を挙げており、見出しだけが別手法の「4-7-8」を説明なく持ち出していて内部で不統一。,https://kokoro.mhlw.go.jp/,jr_060,,
364,health,364_health_taking-breaks-at-work.md,**1時間ごとの短い休止で、午後の集中と誤りの減少**が示されており、**ガイドラインが休止を求める根拠**です。,**1時間ごとの短い休止は、疲労の蓄積と眼・筋骨格系の負担を防ぐ観点からガイドラインが求めている**もので、**休憩が生産性を下げるという前提は成り立ちません**。,情報機器作業ガイドラインの根拠は疲労・眼精疲労・筋骨格系負担の予防であり、「午後の集中と誤りの減少」を示す公的資料は確認できない。,https://www.jaish.gr.jp/anzen/hor/hombun/hor1-62/hor1-62-33-1-0.htm,jr_060,,
366,health,366_health_standing-all-day.md,**市販の着圧ソックスは雑貨で、効能は表示できず、圧も弱い**。**医療用の弾性ストッキングは医師・専門店で圧を選ぶ**もの。,**市販の着圧ソックスの多くは雑貨で、効能は表示できず、圧も弱い**もの。ただし**「静脈還流の改善」等をうたう製品は一般医療機器として届け出が必要**で、届出済みの弾性ストッキングは薬局・通販でも入手できます。**圧の選択は医師・専門店で**。,下肢の静脈血・リンパ液のうっ滞の軽減／予防をうたう製品は一般医療機器としての届出が必要で、届出済みの弾性ストッキングはドラッグストアや通販でも販売されている。「市販＝すべて雑貨」は不正確。,https://saitama-varix.com/elastic-stockings; https://uchilife.actlever.co.jp/medical-stockings-buying-options/,jr_061,,
369,health,369_health_seasonal-change-fatigue.md,- **「自律神経失調症」**は**日本で慣用的に使われる言葉**で、**国際的な診断分類（ICD）に対応する確立した疾患名ではありません。** 症状の総称として使われ、**原因の特定と治療は医療機関**で。,- **「自律神経失調症」**は**日本で慣用的に使われる言葉**で、**国際的な診断分類に独立した疾患として立てられているわけではありません**（ICD-10では**身体表現性自律神経機能不全**などが相当する概念とされます）。症状の総称として使われ、**原因の特定と治療は医療機関**で。,ICDに「対応する疾患名がない」は言い過ぎ。ICD-10では身体化障害・身体表現性自律神経機能不全（F45.3）等が相当概念とされる。独立した診断カテゴリがない、という趣旨に直すのが正確。,https://kennet.mhlw.go.jp/information/information/dictionary/heart/yk-082.html; https://ja.wikipedia.org/wiki/%E8%87%AA%E5%BE%8B%E7%A5%9E%E7%B5%8C%E5%A4%B1%E8%AA%BF%E7%97%87,jr_061,,
371,trend,371_trend_brewing-black-tea.md,| ミルク | **常温の牛乳**。**先か後かは好み**（英国王立化学会は「先」を推奨する遊びの論文を出したが、公的基準ではない） | — |,| ミルク | **常温の牛乳**。**先か後かは好み**（英国王立化学会は2003年に「先」を薦めるプレスリリースを出したが、公的基準ではない） | — |,英国王立化学会（RSC）の「How to make a Perfect Cup of Tea」（2003年）は学術論文ではなく報道向けプレスリリース。,https://improbable.com/2008/03/07/perfect-cuppa-in-reprise/,jr_062,,
371,trend,371_trend_brewing-black-tea.md,- 日本紅茶協会「紅茶のおいしい淹れ方」   https://www.tea-a.gr.jp/,- 日本紅茶協会「紅茶のいれ方」   https://www.tea-a.gr.jp/make_tea/,該当ページの正式名称は「紅茶のいれ方」で、URLは協会トップではなく https://www.tea-a.gr.jp/make_tea/ 。本文の蒸らし時間の根拠ページを直接指すべき。,https://www.tea-a.gr.jp/make_tea/,jr_062,,
371,trend,371_trend_brewing-black-tea.md,- 東京都水道局「水質データ（硬度）」   https://www.waterworks.metro.tokyo.lg.jp/suigen/topic/,- 東京都水道局「よくある質問：水質＜水質基準・管理・検査等＞」（硬度）   https://www.waterworks.metro.tokyo.lg.jp/faq/qa-21,硬度の説明は水道局のFAQ（水質）に掲載。なお都内給水栓の硬度は平均約60mg/L（最低19.6〜最高89.7mg/L）で、本文の「30〜80mg/L程度」は上限側でやや狭い。,https://www.waterworks.metro.tokyo.lg.jp/faq/qa-21,jr_062,,
372,trend,372_trend_shopping-frequency-and-food-waste.md,| 家庭ロスの内訳 | **食べ残し 約4割、直接廃棄（期限切れ等）約4割、過剰除去 約2割** | 消費者庁 |,| 家庭ロスの内訳 | **直接廃棄（期限切れ等）約4割、食べ残し 約4割、過剰除去 約1.5割**（令和5年度：43%／41%／16%） | 農林水産省・環境省 |,令和5年度の家庭系食品ロス233万トンの内訳は直接廃棄100万トン（43%）、食べ残し97万トン（41%）、過剰除去36万トン（16%）。「過剰除去 約2割」は過大で、推計の主体も消費者庁ではなく農水省・環境省。,https://www.env.go.jp/content/000324503.pdf; https://www.env.go.jp/press/press_00002.html,jr_062,,
373,trend,373_trend_cooking-for-one.md,"| 単身世帯 | **約2,115万世帯、全世帯の38.1%**（2020年） | 国勢調査 |","| 単身世帯 | **約2,115万世帯、一般世帯の38.0%**（2020年） | 国勢調査 |","令和2年国勢調査の単独世帯は21,151千世帯、一般世帯55,705千世帯に対し38.0%。分母は「全世帯」ではなく「一般世帯」。",https://www.stat.go.jp/data/kokusei/2020/kekka/pdf/outline_01.pdf,jr_062,,
373,trend,373_trend_cooking-for-one.md,単身世帯は日本の全世帯の約38%（2020年国勢調査）で最多です。,単身世帯は日本の一般世帯の約38%（2020年国勢調査）で最多です。,国勢調査の家族類型別の割合は一般世帯を分母に算出される。なお令和7年（2025年）国勢調査は人口速報（2026年5月公表）までで、家族類型は未公表のため2020年が最新。,https://www.stat.go.jp/data/kokusei/2020/kekka/pdf/outline_01.pdf; https://www.stat.go.jp/data/kokusei/2025/kekka/pdf/outline.pdf,jr_062,,
373,trend,373_trend_cooking-for-one.md,| 単身者の栄養課題 | **野菜不足（1日平均約250g、目標350g）、朝食欠食、塩分過多（中食・外食）** | 国民健康・栄養調査 |,| 単身者の栄養課題 | **野菜不足（成人の1日平均258.7g、目標350g）、朝食欠食、塩分過多（中食・外食）** | 国民健康・栄養調査（令和6年）、健康日本21（第三次） |,令和6年国民健康・栄養調査（2025年12月2日概要公表）の野菜摂取量平均は258.7g（男268.6g・女250.3g）。350gは健康日本21（第三次）の目標値。,https://www.mhlw.go.jp/stf/newpage_66279.html; https://www.nibn.go.jp/eiken/kenkounippon21/kenkounippon21/mokuhyou3rd.html,jr_062,,
374,trend,374_trend_steaming-and-simmering.md,**レンジは内部から加熱してムラと乾燥**が出やすく、**蒸しは外から均一にしっとり**。**ブロッコリーの色・食感**で差が分かります。,**レンジはマイクロ波が届く表面から数cmの水分を加熱するためムラと乾燥**が出やすく、**蒸しは外から均一にしっとり**。**ブロッコリーの色・食感**で差が分かります。,マイクロ波は水分を含む食品では表面から数cm（おおむね6cm前後）までしか届かず、「内部から加熱する」という説明は正確ではない。中心部は熱伝導で温まる。,https://www.nikkei.com/article/DGXZQOUD162S20W1A610C2000000/; https://www.jeic-emf.jp/public/web_mag/explanation/1012.html,jr_062,,
374,trend,374_trend_steaming-and-simmering.md,- 厚生労働省「家庭でできる食中毒予防の6つのポイント」（加熱の温度）   https://www.mhlw.go.jp/www1/houdou/0903/h0331-1.html,- 厚生労働省「家庭でできる食中毒予防の6つのポイント」（加熱の温度）   https://www.mhlw.go.jp/stf/seisakunitsuite/bunya/0000049664.html,指定URLは平成9年の旧報道発表ページ。現行の掲載先は厚労省「食中毒」政策ページ（家庭でできる食中毒予防の6つのポイント）。中心部75℃1分以上の記載は現行ページで確認できる。,https://www.mhlw.go.jp/stf/seisakunitsuite/bunya/0000049664.html,jr_062,,
375,trend,375_trend_making-miso-soup.md,| 量 | **1杯（150〜180mL）に味噌大さじ1（約18g）→食塩相当量約2g**。**大さじ2/3（12g）なら約1.3g** | 塩分 |,| 量 | **1杯（150〜180mL）に味噌大さじ1（約18g）→食塩相当量約2.2g**。**大さじ2/3（12g）なら約1.5g**（米みそ・淡色辛みそ） | 塩分 |,日本食品標準成分表（八訂）の米みそ・淡色辛みその食塩相当量は12.4g/100g。18gで2.2g、12gで1.5g。現行の2g/1.3gは約1割低い見積り。,https://fooddb.mext.go.jp/; https://delishkitchen.tv/articles/951,jr_062,,
375,trend,375_trend_making-miso-soup.md,塩分は1杯約1.3〜2gで、だしを効かせる・具を多くする・汁を少なくすることで、1日の目標（7g前後）の中に収めます。,塩分は1杯約1.5〜2.2gで、だしを効かせる・具を多くする・汁を少なくすることで、1日の目標（健康日本21（第三次）の7g、食事摂取基準2025年版では男性7.5g未満・女性6.5g未満）の中に収めます。,成分表（淡色辛みそ12.4g/100g）では12g→1.5g、18g→2.2g。「1日の目標」は出典により値が異なるため明示が必要（健康日本21（第三次）7g、食事摂取基準2025年版 男性7.5g未満・女性6.5g未満）。,https://www.nibn.go.jp/eiken/kenkounippon21/kenkounippon21/mokuhyou3rd.html; https://www.kenpakusha.co.jp/data/seigo1/005004-05.pdf,jr_062,,
375,trend,375_trend_making-miso-soup.md,**1杯約1.3〜2g**で、**具だくさん・1日1杯**なら目標内に収まります。**野菜・海藻・豆腐がとれる利点**のほうが大きい。,**1杯約1.5〜2.2g**で、**具だくさん・1日1杯**なら目標内に収まります。**野菜・海藻・豆腐がとれる利点**のほうが大きい。,表・導入と同じ根拠（成分表の米みそ淡色辛みそ12.4g/100g）に合わせた数値。記事内3か所の数値を揃える必要がある。,https://fooddb.mext.go.jp/,jr_062,,
376,trend,376_trend_grilling-fish-at-home.md,**水気と早く動かすこと**が原因。**拭いて、皮目から、動かさない**。**シートを敷けば確実**。,**水気と早く動かすこと**が原因。**拭いて、皮目から、動かさない**。**シートを敷くとくっつきにくくなります**。,「確実」は結果を保証する断定。クッキングシートでもシートのずれや高温で焦げ付く場合があり、効果には条件差がある。,https://www.asahi-kasei.co.jp/saran/products/cookper/cooking_sheet.html,jr_063,,
377,trend,377_trend_herbs-fresh-and-dried.md,**土・虫・菌が付いています。** **流水でよく洗い、水気を拭いてから**。**生食のパクチー・バジル**は特に。,**土・虫・菌が付いています。** **流水でよく洗い、水気を拭いてから**。**生食のパクチー・バジル**は特に。ただし**サイクロスポラなど洗浄で落ちにくい寄生虫**もあり、**洗えばリスクがなくなるわけではありません**。,米国ではコリアンダー（パクチー）等の生ハーブを介したサイクロスポラ症の集団発生が繰り返し報告され、オーシストは洗浄や塩素消毒に抵抗性があるとされる。,https://myfoodsafetyview.com/outbreaks_of_cyclospora/; https://foodmicrob.com/us-cyclospora-outbreak-rte-lettuce/,jr_063,,
377,trend,377_trend_herbs-fresh-and-dried.md,**バジル：水に挿して常温（冷蔵で黒くなる）**,**バジル：水に挿して常温（冷蔵で黒くなる）、水を毎日替えて1週間程度**,バジルは10℃以下で低温障害を起こし黒変。常温の水挿し保存は水を毎日替えて1週間程度が目安とされる。表中の他のハーブには保存期間があり、バジルだけ欠けている。,https://uchi.tokyo-gas.co.jp/topics/10167,jr_063,,
378,trend,378_trend_seasonal-festival-foods.md,**恵方巻は1990年代にコンビニが全国化**,**恵方巻は1989年に広島のコンビニが販売を開始し、1998年に全国展開**,セブン-イレブンが1989年に広島県の一部店舗で販売を開始、1995年に関西以西へ拡大、1998年に「恵方巻」の名称で全国展開した。,https://cvs-map.jp/watch/article/185; https://tabetainjya.com/archives/koneta/post_6721/,jr_063,,
379,trend,379_trend_takeout-and-delivery-food-safety.md,- 厚生労働省は**2020年に「テイクアウト・デリバリーの食中毒予防」**の注意喚起を出し、**事業者に「その日のうちに」の表示・保冷剤の同梱、消費者に「すぐ食べる・冷蔵」**を求めています。,- 厚生労働省は**2020年に飲食店向けの持ち帰り・宅配の衛生管理**について注意喚起を出し、**消費者庁も「テイクアウト等を利用するときのポイント」で「すぐ食べる、すぐ食べないなら冷蔵」**を呼びかけています。,消費者向けの「すぐ食べる・冷蔵」の呼びかけは消費者庁の資料。厚労省の2020年の発出は主に飲食店・自治体向けの衛生管理要請で、両者を厚労省のみに帰すのは不正確。,https://www.caa.go.jp/policies/policy/consumer_safety/caution/caution_034/; https://www.pref.hokkaido.lg.jp/hf/kse/take-out.html,jr_063,,
380,trend,380_trend_kitchen-knife-safety-and-storage.md,- 警察庁「銃砲刀剣類所持等取締法（刃物の携帯）」   https://www.npa.go.jp/,- 警視庁「刃物の話」（銃砲刀剣類所持等取締法・軽犯罪法の解説）   https://www.keishicho.metro.tokyo.lg.jp/kurashi/drug/hamono/hamono.html,示されているのは警察庁トップページのみで、刃物の携帯規制を説明する資料に対応していない。警視庁の解説ページが刃体6cm・8cmの区別まで説明している。,https://www.keishicho.metro.tokyo.lg.jp/kurashi/drug/hamono/hamono.html,jr_063,,
380,trend,380_trend_kitchen-knife-safety-and-storage.md,| 子ども | **小学校低学年から、大人が横で**。**子ども用包丁（刃先が丸い）**から。**「猫の手」を最初に教える** |,| 子ども | **子ども用包丁（刃先が丸い）は対象年齢3歳以上の製品が多く**、**始める時期は発達に応じて、必ず大人が横で**。**「猫の手」を最初に教える** |,包丁メーカー各社の子ども用包丁は対象年齢3歳以上が多く、実際に使い始める目安は3〜5歳頃からとされる。「小学校低学年から」は一つの目安にすぎず、断定は実態と合わない。,https://www.kai-group.com/media/kitchen/333/; https://www.suncraft.co.jp/shop/feature/knife_for-kids/,jr_063,,
391,wisdom,391_wisdom_chopsticks-and-table-manners.md,- **Children learn from about age 3** with training chopsticks;,- **Children usually start learning at about age 3 to 4** with training chopsticks;,"Childcare and education guidance puts the usual start at 3–4 years old (some children from 2, some not until 5), judged by finger development rather than age alone.",https://benesse.jp/kosodate/201801/20180105-1.html; https://www.alsok.co.jp/person/recommend/2144/,jr_064,,
391,wisdom,391_wisdom_chopsticks-and-table-manners.md,| hiroi-bashi / awase-bashi |,| hashi-watashi / hiroi-bashi / awase-bashi |,The taboo of passing food chopstick-to-chopstick is most commonly called 箸渡し (hashi-watashi) in Japanese etiquette sources; 拾い箸 and 合わせ箸 are the alternative names. Giving the usual name first helps readers who look it up.,https://www.alsok.co.jp/person/recommend/2144/,jr_064,,
391,wisdom,391_wisdom_chopsticks-and-table-manners.md,- Forestry Agency — Wood use statistics (disposable chopsticks),- Forestry Agency — Wood use statistics (domestic disposable-chopstick production only; import volumes come from the Ministry of Finance Trade Statistics),The Forestry Agency's last published disposable-chopstick figure is domestic production of about 550 million pairs in 2010; consumption and import totals are not in its statistics and have to be taken from trade statistics or industry estimates. The citation as written does not support the 20-billio,https://news.yahoo.co.jp/expert/articles/9b90e50aaa4eebcb7d6c4ef75c88c20d340f4df2; https://www.customs.go.jp/toukei/srch/index.htm,jr_064,,
392,wisdom,392_wisdom_the-home-bath-ofuro.md,- **About 95% of Japanese homes have a bath**;,"- **About 95% of Japanese homes have a bath** (the Housing and Land Survey's last bath-ownership figure, 2008 — the item was dropped from later rounds because saturation was reached);","The Statistics Bureau discontinued the bath-ownership item (浴室保有率) after the 2008 Housing and Land Survey precisely because coverage had stayed around 90%+; the 2013/2018/2023 rounds do not carry it. The [Verify] note asks the checker to confirm this against the survey, which is no longer possible w",https://www.stat.go.jp/library/faq/faq18/faq18a12.html; https://www.stat.go.jp/data/jyutaku/2008/nihon/2_5.html,jr_064,,
392,wisdom,392_wisdom_the-home-bath-ofuro.md,"| **Tub** | **Deep (about 55–60 cm) and short**; sit with knees bent, water to the shoulders. Holds **about 200 L** |","| **Tub** | **Deep (about 50–60 cm) and short**; sit with knees bent, water to the shoulders. Capacity **about 200–280 L**, normally filled to **about 200 L** |","Standard Japanese domestic tubs are about 120–150 cm long, 70–80 cm wide and 50–60 cm deep, with a brim capacity of 200–280 L; households fill to roughly chest height, which is where the commonly quoted ~200 L comes from.",https://jyusetu.com/bathroom/columns/size/; https://www.bathlier.com/media/life/measure/,jr_064,,
392,wisdom,392_wisdom_the-home-bath-ofuro.md,"about **19,000 deaths a year** are estimated to occur in or around the bath, mostly **older people in winter**, from the temperature shock and heat","about **19,000 deaths a year** are estimated to occur in or around the bath, mostly **older people in winter**, from the temperature shock and heat — an estimate derived from vital statistics that covers sudden illness as well as drowning, not a directly counted figure","The 19,000 figure is an estimate produced by analysing MHLW vital statistics (widely cited via the Consumer Affairs Agency); the directly recorded category is 'unintentional drowning in the bathtub', a smaller number. Presenting it as a counted death toll overstates its precision.",https://www.nippon.com/ja/japan-data/h00623/; https://www.caa.go.jp/policies/policy/consumer_safety/caution/caution_042,jr_064,,
393,wisdom,393_wisdom_the-mamachari-bicycle.md,"**Registration, lights, left-side road rule, helmet duty, criminal penalties for phones and alcohol, fines from 2026.**","**Registration, lights, left-side road rule, helmet duty, criminal penalties for phones and alcohol, and on-the-spot fines since April 2026.**",Same tense problem as the summary row: the blue-ticket fines began on 1 April 2026.,https://www.city.toride.ibaraki.jp/anzen-anshin/kurashi/anzen/bohan/anzen/aokippu.html,jr_064,,
393,wisdom,393_wisdom_the-mamachari-bicycle.md,**Anti-theft registration (防犯登録) is mandatory** — about ¥600 at purchase; the sticker is checked by police,"**Anti-theft registration (防犯登録) is mandatory** — about ¥600–700 at purchase (¥660 in Tokyo, ¥700 in Kanagawa), valid ten years; the sticker is checked by police","Registration fees are set per prefecture: Tokyo ¥660 (tax-exempt, ten-year term), Kanagawa ¥700. Tokyo also began charging ¥500 for change-of-owner and cancellation registrations from 1 April 2025.",https://bouhan-net.com/qa/; https://www.city.setagaya.lg.jp/01420/4485.html,jr_064,,
393,wisdom,393_wisdom_the-mamachari-bicycle.md,**Liability insurance mandatory in Tokyo and most prefectures** since 2020; often bundled with household policies,"**Liability insurance mandatory in about 34 prefectures** (Hyogo from 2015, Tokyo from April 2020), with a duty of effort in most of the rest; often bundled with household policies","As of 1 Oct 2025, 34 prefectures make bicycle liability insurance compulsory and 10 more impose a duty of effort (44 of 47 in total). The obligation did not start in 2020 nationwide — Hyogo was first in October 2015; 2020 is the Tokyo date.",https://lify.jp/non-life/bicycle/b-bicycle/article-13433/; https://sintsu.co.jp/money/bicycle-insurance-obligation-2025/insurance-income-protection/,jr_064,,
394,wisdom,394_wisdom_indoor-plants-and-humidity.md,**akadama (fired clay granules)**,**akadama (granulated volcanic subsoil; the fired 'hard' grade holds its shape longer)**,"Ordinary 赤玉土 is Kanto loam volcanic subsoil that is dried and screened, not fired — which is why the granules break down and the mix has to be replaced. Only 硬質赤玉土 is kiln-fired, at roughly 600–900°C.",https://horti.jp/9235; https://ja.wikipedia.org/wiki/%E8%B5%A4%E7%8E%89%E5%9C%9F,jr_064,,
394,wisdom,394_wisdom_indoor-plants-and-humidity.md,- Tokyo Metropolitan Government Bureau of Public Health — Indoor mould prevention   https://www.hokeniryo.metro.tokyo.lg.jp/kankyo/kankyo_eisei/jukankyo/indoor/kenko/kenkai_bunyatosisin,- Tokyo Metropolitan Government Bureau of Public Health — Healthy and comfortable indoor living environment guidelines (健康・快適居住環境の指針)   https://www.hokeniryo.metro.tokyo.lg.jp/kankyo/kankyo_eisei/jukankyo/,"The cited path (.../indoor/kenko/kenkai_bunyatosisin) is the indoor-air chemical-substance guideline-value page, not mould prevention, and the identical URL is used in article 395 for condensation. Tokyo's relevant document is the 健康・快適居住環境の指針, which is where the 40–60% comfort humidity band comes f",https://suumo.jp/article/oyakudachi/oyaku/chintai/fr_room/chintai_shitsudo/,jr_064,,
395,wisdom,395_wisdom_window-condensation-in-winter.md,**Windows are the biggest heat-loss path** and the state has been **paying half the cost**.,**Windows are the biggest heat-loss path** and the state has been **subsidising a large share of the cost** — up to ¥1 million per home in the 2026 round.,"'Paying half the cost' is not how the scheme works (it pays fixed amounts per window and size band up to a per-home cap), and the cap changed to ¥1 million for 2026.",https://www.ykkap.co.jp/consumer_business/satellite/law/subsidy2026/senshintekimado/,jr_064,,
395,wisdom,395_wisdom_window-condensation-in-winter.md,- **Mould conditions** are met on a window frame at **70%+ local humidity**;,"- **Mould conditions** are met on a window frame from about **60% local humidity**, and growth accelerates sharply above 70%;","Mould begins to establish above roughly 60% relative humidity and multiplies rapidly near and above 70%; at 90%+ visible growth can appear within about 48 hours. Setting the threshold at 70% understates the risk at a cold window, where local RH is high even when the room reads below 70%.",https://kabibusters-okayama.jp/blog/detail/20250728131002/; https://kabi-mist.com/blog/detail/occurrence-conditions/,jr_064,,
395,wisdom,395_wisdom_window-condensation-in-winter.md,- Tokyo Metropolitan Government Bureau of Public Health — Condensation and mould in the home   https://www.hokeniryo.metro.tokyo.lg.jp/kankyo/kankyo_eisei/jukankyo/indoor/kenko/kenkai_bunyatosisin,- Tokyo Metropolitan Government Bureau of Public Health — Healthy and comfortable indoor living environment guidelines (健康・快適居住環境の指針)   https://www.hokeniryo.metro.tokyo.lg.jp/kankyo/kankyo_eisei/jukankyo/,"The cited path is Tokyo's indoor-air chemical-substance guideline-value page, not a condensation/mould page, and the same URL is reused in article 394 under a different title. Editor to confirm the exact live path for the housing-environment guideline.",https://suumo.jp/article/oyakudachi/oyaku/chintai/fr_room/chintai_shitsudo/,jr_064,,
396,wisdom,396_wisdom_the-kitchen-sponge.md,**Boiling water poured over** or a **bleach soak** is safer and what most households do.,"**Boiling water poured over**, a **bleach soak**, or — the most common Japanese method — leaving a dish detergent labelled **除菌 (sanitising)** on the sponge is safer.",Japanese consumer guidance most often describes soaking the sponge in a 除菌-labelled dish detergent rather than bleach; NITE also warns that microwave heating of soiled/dry items is a fire cause.,https://www.shouhiseikatu.metro.tokyo.lg.jp/anzen/test/documents/jyokin.pdf; https://www.nite.go.jp/jiko/chuikanki/press/2019fy/prs200227.html,jr_065,,
397,wisdom,397_wisdom_making-onigiri-at-home.md,"- Ministry of Agriculture, Forestry and Fisheries — Rice and Japanese food culture (ごはん・おにぎり)   https://www.maff.go.jp/j/syouan/keikaku/soukatu/gohan.html","- Ministry of Agriculture, Forestry and Fisheries — Onigiri Project / rice consumption site (おにぎりプロジェクト・やっぱりごはんでしょ！)   https://www.maff.go.jp/j/syouan/keikaku/soukatu/onigiri.html","gohan.html is MAFF's rice-consumption campaign site 「やっぱりごはんでしょ！」, not a page on rice and food culture; MAFF's onigiri-specific page in the same directory is onigiri.html.",https://www.maff.go.jp/j/syouan/keikaku/soukatu/gohan.html; https://www.maff.go.jp/j/syouan/keikaku/soukatu/onigiri.html; https://www.maff.go.jp/j/press/nousan/b_taisaku/251017.html,jr_065,,
397,wisdom,397_wisdom_making-onigiri-at-home.md,**Staphylococcus from hands** is the classic onigiri food-poisoning route; wrap avoids it,"**Staphylococcus aureus from hands** is the classic onigiri food-poisoning route; its toxin is not destroyed by reheating, so wrap or disposable gloves","Public-health guidance stresses that S. aureus enterotoxin is heat-stable: reheating kills the bacteria but not the toxin, which is why hand contact must be avoided in the first place.",https://www.hokeniryo1.metro.tokyo.lg.jp/shokuhin/foods_archives/foodborne/home/home_01/index.html,jr_065,,
398,wisdom,398_wisdom_seasonal-decorations-and-storing-them.md,they are **gifts from the maternal grandparents** and kept for decades,"they are **most often gifts from the maternal grandparents** (about two-thirds of households; in Kansai and western Japan the father's side often buys, and families increasingly share the cost) and kept for decades","Industry surveys put maternal grandparents at roughly two-thirds of purchases, with clear regional variation (Kanto/east maternal, Kansai/west often paternal) and a growing share of split or parent purchases.",https://www.furacoco.co.jp/column/2021/3461; https://prefer.jp/staff-blog/44061/,jr_065,,
399,wisdom,399_wisdom_the-hanko-seal.md,"must be unique, usually full name, 8–25 mm","must be unique, usually the registered full name; the impression must not fit inside an 8 mm square and must fit inside a 25 mm one",Municipal seal-registration ordinances state the impression must not fit within a square of 8 mm per side and must fit within a square of 25 mm per side; '8–25 mm' alone reads as a simple size range.,https://www.city.setagaya.lg.jp/02233/114.html; https://www.city.higashiyamato.lg.jp/faq/todokede/1005884/1005887.html,jr_065,,
400,wisdom,400_wisdom_seasonal-greetings-and-letters.md,- **Japan Post's nengajō stamps** (with a lottery number) go on sale **1 November**; cards posted **15–25 December** are held and delivered on 1 January.,"- **Japan Post's nengajō stamps** (with a lottery number) go on sale in **late October or early November** (30 October for the 2026 cards, 2 November for the 2027 ones); cards posted **15–25 December** are held and delivered on 1 January.","Sales opened 30 October 2025 for the 2026 cards and 2 November 2026 for the 2027 cards, so '1 November' is no longer accurate; the 15–25 December acceptance window and the 25 December deadline are confirmed.",https://www.post.japanpost.jp/newsrelease/pressrelease/282881137.html; https://www.post.japanpost.jp/notification/pressrelease/2025/00_honsha/0829_02_01.pdf,jr_065,,
400,wisdom,400_wisdom_seasonal-greetings-and-letters.md,| **Kanchū-mimai (midwinter greeting)** | **8 January – 3 February** |,"| **Kanchū-mimai (midwinter greeting)** | **8 January to the day before Risshun — usually 3 February, but 2 February in some years** |","Kanchū-mimai runs until the day before Risshun (Setsubun), whose date moves: 2 February in 2021 and 2025, 3 February in 2026. A fixed '3 February' is not correct every year.",https://eco.mtk.nao.ac.jp/koyomi/yoko/2026/rekiyou262.html,jr_065,,
400,wisdom,400_wisdom_seasonal-greetings-and-letters.md,"- Japan Post — New Year cards: sale dates, posting deadlines and volumes (年賀はがき)   https://www.post.japanpost.jp/","- Japan Post — 2027 New Year cards: issue outline, sale dates and volumes (2027（令和9）年用年賀はがき等の発行概要)   https://www.post.japanpost.jp/newsrelease/pressrelease/282881137.html","The generic top page does not evidence volumes or dates; Japan Post's annual issue-outline press release does, and the 2027 release (31 Aug 2026) is the current one.",https://www.post.japanpost.jp/newsrelease/pressrelease/282881137.html,jr_065,,
401,beauty,401_beauty_how-much-toner-to-use.md,| 適量 | **製品表示に従う**。多くは**500円硬貨大（約2〜3mL）〜2〜3プッシュ** |,| 適量 | **製品表示に従う**。多くは**500円硬貨大（目安は約1.5〜3mL。メーカーにより1.5mL〜5mLと幅がある）〜2〜3プッシュ** |,「500円硬貨大」の実量はメーカーにより差があり、資生堂は約1.5mLと案内する一方、5mLを推奨するメーカーもある。「約2〜3mL」と一意に断定するのは精度不足。,https://www.shiseido.co.jp/biyou_dic_men/skincare/skin000500.htm; https://www.nahls.co.jp/eijingukea/cosmetics/keshousui/keshousui-siyouryou/,jr_066,,
403,beauty,403_beauty_neck-and-decollete-care.md,- 環境省「紫外線環境保健マニュアル2020」（塗り忘れやすい部位）,- 環境省「紫外線環境保健マニュアル2020」（紫外線対策の基本）,上記と同じ理由。マニュアル2020（2020年3月改訂版・現行最新）は紫外線対策の基本を扱うが、「塗り忘れやすい部位」の記載を確認できていないため、注記を実際に参照できる範囲に合わせる。,https://www.env.go.jp/content/900410650.pdf,jr_066,,
404,beauty,404_beauty_hair-iron-temperature.md,| 髪の耐熱の目安 | **約150℃を超えるとケラチンの変性が進む**、**200℃以上で表面（キューティクル）の損傷が顕著** |,| 髪の耐熱の目安 | **乾いた髪では130〜150℃あたりから変性が始まるとされ、150℃を超えると進む**、**200℃以上で表面（キューティクル）の損傷が顕著**。**濡れた髪は60〜70℃程度から変性が始まるとする説明もある** |,毛髪科学の一般的な解説では、乾いた髪のたんぱく変性の開始はおよそ130℃、濡れた髪では60〜70℃とされ、150℃前後からシスチンの減少が進むと説明される。「約150℃を超えると」だけでは開始温度の下限を高く見せてしまう。,https://www.honmachi-slc.com/trichology/hair-iron-temperature-guide/; https://salonia.jp/column/hair/hair-how-to/vol8/; https://www.mtgec.jp/beauty/refa/column/article_033.html,jr_066,,
405,beauty,405_beauty_hair-and-uv.md,- 日本化粧品工業会「SPF測定法基準」（測定対象は皮膚）   https://www.jcia.org/user/business/spf,- 日本化粧品工業会「SPF測定法基準」（測定対象は皮膚）   https://www.jcia.org/user/business/guideline/spf,日本化粧品工業会の「SPF測定法基準」の実在URLは /user/business/guideline/spf。記事の /user/business/spf は該当ページに到達しない。,https://www.jcia.org/user/business/guideline/spf; https://www.jcia.org/user/business/guideline/uvprotection,jr_066,,
405,beauty,405_beauty_hair-and-uv.md,| 最も確実な対策 | **帽子（つば7cm以上）・日傘**（環境省マニュアル）。**UVカットの帽子**は遮蔽率で選ぶ |,| 最も確実な対策 | **帽子（つばは7cm以上が目安。つば7cmで顔に当たる紫外線を約60%カットとされる）・日傘**。**UVカットの帽子**は遮蔽率で選ぶ |,「つば3cmで約35%、7cmで約60%、10cmで約70%カット」という数値は広く流通しているが、環境省「紫外線環境保健マニュアル2020」に7cmという具体的数値が記載されていることは確認できなかった。公的資料への帰属を外し、目安であることを明示するのが安全。,https://www.env.go.jp/content/900410650.pdf; https://lumedia.jp/dermatology/3446/,jr_066,,
405,beauty,405_beauty_hair-and-uv.md,https://www.dermatol.or.jp/qa/qa17/index.html,https://www.dermatol.or.jp/qa/,皮膚科Q&Aの qa17 が「髪の毛の病気」に対応するか確認できず、別項目（アテローム＝粉瘤）を指す可能性がある。個別番号を断定せず、Q&Aトップから該当項目を辿る形にするのが安全（qa3=にきび等、番号と項目の対応は原文で要確認）。,https://www.dermatol.or.jp/qa/qa3/q01.html; https://www.dermatol.or.jp/public/,jr_066,,
406,beauty,406_beauty_grey-hair-dyeing.md,| **酸化染毛剤（ヘアカラー・白髪染め）** | **医薬部外品** | 髪の内部で発色。**明るくもできる** | **2〜3か月**（伸びた根元が目立つ） | **全体：1.5〜2か月、根元：3〜4週間** | **ジアミンアレルギー**。**48時間前のパッチテスト**（ヘアカラーの記事参照） |,| **酸化染毛剤（ヘアカラー・白髪染め）** | **医薬部外品** | 髪の内部で発色。**明るくもできる** | **色持ちは1.5〜2か月**（伸びた根元は3〜4週間で目立つ） | **全体：1.5〜2か月、根元：3〜4週間** | **ジアミンアレルギー**。**48時間前のパッチテスト**（ヘアカラーの記事参照） |,同じ行の中で「持ち2〜3か月」と「全体の染め直し1.5〜2か月」が整合しない。染め直しの目安＝色持ちの目安に合わせた。,https://www.bigen.jp/shiragazome-labo/shiragazome-retouch/,jr_067,,
406,beauty,406_beauty_grey-hair-dyeing.md,- **消費者安全調査委員会（2015年）**は毛染めによる皮膚障害の報告書で、**一度かぶれた人は酸化染毛剤の使用をやめ、化粧品区分の製品を検討**するよう勧めました。,- **消費者安全調査委員会（2015年10月23日）**は毛染めによる皮膚障害の報告書で、**酸化染毛剤は最もアレルギー性接触皮膚炎を起こしやすい製品**とし、**酸化染毛剤でアレルギーが生じた場合に、医師から染毛料（ヘアマニキュア等）への変更を指導されることがある**と記載しています。,報告書（平成27年10月23日）の記述は「医師から変更を指導されることがある」等であり、委員会が消費者に切替えを『勧めた』という形ではない。日付も補った。,https://www.caa.go.jp/policies/council/csic/report/report_008/pdf/8_houkoku.pdf; https://www.caa.go.jp/policies/council/csic/report/report_008/,jr_067,,
408,beauty,408_beauty_dermatology-vs-cosmetic-dermatology.md,**医療広告ガイドライン（2018年）で、条件（治療内容・費用・リスクの併記）を満たさないビフォーアフター写真は禁止**。**断定的な効果の表現も禁止**。**リスクの説明があるか**が判断材料。,**医療広告ガイドライン（2018年策定・その後改正）で、条件（治療内容・費用・リスクの併記）を満たさないビフォーアフター写真は禁止**。**断定的な効果の表現も禁止**。**リスクの説明があるか**が判断材料。,同ガイドラインは2024年3月改正・2025年3月に事例解説書第5版が出ており、年号を2018年で固定すると古い版を指す。,https://www.aplawjapan.com/application/files/1817/6161/2965/Newsletter_LFS_002.pdf,jr_067,,
409,beauty,409_beauty_disposing-of-cosmetics.md,| **スプレー缶（ヘアスプレー・制汗剤・日焼け止め）** | **中身を使い切る**（屋外・火気なし）。**穴を開けるかどうかは自治体の指示**（近年は「穴を開けない」自治体が増加） | **スプレー缶の日・不燃・資源**など自治体で異なる | **中身が残ったままの収集車火災**が全国で発生 |,| **スプレー缶（ヘアスプレー・制汗剤・日焼け止め）** | **中身を使い切る**（屋外・火気なし）。**穴を開けるかどうかは自治体の指示**（環境省の2018年通知以降、「穴を開けない」自治体が大半） | **スプレー缶の日・不燃・資源**など自治体で異なる | **中身が残ったままの収集車火災**が全国で発生 |,「近年は増加」ではなく、2018年12月の環境省通知を機に穴あけ不要が主流。根拠年を示すほうが読者が自治体ルールを確認しやすい。,https://www.toyoa.co.jp/aerosol/1684/,jr_067,,
410,beauty,410_beauty_home-patch-test-for-cosmetics.md,| 方法 | **腕の内側（または耳の後ろ）に10円硬貨大を塗り、24〜48時間観察**。洗わない、こすらない | **試薬・持参した化粧品を背中に貼付し、48時間後・72時間後（・1週間後）に判定** |,| 方法 | **腕の内側（または耳の後ろ）に500円硬貨大を塗り、24〜48時間観察**（案内によっては最長3日間）。洗わない、こすらない | **試薬・持参した化粧品を背中に貼付し、48時間後・72時間後（・1週間後）に判定** |,化粧品会社・皮膚科の一般的な案内は「500円玉大を二の腕の内側に」で、観察期間も24時間〜3日間とされる。10円硬貨大という指定は一般的な案内と一致しない。,https://faq.fancl.co.jp/faq/show/1837?site_domain=default; https://www.jcia.org/user/public/knowledge/essay/essay11,jr_067,,
410,beauty,410_beauty_home-patch-test-for-cosmetics.md,| 費用 | なし | **保険適用**（3割負担で数千円） |,| 費用 | なし | **保険適用**（3割負担で数千円程度。検査する項目数で変動し、初診料・再診料は別） |,"パッチテストパネル等を用いた検査は3割負担で概ね5,800円前後＋初診・再診料と案内されており、項目数で変わる点を補うと誤解が減る。",https://jujo-sakura-hifuka.jp/patch-test/; https://kawai-hifuka.jp/medical/patchtest,jr_067,,
410,beauty,410_beauty_home-patch-test-for-cosmetics.md,原因を特定したいなら皮膚科のパッチテスト（保険適用）が確実です。,原因を特定したいなら皮膚科のパッチテスト（保険適用）が有力な方法です。,皮膚科のパッチテストも偽陰性・偽陽性があり、判定は48・72時間（金属等は1週間後）と複数回必要。「確実」という断定は避けるのが妥当。,https://www.dermatol.or.jp/dermatol/wp-content/uploads/xoops/files/guideline/130_523contact_dermatitis2020.pdf; https://www.kango-roo.com/learning/8728/,jr_067,,
411,fashion,411_fashion_reusable-shopping-bag-hygiene.md,- 厚生労働省「家庭でできる食中毒予防の6つのポイント」（買い物・持ち帰り）   https://www.mhlw.go.jp/www1/houdou/0903/h0331-1.html,- 厚生労働省「家庭でできる食中毒予防の6つのポイント」（買い物・持ち帰り）   https://www.mhlw.go.jp/stf/seisakunitsuite/bunya/kenkou_iryou/shokuhin/syokuchu/01_00006.html,www1/houdou/0903/h0331-1.html は平成9年（1997年）の報道発表アーカイブ。現行の掲載ページは stf/seisakunitsuite/.../syokuchu/01_00006.html。,https://www.mhlw.go.jp/stf/seisakunitsuite/bunya/kenkou_iryou/shokuhin/syokuchu/01_00006.html,jr_068,,
411,fashion,411_fashion_reusable-shopping-bag-hygiene.md,| 汚れの経路 | **肉・魚のドリップ、卵の殻、野菜の土、漏れた飲料**→バッグ内→次回の食品 | 厚労省 6つのポイント（つけない） |,| 汚れの経路 | **肉・魚のドリップ、卵の殻、野菜の土、漏れた飲料**→バッグ内→次回の食品 | 農水省「エコバッグでも食中毒予防」 |,厚労省「6つのポイント」はエコバッグを直接扱っていない。農林水産省に「賢く楽しくお買い物！～エコバッグでも食中毒予防～」という専用ページがあり、肉・魚・野菜をポリ袋に入れる／定期的に洗う等、本文の記述と一致する。,https://www.maff.go.jp/j/syouan/seisaku/foodpoisoning/ecobag.html,jr_068,,
411,fashion,411_fashion_reusable-shopping-bag-hygiene.md,2020年のレジ袋有料化以降、エコバッグは日本の全世帯に近い普及率になりました。,2020年7月のレジ袋有料化以降、エコバッグは広く使われるようになりました。,「全世帯に近い普及率」を裏づける公的統計は確認できない。環境省調査でも「常にマイバッグを持ち歩く」は51.9%（2020年11月）にとどまる。,https://www.env.go.jp/guide/info/ecojin/scope/20210929.html,jr_068,,
412,fashion,412_fashion_using-laundry-nets.md,- 日本石鹸洗剤工業会「洗濯のQ&A（洗濯ネット）」   https://jsda.org/w/index.html,- 日本石鹸洗剤工業会「石けん洗剤知識（洗濯）」   https://jsda.org/w/03_shiki/index.html,jsda.org/w/index.html は総合トップで、「洗濯のQ&A（洗濯ネット）」という該当ページは確認できない。洗濯の解説は「石けん洗剤知識」（/w/03_shiki/）。なお1着1ネットの根拠はライオンの解説が明確。,https://jsda.org/w/03_shiki/index.html; https://lidea.today/articles/813,jr_068,,
412,fashion,412_fashion_using-laundry-nets.md,| サイズ | **衣類を畳んでぴったり入るサイズ**。大きすぎると中で動いて摩擦 |,| サイズ | **衣類を畳んでぴったり入るサイズ**。**大きすぎても小さすぎても洗浄力が下がる**（ワイシャツ1枚なら30×33cm前後が目安） |,ライオンの検証では、ワイシャツ1枚を最適な中サイズ（30×33cm）ではなく小・大サイズのネットで洗うと、洗浄力がそれぞれ半分ほどに低下したとされる。「大きすぎると摩擦」だけでは説明が不足。,https://lidea.today/articles/813; https://tokubai.co.jp/news/articles/2555,jr_068,,
413,fashion,413_fashion_hanging-laundry-to-dry-faster.md,- 日本石鹸洗剤工業会「洗濯のQ&A（干し方・部屋干し）」   https://jsda.org/w/index.html,- 日本石鹸洗剤工業会「石けん洗剤知識（洗濯）」   https://jsda.org/w/03_shiki/index.html,jsda.org/w/index.html は総合トップで、「洗濯のQ&A（干し方・部屋干し）」という該当ページは確認できない。,https://jsda.org/w/03_shiki/index.html,jr_068,,
413,fashion,413_fashion_hanging-laundry-to-dry-faster.md,- **部屋干しの臭い**は**乾くまでの時間が長い**ことが原因（タオルの記事・部屋干しの記事参照）。**5時間以内に乾かす**が目安として語られます。,- **部屋干しの臭い**は**乾くまでの時間が長い**ことが原因（タオルの記事・部屋干しの記事参照）。臭いの原因菌（モラクセラ菌）は**濡れたまま5時間を超えると増えやすい**とされ、**5時間以内に乾かす**が目安として語られます。,生乾き臭の原因がモラクセラ菌の代謝物（4-メチル-3-ヘキセン酸）であることは花王と愛知学院大学の研究で示されており、「5時間」の目安はこの増殖挙動に由来する。出所を1行添えると根拠が明確になる。,https://www.nikkei.com/article/DGXNASGG2800A_Z10C11A6TJM000/; https://www.lenet.jp/magazine/20160525-01/,jr_068,,
414,fashion,414_fashion_choosing-a-washing-machine.md,| 汚れ落ち | **泥・皮脂・泥汚れに強い** | **皮脂には強いが、泥・固形汚れはやや弱い**とされる |,| 汚れ落ち | **泥・砂などの固形汚れと皮脂汚れに強い** | **皮脂には強いが、泥・固形汚れはやや弱い**とされる |,「泥・皮脂・泥汚れ」と「泥」が重複しており、記述として壊れている。,,jr_068,,
414,fashion,414_fashion_choosing-a-washing-machine.md,- **ヒートポンプ乾燥（ドラム式）**は**約60℃の低温**で衣類に優しく、**ヒーター式（縦型に多い）**は高温で縮みやすい（乾燥機の記事参照）。,- **ヒートポンプ乾燥（ドラム式）**は**約60〜65℃の低温**で衣類に優しく、**ヒーター式（縦型に多い）**は**80℃前後**の高温で縮みやすい（乾燥機の記事参照）。,メーカー・比較記事では、ヒートポンプは約65℃（おおむね60℃台）の温風、ヒーター式は80℃前後とされる。ヒーター式の温度を明記したほうが読者の判断材料になる。,https://panasonic.jp/wash/select/dry.html; https://aqua-has.com/post/compare-drum-washers.php,jr_068,,
414,fashion,414_fashion_choosing-a-washing-machine.md,| 水の使用量 | **約100〜150L／回** | **約60〜90L／回**（乾燥なし） |,| 水の使用量 | **約100〜130L／回**（容量が大きいほど増える） | **約60〜80L／回**（乾燥なし） |,"一般的な家庭用機の目安は縦型が約100L、ドラム式が約60L（年間の水道代差は3,500円程度とされる）。150L／90Lは上振れで、容量注記がないと誤解を招く。",https://www.cdedirect.co.jp/media/c1-electricity/c11-e-savings/2566/; https://event.rakuten.co.jp/market/appliance/article/417/,jr_068,,
414,fashion,414_fashion_choosing-a-washing-machine.md,**ドラム式は搬入できずに返品**の事例が多い。,**ドラム式は本体が大きく、搬入経路が確保できない場合がある**。,「返品の事例が多い」を裏づける統計は確認できない。断定を避けた表現が適切。,,jr_068,,
415,fashion,415_fashion_stockings-and-tights.md,**デニールは糸の太さ（厚さ）**で、品質ではありません。**季節と用途で選ぶ**（20〜30で透け、80以上で防寒）。,**デニールは糸の太さを表す単位（9000mあたりの重さがグラムで何gか）**で、品質ではありません。**季節と用途で選ぶ**（30デニール未満で透け、80以上で防寒）。,デニールは線密度の単位で「9000mに伸ばしたときの重さ（g）」。定義を添えると正確で、上の表の区分とも数字が揃う。,https://halmek.co.jp/qa/942; https://cancam.jp/archives/93373,jr_068,,
415,fashion,415_fashion_stockings-and-tights.md,- **足のむくみ**と**着圧ストッキング**：**市販の着圧製品は雑貨で効能表示不可**（立ち仕事の記事参照）。**医療用弾性ストッキングは別**。,- **足のむくみ**と**着圧ストッキング**：**雑貨として売られる市販の着圧製品は、医療的な効能を表示できません**（立ち仕事の記事参照）。**医療用弾性ストッキングは一般医療機器（クラスⅠ）として届け出られた別の製品**です。,静脈還流の促進等を標榜する弾性ストッキングはクラスⅠ（一般医療機器）に位置づけられる。「別」だけでは区分が伝わらず、また「効能表示不可」は薬機法上の位置づけを補って書くほうが正確。,https://www.shigyo.co.jp/post_topics/%E5%8C%BB%E7%99%82%E7%94%A8%E3%82%B9%E3%83%88%E3%83%83%E3%82%AD%E3%83%B3%E3%82%B0%E7%9D%80%E5%9C%A7%E3%82%BD%E3%83%83%E3%82%AF%E3%82%B9%E3%81%AE%E5%8C%BB%E7%99%82%E6%A9%9F%E5%99%A8%E7%99%BB/; https://www.89ji.com/guide/beauty-clothing.html,jr_068,,
415,fashion,415_fashion_stockings-and-tights.md,- 消費者庁「家庭用品品質表示法　繊維製品品質表示規程」   https://www.caa.go.jp/policies/policy/representation/household_goods/guide/fiber/,- 消費者庁「繊維製品品質表示規程」（家庭用品品質表示法）   https://www.caa.go.jp/policies/policy/representation/household_goods/law/law_04.html,/guide/fiber/ は品目別の解説ガイド。規程そのものは /law/law_04.html に掲載されており、表題とURLが一致していない。,https://www.caa.go.jp/policies/policy/representation/household_goods/law/law_04.html; https://www.caa.go.jp/policies/policy/representation/household_goods/guide/fiber/fiber_show.html,jr_068,,
415,fashion,415_fashion_stockings-and-tights.md,- 日本化学繊維協会「ナイロン・ポリウレタンの特徴」   https://www.jcfa.gr.jp/,- 日本化学繊維協会「化学繊維の種類（ナイロン・ポリウレタン）」   https://www.jcfa.gr.jp/understanding-chemical-fibers/types-of-chemical-fibers/,サイト最上位ではなく、ナイロン・ポリウレタンの特徴を記載した「化学繊維の種類」ページを指すべき。,https://www.jcfa.gr.jp/understanding-chemical-fibers/types-of-chemical-fibers/,jr_068,,
416,fashion,416_fashion_necktie-care.md,- 環境省「クールビズ」   https://ondankataisaku.env.go.jp/coolchoice/coolbiz/,- 環境省「クールビズ／COOLBIZ」（デコ活）   https://ondankataisaku.env.go.jp/decokatsu/coolbiz/,COOL CHOICEは2023年12月で新規賛同登録を終了し「デコ活」へ移行。クールビズのページは /decokatsu/coolbiz/ 配下が現行。,https://ondankataisaku.env.go.jp/decokatsu/coolbiz/; https://ondankataisaku.env.go.jp/coolchoice/,jr_069,,
417,fashion,417_fashion_wallet-and-leather-small-goods.md,| **合皮** | 加水分解で剥がれ（数年） | 拭くだけ | 劣化のみ |,| **合皮** | ポリウレタンの加水分解で剥がれ（**製造から2〜3年で表面化するのが目安**） | 拭くだけ | 劣化のみ |,全国クリーニング生活衛生同業組合連合会の衣料管理情報は、ポリウレタン樹脂の劣化が製造後2〜3年で表面化するとし、クリーニング事故賠償基準では合成皮革外衣の平均使用年数を3年としている。,https://www.zenkuren.or.jp/news/5621; https://www.zenkuren.or.jp/news/2949,jr_069,,
417,fashion,417_fashion_wallet-and-leather-small-goods.md,- 東京都保健医療局「カビの発生を防ぐには」   https://www.hokeniryo.metro.tokyo.lg.jp/kankyo/kankyo_eisei/jukankyo/indoor/kenko/kenkai_bunyatosisin,- 東京都保健医療局「健康・快適居住環境の指針」（室内のカビ対策）   https://www.hokeniryo.metro.tokyo.lg.jp/documents/d/hokeniryo/web_zenbun1,検索で確認できる東京都保健医療局の該当資料は「健康・快適居住環境の指針」。記載のURLパス（kenkai_bunyatosisin）と表題「カビの発生を防ぐには」が一致せず、旧福祉保健局時代のURLの可能性がある。,https://www.hokeniryo.metro.tokyo.lg.jp/documents/d/hokeniryo/web_zenbun1,jr_069,,
418,fashion,418_fashion_leather-jacket-care.md,- 東京都保健医療局「カビの発生を防ぐには」   https://www.hokeniryo.metro.tokyo.lg.jp/kankyo/kankyo_eisei/jukankyo/indoor/kenko/kenkai_bunyatosisin,- 東京都保健医療局「健康・快適居住環境の指針」（室内のカビ対策）   https://www.hokeniryo.metro.tokyo.lg.jp/documents/d/hokeniryo/web_zenbun1,417と同じ出典。検索で確認できるのは「健康・快適居住環境の指針」で、記載のURLパスと表題が一致しない。,https://www.hokeniryo.metro.tokyo.lg.jp/documents/d/hokeniryo/web_zenbun1,jr_069,,
418,fashion,418_fashion_leather-jacket-care.md,- 革ジャケットは**家庭用品品質表示法の対象**で、**革の種類（牛革・羊革・馬革等）**の表示があります。**羊革（ラム）は柔らかく傷みやすい、牛革は丈夫**。,- 革ジャケットは**家庭用品品質表示法（雑貨工業品品質表示規程「革又は合成皮革を使用したコート・上衣等」）の対象**で、**革の種類（牛革・馬革等）と取扱い上の注意**の表示があります。**羊革（ラム）は柔らかく傷みやすい、牛革は丈夫**。,根拠は繊維製品ではなく雑貨工業品品質表示規程十六。表示事項は材料の種類に加え取扱い上の注意・表示者名。どの規程かを示さないと読者が洗濯表示と混同する。なお出典一覧に消費者庁の資料が入っていない。,https://www.caa.go.jp/policies/policy/representation/household_goods/law/law_07/item_016.html; https://www.caa.go.jp/policies/policy/representation/household_goods/guide/zakka/zakka_16.html,jr_069,,
419,fashion,419_fashion_fur-and-shearling-care.md,**羊毛皮は水で硬化・縮み**。**ブラシと陰干し、専用クリーナー**。**内側の湿気を抜く**（ブーツの記事参照）。,**羊毛皮の多くは水で硬化・縮み**。**ブラシと陰干し、専用クリーナー**。**なめし方によっては「洗える」と表示された製品もあるため、まず表示を確認**。**内側の湿気を抜く**（ブーツの記事参照）。,クロムなめしのムートンには水洗い可とうたう製品があり、表内では「ウォッシャブル表示のラグは例外」としている。誤解4の断定と表の記述の温度差をそろえる。,https://moutons.jp/about/questions.html; https://goodon.jp/index.php?page=56,jr_069,,
419,fashion,419_fashion_fur-and-shearling-care.md,- 一般社団法人日本毛皮協会「毛皮のお手入れと保管」   https://www.fur.or.jp/,- 一般社団法人日本毛皮協会「毛皮の品名表示一覧」「毛皮のお手入れと保管」   https://www.fur.or.jp/knowledge_namae/,本文が品名表示の根拠として毛皮協会を引くなら、トップページではなく品名表示のページを示すほうが確認しやすい。,https://www.fur.or.jp/knowledge_namae/,jr_069,,
420,fashion,420_fashion_clothing-deodorising-sprays.md,| **除菌** | 雑貨 | **菌を減らす**（対象・条件は製品の試験による） | **「すべての菌を除菌するわけではない」の注記**が業界自主基準で求められる |,| **除菌** | 雑貨 | **菌を減らす**（対象・条件は製品の試験による） | **洗剤類では「すべての菌を除菌するわけではありません」の注記**が公正競争規約・業界統一基準で求められる（**布用スプレーは各社の自主的な表示**） |,「洗剤の除菌表示」に関する公正競争規約（洗剤・石けん公正取引協議会）とJSDAの統一基準は台所用・住居用・洗たく用洗剤が対象で、布用消臭スプレーを直接カバーする自主基準ではない。,https://jsda.org/w/web_jftc/koutorikyo/jyokinhyouji.pdf; https://jsda.org/w/01_katud/a_sekken27.html,jr_069,,
420,fashion,420_fashion_clothing-deodorising-sprays.md,- 消費者庁は**「除菌」「ウイルス除去」をうたう雑貨の表示**について、**根拠のない表示に景表法の措置命令**を出した事例があります（2020年以降複数）。**試験条件を確認**。,- 消費者庁は**「除菌」「ウイルス除去」をうたう雑貨の表示**について、**根拠のない表示に景表法の措置命令**を出した事例があります（2022年の空間除菌商品、2024年1月の二酸化塩素製品4社など、2020年以降くり返し）。**試験条件を確認**。,2022年（大幸薬品）、2023年12月（空気清浄機2社）、2024年1月（二酸化塩素4社）、2025年8月（P&Gジャパン）と直近まで事例が続いており、年次を具体化できる。,https://www.caa.go.jp/notice/entry/027004/; https://www.caa.go.jp/notice/entry/023821/,jr_069,,
420,fashion,420_fashion_clothing-deodorising-sprays.md,- 消費者庁「除菌・ウイルス除去をうたう商品の表示に関する景品表示法の措置命令」   https://www.caa.go.jp/policies/policy/representation/fair_labeling/,- 消費者庁「二酸化塩素による空間除菌を標ぼうする商品に対する景品表示法に基づく措置命令」   https://www.caa.go.jp/notice/entry/027004/,記載のURLは景品表示法の一般ページで、表題が示す措置命令の資料そのものではない。個別の措置命令の公表ページを示すほうが対応が取れる。,https://www.caa.go.jp/notice/entry/027004/,jr_069,,
421,health,421_health_brushing-teeth-timing-and-floss.md,"| 歯磨き粉 | **フッ化物配合（1,450ppm、2017年に上限引き上げ）**。**磨いた後のうがいは少量の水で1回**（フッ素を残す） | 厚生労働省・日本口腔衛生学会 |","| 歯磨き粉 | **フッ化物配合（市販品は1,450ppm。2017年に上限が1,500ppmへ引き上げ）**。**磨いた後のうがいは少量の水で1回**（フッ素を残す） | 厚生労働省・日本口腔衛生学会 |","2017年3月17日通知で薬用歯みがき類のフッ化物濃度上限は1,500ppmに拡大。1,450ppmは市販品の表示値で、上限値ではない。",https://www.japal.org/dom/notice/2017031803.html; https://www.whitecross.co.jp/articles/view/444/0,jr_070,,
421,health,421_health_brushing-teeth-timing-and-floss.md,**6歳未満は量を減らす**。,"**6歳未満は年齢に応じて使用量を調整**（2023年の4学会推奨では0〜5歳も1,000ppmFで、量は米粒〜グリーンピース大）。","2023年1月1日の4学会合同推奨は6歳未満にも900〜1,000ppmFを推奨し、濃度ではなく使用量で調整する方針に変更された。",https://www.kokuhoken.or.jp/jsdh/news/2023/news_230106.pdf; https://www.jspd.or.jp/recommendation/article19/,jr_070,,
421,health,421_health_brushing-teeth-timing-and-floss.md,- 日本口腔衛生学会「フッ化物配合歯磨剤の推奨される利用方法」（2023年）   https://www.kokuhoken.or.jp/,- 日本口腔衛生学会ほか4学会「フッ化物配合歯磨剤の推奨される利用方法」（2023年1月1日）   https://www.kokuhoken.or.jp/jsdh/news/2023/news_230106.pdf,kokuhoken.or.jp のトップは口腔保健協会。日本口腔衛生学会のサイトは /jsdh/ 配下で、当該提言PDFは news_230106.pdf。提言は4学会合同。,https://www.kokuhoken.or.jp/jsdh/news/2023/news_230106.pdf,jr_070,,
421,health,421_health_brushing-teeth-timing-and-floss.md,| 定期健診 | **年1〜2回の歯科健診**。**「歯科健診の受診率」は健康日本21の目標** | 厚生労働省 |,| 定期健診 | **年1〜2回の歯科健診**。**健康日本21（第三次）は「過去1年間に歯科健診を受診した者」を令和14年度までに95%とする目標** | 厚生労働省 |,健康日本21（第三次、令和6年度〜）の目標はベースライン56.0%、令和14年度95%。現行計画名と目標値を明記するのが正確。,https://www.mhlw.go.jp/content/10904750/001707761.pdf; https://www.nibn.go.jp/eiken/kenkounippon21/kenkounippon21/mokuhyou3rd.html,jr_070,,
422,health,422_health_bad-breath.md,- 日本歯科医師会は、**口臭の約9割は口腔由来**で、**舌苔と歯周病**が主因と説明しています。**「胃から」は誤解として繰り返し指摘**。,- 日本歯科医師会は、**病的口臭の9割以上は口の中に原因がある**とし、**舌苔と歯周病**が主因と説明しています。**「胃から」は誤解として繰り返し指摘**。,日本歯科医師会「お口のなんでも相談（口臭）」の記載は「病的口臭の90%以上は口の中に原因」。対象を病的口臭に限定するのが原典に忠実。,https://www.jda.or.jp/consultation/vol-06.html,jr_070,,
422,health,422_health_bad-breath.md,- 公益社団法人日本歯科医師会「歯とお口の健康Q&A（口臭）」   https://www.jda.or.jp/,- 公益社団法人日本歯科医師会「お口のなんでも相談（口臭）」   https://www.jda.or.jp/consultation/vol-06.html,日本歯科医師会の口臭解説は「お口のなんでも相談」vol-06。トップURLでは該当資料に到達できない。,https://www.jda.or.jp/consultation/vol-06.html,jr_070,,
423,health,423_health_dry-eye-and-eye-drops.md,| 情報機器作業 | **連続1時間以内、10〜15分の休止**、**画面は目の高さより下**（見下ろすと目の開きが小さく乾きにくい） | 厚生労働省ガイドライン |,| 情報機器作業 | **連続1時間以内、10〜15分の休止**、**画面は目の高さより下**（見下ろすと目の開きが小さく乾きにくい） | 厚生労働省ガイドライン（令和3年改正） |,出典欄も改正年を示すほうが正確（令和3年12月1日一部改正）。,https://www.jaish.gr.jp/anzen/hor/hombun/hor1-62/hor1-62-33-1-0.htm,jr_070,,
423,health,423_health_dry-eye-and-eye-drops.md,「まばたきを増やす（画面を見ると回数が1/3に減る）」,「まばたきを増やす（画面注視で回数が1/3〜1/4に減る）」,内部矛盾。同記事の表は「通常1分に約20回→画面注視で約5〜7回」で、これは1/3〜1/4であり導入の「1/3」と一致しない。,https://kompas.hosp.keio.ac.jp/disease/000193/,jr_070,,
423,health,423_health_dry-eye-and-eye-drops.md,"| ドライアイの推計 | **約2,000万人**（日本） | 日本眼科学会・ドライアイ研究会 |","| ドライアイの推計 | **約2,200万人**（日本） | ドライアイ研究会 |","ドライアイ研究会の現行推計は国内約2,200万人（発足当時は800万人）。日本眼科学会の解説ページには人数推計の記載がなく、帰属も研究会に一本化するのが正確。",https://dryeye.ne.jp/about/greeting/; https://www.ncgg.go.jp/hospital/iryokankei/letter/072.html,jr_070,,
423,health,423_health_dry-eye-and-eye-drops.md,"画面を見る時間の増加で、目の乾き・疲れを訴える人は日本で約2,000万人と推計されます。","画面を見る時間の増加で、ドライアイの人は日本で約2,200万人と推計されます。","表の修正に合わせ導入部も2,200万人に統一（ドライアイ研究会の推計）。",https://dryeye.ne.jp/about/greeting/,jr_070,,
423,health,423_health_dry-eye-and-eye-drops.md,- 公益財団法人日本眼科学会「ドライアイ」（目の病気）   https://www.nichigan.or.jp/public/disease/,- 公益財団法人日本眼科学会「ドライアイ」（目の病気）   https://www.nichigan.or.jp/public/disease/name.html?pdid=9,日本眼科学会のドライアイ解説の実URLは name.html?pdid=9。一覧URLでは該当記述に到達できない。,https://www.nichigan.or.jp/public/disease/name.html?pdid=9,jr_070,,
424,health,424_health_ear-cleaning.md,日本耳鼻咽喉科頭頸部外科学会は「耳掃除は基本的に不要、するなら月1〜2回、入口から1cm程度まで」と案内し、,日本耳鼻咽喉科頭頸部外科学会は「自浄作用があるので多少の耳垢なら家庭で無理に取る必要はない」と案内しており（するなら月1回程度・入口から1cm程度までが耳鼻科の一般的な目安）、,学会ページの記載は自浄作用と「入浴後にぬれた耳を軽く拭う程度」で、「月1〜2回」という頻度は学会文言としては確認できない（耳鼻科クリニックの一般的な目安）。,https://www.jibika.or.jp/modules/disease_kids/index.php?content_id=2,jr_070,,
425,health,425_health_nail-cutting-and-ingrown-nails.md,- 一般社団法人日本フットケア・足病医学会「正しい爪の切り方」   https://jfcpm.org/,- 一般社団法人日本フットケア・足病医学会「家庭でできる足のケア（爪ケア編）」   https://jfcpm.org/column/no7/index.html,学会サイトに「正しい爪の切り方」という表題の一般向け記事は確認できず、該当内容はコラム「家庭でできる足のケア（爪ケア編）」。,https://jfcpm.org/column/no7/index.html,jr_070,,
425,health,425_health_nail-cutting-and-ingrown-nails.md,- 公益社団法人日本皮膚科学会「皮膚真菌症診療ガイドライン」（爪白癬）   https://www.dermatol.or.jp/dermatol/wp-content/uploads/xoops/files/guideline/,- 公益社団法人日本皮膚科学会「日本皮膚科学会皮膚真菌症診療ガイドライン2019」（爪白癬）   https://minds.jcqhc.or.jp/summary/c00549/,現行版は2019年12月20日発行の「皮膚真菌症診療ガイドライン2019」（10年ぶりの改訂）。版年の明記と到達可能なURLが必要。,https://minds.jcqhc.or.jp/summary/c00549/; https://www.jstage.jst.go.jp/article/dermatol/129/13/129_2639/_article/-char/ja/,jr_070,,
426,health,426_health_low-temperature-burns.md,| **使い捨てカイロ** | **40〜60℃（最高温度は60℃超も）** | **肌に直接貼らない**（衣類の上）、**就寝時は使わない**、**同じ場所に長時間当てない** |,| **使い捨てカイロ** | **平均温度50℃前後・最高温度63℃以下（JIS S 4100の表示温度）** | **肌に直接貼らない**（衣類の上）、**就寝時は使わない**、**同じ場所に長時間当てない** |,使いすてかいろはJIS S 4100で表示温度が規定され、最高温度63℃以下・平均温度50℃前後が一般的（例：桐灰カイロはる＝最高63℃／平均53℃）。「最高温度は60℃超も」は例外的な表現で、規格上の上限を示すほうが正確。,https://kikakurui.com/s/S4100-2007-01.html; https://www.kobayashi.co.jp/brand/kiribai/lineup/maguma.html; https://products.st-c.co.jp/support/faq/detail/11299/,jr_071,,
426,health,426_health_low-temperature-burns.md,- **対処**：**流水で冷やす（15〜30分）**、**水ぶくれは破らない**、**衣類を無理に剥がさない**、**医療機関（皮膚科・形成外科）へ**。**軟膏・アロエ・味噌などの民間療法は不可**。,- **対処**：**流水で冷やす（痛みが和らぐまで10〜20分程度。氷・保冷剤を直接当てない）**、**水ぶくれは破らない**、**衣類を無理に剥がさない**、**医療機関（皮膚科・形成外科）へ**。**軟膏・アロエ・味噌などの民間療法は不可**。,日本熱傷学会・日本創傷外科学会の一般向け解説は「水道水などのきれいな流水で痛みが和らぐまで10〜20分程度」「氷や保冷剤を直接当てない（凍傷の危険）」としている。15〜30分という幅は出典により異なり、直接冷却の禁止注意が抜けている。,http://www.jsbi-burn.org/ippan/chishiki/outline.html; https://www.jsswc.or.jp/general/yakedo.html,jr_071,,
428,health,428_health_fall-prevention-and-locomotive-syndrome.md,**骨密度（骨粗鬆症）の検査と治療**で骨折リスクは下がります。**女性は閉経後、男性は70歳以降に検査**が目安。**一度転んだ人は再転倒のリスクが高く、原因の見直し**を。,**骨密度（骨粗鬆症）の検査と治療**で骨折リスクは下げられます。**公的な骨粗鬆症検診は40〜70歳の女性を対象に5歳刻みで実施**されており、**男性や対象年齢外の人は、骨折歴・体格・服薬などのリスクに応じて医師に相談**を。**一度転んだ人は再転倒のリスクが高く、原因の見直し**を。,健康増進法に基づく骨粗鬆症検診の対象は40・45・50・55・60・65・70歳の女性で、「男性は70歳以降に検査」という公的な目安はない。骨粗鬆症の予防と治療ガイドラインは2025年8月に10年ぶりに改訂（2025年版）されており、検査の考え方は最新版で確認が必要。,https://www.lifescience.co.jp/shop2/index_0267.html; https://www.jadecom.or.jp/upload/2025/10/16/%E9%AA%A8%E7%B2%97%E9%AC%86%E7%97%87%E6%B2%BB%E7%99%82%E3%82%AC%E3%82%A4%E3%83%89%E3%83%A9%E3%82%A4%E3%83%B32025%E5%B9%B4%E7%89%88%E3%81%AE%E7%99%BA%E8%A1%A8_%E5%BC%98%E7%94%B0%E7%BE%A9%E4%BA%BA_20251015.pdf,jr_071,,
429,health,429_health_strength-training-frequency.md,筋力トレーニングは、2023年の厚生労働省のガイドで初めて全成人に「週2〜3日」と明記され、日本でも関心が高まりました。「毎日やるほどよい」「高齢者には危険」「回数は多いほど」といった誤解を、ガイドと運動生理学の一般的な説明から整理します。,筋力トレーニングは、厚生労働省「健康づくりのための身体活動・運動ガイド2023」（2024年1月公表）で初めて成人・高齢者ともに「週2〜3日」と明記され、日本でも関心が高まりました。「毎日やるほどよい」「高齢者には危険」「回数は多いほど」といった誤解を、ガイドと運動生理学の一般的な説明から整理します。,同ガイドは「令和6年1月」付で公表されており、名称は2023だが公表は2024年1月。「2023年の厚生労働省のガイド」だと公表年と誤読される。,https://www.mhlw.go.jp/content/001194020.pdf; https://www.mhlw.go.jp/content/001204942.pdf,jr_071,,
429,health,429_health_strength-training-frequency.md,- 厚生労働省 e-ヘルスネット「レジスタンス運動」   https://kennet.mhlw.go.jp/information/information/exercise/s-05-003.html,- 厚生労働省 e-ヘルスネット「レジスタンス運動」   https://kennet.mhlw.go.jp/information/information/dictionary/exercise/ys-058.html,e-ヘルスネットの「レジスタンス運動」の用語解説ページは /information/information/dictionary/exercise/ys-058.html。記載のURLは検索でヒットせず、リンク切れの可能性がある（併せてガイド2023の情報シート /exercise/s-00-005.html も参照先候補）。,https://kennet.mhlw.go.jp/information/information/dictionary/exercise/ys-058.html; https://kennet.mhlw.go.jp/information/information/exercise/s-00-005.html,jr_071,,
430,health,430_health_hangover-remedies.md,| **迎え酒** | **症状を一時的にごまかし、分解を遅らせる**。**アルコール依存のリスク** |,| **迎え酒** | **新たなアルコールで感覚が鈍り、症状を一時的にごまかすだけ**。**アセトアルデヒドがさらに生じ、回復は先送り**。**アルコール依存のリスク** |,「迎え酒が分解を遅らせる」はメタノール競合などの仮説で確立していない。一般的な説明は、エタノールの中枢抑制作用で頭痛・吐き気が鈍るだけで、飲んだ分のアセトアルデヒドが新たに生じるというもの。断定を避けた表現が適切。,https://www.eisai.jp/articles/hangover/hangover01; https://kennet.mhlw.go.jp/information/information/dictionary/alcohol/ya-005.html,jr_071,,
430,health,430_health_hangover-remedies.md,**分解を遅らせ、症状を先送り**。**依存の入口**とされます。,**感覚が鈍って症状をごまかすだけで、回復は先送り**。**依存の入口**とされます。,上記と同じ。迎え酒がアセトアルデヒドの分解速度を遅らせるという点は根拠が確立していないため、「症状をごまかすだけ」という説明にとどめるのが妥当。,https://www.eisai.jp/articles/hangover/hangover01,jr_071,,
430,health,430_health_hangover-remedies.md,- **日本人の約40%はアセトアルデヒド分解酵素（ALDH2）の働きが弱く**、顔が赤くなりやすい。**この体質の人は少量でも二日酔いしやすく、食道がん等のリスクも高い**とされます。,- **日本人はALDH2（アセトアルデヒド分解酵素）の低活性型が約40%、まったく働かない失活型が約4%**で、**あわせて4割強**が顔が赤くなりやすい体質です。**この体質の人は少量でも二日酔いしやすく、飲酒を続けると食道がん・頭頸部がんのリスクが高い**とされます。,e-ヘルスネット等では日本人のALDH2は活性型約56%、低活性型約40%、失活型約4%とされ、「働きが弱い人」は合計で4割強。40%は低活性型のみの数字で、失活型が抜けている。,https://kennet.mhlw.go.jp/information/information/dictionary/alcohol/ya-007.html; https://kennet.mhlw.go.jp/information/information/alcohol/a-01-008.html,jr_071,,
431,trend,431_trend_cleaning-the-fridge.md,- **リステリア菌**は**4℃でも増殖**し、**ナチュラルチーズ・生ハム・スモークサーモン**などで問題になることがあります。**妊娠中・高齢者は注意**（厚生労働省）。,- **リステリア菌**は**0℃前後でも増殖**（発育温度域は約−0.4〜45℃、塩分10%程度でも増える）し、**ナチュラルチーズ・生ハム・スモークサーモン**などで問題になることがあります。**妊娠中・高齢者は注意**（厚生労働省）。,リステリア・モノサイトゲネスの発育温度域は−0.4〜45℃。「4℃でも増殖」は誤りではないが下限が甘く、冷蔵庫を4℃未満にすれば安全という誤読を招きうる。,https://www.hokeniryo1.metro.tokyo.lg.jp/shokuhin/micro/listeria.html; https://www.shokukanken.com/colum/colum-27365/,jr_072,,
432,trend,432_trend_electric-kettle-and-pot-care.md,- 独立行政法人製品評価技術基盤機構（NITE）「電気ケトル・電気ポットの事故」   https://www.nite.go.jp/jiko/chuikanki/,- 独立行政法人製品評価技術基盤機構（NITE）「製品安全情報マガジン Vol.495 電気ケトルの事故」（2026年2月24日号）   https://www.nite.go.jp/jiko/chuikanki/mailmagazin/2025fy/vol495_260224.html,記事のURLは注意喚起の索引ページ。電気ケトルの事故を扱った最新号は2026年2月24日号（Vol.495）で、2024年1月30日号（Vol.445）にも同テーマがある。,https://www.nite.go.jp/jiko/chuikanki/mailmagazin/2025fy/vol495_260224.html; https://www.nite.go.jp/jiko/chuikanki/mailmagazin/2023fy/vol445_240130.html,jr_072,,
432,trend,432_trend_electric-kettle-and-pot-care.md,**クエン酸を水1Lに大さじ1（約15g）溶かして沸騰→1〜2時間放置→捨ててすすぐ**。,**クエン酸を水1Lに大さじ1〜2（約15〜30g）溶かして沸騰→1〜2時間放置→捨ててすすぐ**（**取扱説明書に分量の指定があればそれを優先**。水0.8Lに30gを指定する製品もある）。,メーカー指定量は記事の分量より多い例がある（例：シロカの温度調節電気ケトルは水0.8Lにクエン酸30g）。一般的な目安も水1Lあたり15〜30gとされる。,https://www.siroca.co.jp/support/%E6%B8%A9%E5%BA%A6%E8%AA%BF%E7%AF%80%E9%9B%BB%E6%B0%97%E3%82%B1%E3%83%88%E3%83%AB%EF%BC%9A%E3%82%AF%E3%82%A8%E3%83%B3%E9%85%B8%E6%B4%97%E6%B5%84%E3%81%AE%E3%81%97%E3%81%8B%E3%81%9F%E3%82%92%E6%95%99%E3%81%88%E3%81%A6%E3%81%8F%E3%81%A0%E3%81%95%E3%81%84-5f4cb12cd31088001e8bf7d7,jr_072,,
434,trend,434_trend_canned-and-retort-foods-after-opening.md,| 製法 | **密封して加圧加熱殺菌（120℃・4分以上相当）** | **同じ（パウチに密封して加圧加熱）** |,| 製法 | **密封して加熱殺菌**。**pH4.6超・水分活性0.94超の食品は120℃・4分間相当以上の加圧加熱殺菌**が基準で、**果物など酸性のものは100℃以下の殺菌** | **同じ（パウチに密封して加圧加熱）** |,食品衛生法の容器包装詰加圧加熱殺菌食品の基準は「pHが4.6を超え、かつ水分活性が0.94を超えるもの」に120℃4分間（または同等以上）を求めるもので、酸性の果物缶詰などには適用されない。,https://www.forth.go.jp/keneki/osaka/syokuhin-kanshi/foodstandard_youkihousoudumekaatsukanetsusakkinshokuhin.html; https://www.mhlw.go.jp/topics/bukyoku/iyaku/syoku-anzen/jigyousya/shokuhin_kikaku/dl/23.pdf,jr_072,,
435,trend,435_trend_dashi-packs-and-granules.md,- **うま味調味料（グルタミン酸ナトリウム、MSG）**は**食品添加物として国内外で安全性が評価**され、**「体に悪い」とする科学的根拠は確認されていない**（食品安全委員会・FAO/WHO）。**塩分のほうが実際の課題**。,- **うま味調味料（グルタミン酸ナトリウム、MSG）**は**食品添加物として国内外で安全性が評価**されており、**FAO/WHO合同専門家会議（JECFA）は1987年に一日摂取許容量（ADI）を「特定しない」と評価**（欧州EFSAは2017年にグルタミン酸類のグループADIを体重1kgあたり1日30mgと設定）。**通常の使い方で「体に悪い」とする科学的根拠は確認されていない**一方、**塩分のほうが実際の課題**。,JECFAは1987年にL-グルタミン酸およびその塩類のグループADIを「特定しない」と評価。EFSAはグルタミン酸類にグループADI 30mg/kg体重/日を設定しており、「評価済み」だけでは実態を表しきれない。,https://eiyokentei.or.jp/blog/2003/; https://ja.wikipedia.org/wiki/%E3%82%B0%E3%83%AB%E3%82%BF%E3%83%9F%E3%83%B3%E9%85%B8%E3%83%8A%E3%83%88%E3%83%AA%E3%82%A6%E3%83%A0,jr_072,,
435,trend,435_trend_dashi-packs-and-granules.md,- **「風味調味料」**は**JAS（日本農林規格）の区分**で、**「だしの素」と呼ばれる顆粒の正式な分類**。,- **「風味調味料」**は**JAS（日本農林規格）が定める区分**（昭和50年農林省告示第310号、現行は JAS 0310）で、**「だしの素」と呼ばれる顆粒の分類**。**規格では風味原料（節類・煮干魚類・昆布・貝柱・乾しいたけ等）の配合割合8.3%以上などを定めます**（JAS規格自体は任意の規格）。,風味調味料のJAS規格は「調味料（アミノ酸等）及び風味原料に砂糖類、食塩等を加え乾燥し粉末状・か粒状等にしたもの」と定義し、風味原料の配合割合8.3%以上を要件とする。JASは任意規格である点も補うと正確。,https://www.maff.go.jp/j/jas/jas_kikaku/pdf/06_kikaku_fuumi_tyoumi_150528.pdf; https://www.maff.go.jp/j/jas/jas_standard/attach/pdf/index-36.pdf,jr_072,,
436,trend,436_trend_storing-dried-foods.md,**表面の白い粉はマンニット（旨味）、拭かない**。湿気でカビ,**表面の白い粉はマンニット（旨味）、洗い流さない**（気になれば固く絞ったぬれ布巾で軽く）。湿気でカビ,日本昆布協会は洗い流さないことを求める一方、固く絞ったぬれ布巾で軽くふく扱いを案内している。,https://kombu.or.jp/qanda,jr_073,,
436,trend,436_trend_storing-dried-foods.md,- 国民生活センター「開封後の小麦粉等に発生したダニによるアレルギー」   https://www.kokusen.go.jp/,- 東京都保健医療局「食品安全FAQ：開封後の粉製品に繁殖したダニによる即時型アレルギー」   https://www.hokeniryo.metro.tokyo.lg.jp/anzen/anzen/food_faq/sonota/sonota15 - 農研機構 食品害虫サイト「ダニを誤食して起こるアレルギー症状」   https://www.naro.affrc.go.jp/org/nfri/yakudachi/gaichu/column/column_032.html,この表題の国民生活センター公表資料を検索で特定できなかった。粉製品のダニ由来アレルギー（経口ダニアナフィラキシー）は東京都保健医療局の食品安全FAQと農研機構の解説で確認できるため、確実に到達できる出典に差し替えるのが安全。,https://www.hokeniryo.metro.tokyo.lg.jp/anzen/anzen/food_faq/sonota/sonota15; https://www.naro.affrc.go.jp/org/nfri/yakudachi/gaichu/column/column_032.html,jr_073,,
436,trend,436_trend_storing-dried-foods.md,- 日本昆布協会「昆布のQ&A」   https://kombu.or.jp/,- 日本昆布協会「こんぶネット よくある質問（昆布Q&A）」   https://kombu.or.jp/qanda,日本昆布協会のサイト名は「こんぶネット」で、Q&Aは https://kombu.or.jp/qanda 。ドメインは正しいが、参照先ページを直接示すほうが検証しやすい。,https://kombu.or.jp/qanda,jr_073,,
437,trend,437_trend_washing-vegetables.md,**流水で30秒程度、こすり洗い**。,**流水で30秒以上、こすり洗い**。,公的・研究機関の案内は「流水で30秒以上」。『30秒程度』は上限のように読めるため、下限として書くほうが原案内に沿う。,https://www.hokeniryo.metro.tokyo.lg.jp/anzen/anzen/food_faq/zanryu/zanryu07,jr_073,,
438,trend,438_trend_dishwashing-and-dishwashers.md,| 水の使用量（1回・5人分） | **約40〜80L**（流し洗い） | **約10〜12L** |,| 水の使用量（1回・5人分） | **約65L**（流し洗い・資源エネルギー庁の試算条件） | **約7.5〜11L** |,資源エネルギー庁「家庭の省エネ徹底ガイド」の比較条件は手洗い1回約65L、食洗機1回7.5〜11L。記事の幅は出典の数値と対応していない。,https://www.enecho.meti.go.jp/category/saving_and_new/saving/general/howto/kitchen/index.html; https://panasonic.jp/life/housework/100145.html,jr_073,,
438,trend,438_trend_dishwashing-and-dishwashers.md,"| 年間の光熱費（給湯含む） | **約2万5,000円**（給湯40℃で流し洗い） | **約1万7,000円**（電気＋水道） |","| 年間の光熱費（給湯含む） | **約2万4,800円**（給湯40℃・1回65Lで流し洗い、ガス＋水道） | **約1万6,600円**（電気＋水道） |","資源エネルギー庁の試算に基づく一般的な引用値は手洗い約24,780円（ガス＋水道）、食洗機約16,640円（電気＋水道）。記事の丸めは出典値とずれる。",https://panasonic.jp/life/housework/100145.html; https://www.enecho.meti.go.jp/category/saving_and_new/saving/general/howto/kitchen/index.html,jr_073,,
440,trend,440_trend_kitchen-waste-odour.md,| **生ごみ処理機（乾燥式・バイオ式）** | **多くの自治体が購入費の1/2〜2/3（上限2〜3万円）を補助** |,| **生ごみ処理機（乾燥式・バイオ式）** | **多くの自治体が購入費の1/2〜3/4を補助**。**上限額は自治体差が大きく1万円程度〜数万円**（お住まいの自治体で要確認） |,補助率・上限は自治体ごとに大きく異なる（川崎市は1/2・上限1万円、町田市は3/4以内・上限1万5千円、上限2万円の例のほか熊本県天草市の最大7万円など）。『上限2〜3万円』と一律に読める記述は実態と合わない。,https://hojonavi.com/kanagawa/kawasaki-shi/composter; https://www.city.machida.tokyo.jp/kurashi/kankyo/gomi/event/namagomi/hojyoseido/namagomisyoriki.html; https://hojyokin-concierge.com/media/2024/08/15/namagomi-shoriki-joseikin,jr_073,,
440,trend,440_trend_kitchen-waste-odour.md,**自治体の補助（1/2〜2/3、上限2〜3万円）**があることが多い。**段ボールコンポスト**は数百円から。,**自治体の補助（購入費の1/2〜3/4程度、上限は自治体により1万円程度〜数万円）**があることが多い。**段ボールコンポスト**は数百円から。,同上。補助率・上限額は自治体差が大きい。,https://hojonavi.com/kanagawa/kawasaki-shi/composter; https://www.city.machida.tokyo.jp/kurashi/kankyo/gomi/event/namagomi/hojyoseido/namagomisyoriki.html,jr_073,,
440,trend,440_trend_kitchen-waste-odour.md,| **酸性のにおい** | 腐敗で酸性に | **重曹をふりかける**（アルカリで中和） |,| **においの成分** | 腐敗で酸性の成分が出る一方、たんぱく質が腐るとアンモニアなど塩基性の成分も出る | **重曹をふりかける**（酸性のにおいの中和に。アンモニア臭には効きにくい） |,生ごみのにおいは有機酸だけでなく、たんぱく質由来のアンモニア・アミン、硫黄化合物が混ざる。重曹（弱アルカリ）は酸性のにおいにしか働かないため、『腐敗で酸性に』と一括するのは不正確。,https://www.city.machida.tokyo.jp/kurashi/kankyo/gomi/event/namagomi/mizukiri.html,jr_073,,
440,trend,440_trend_kitchen-waste-odour.md,生ごみのにおいは夏の台所の最大の悩みで、収集日が週2回の日本では,生ごみのにおいは夏の台所の最大の悩みで、可燃ごみの収集が週2回程度の自治体が多い日本では,可燃ごみの収集回数は自治体ごとに異なり（週2回が多いが週3回・週1回の地域もある）、全国一律ではない。,https://www.city.machida.tokyo.jp/kurashi/kankyo/gomi/event/namagomi/mizukiri.html,jr_073,,
451,wisdom,451_wisdom_humidifiers-in-winter.md,"Higher power (**200–400 W**), hot water hazard for children","Higher power (**about 300 W while humidifying, and up to roughly 1,000 W while boiling up**), hot water hazard for children",Zojirushi steam models EE-DC35/50 draw 985 W while heating the water and about 305 W while humidifying; ultrasonic types are 20–50 W. The stated 200–400 W omits the boil-up load that drives the running cost.,https://denki.docomo.ne.jp/article/93_electricity_bill_for_zojirushi_humidifier.html; https://enechange.jp/articles/humidifier,jr_074,,
452,wisdom,452_wisdom_slippers-and-house-shoes.md,**Fall risk**: **backless slippers are a documented cause of falls among the elderly**,**Fall risk**: **backless slippers slip off easily and are treated as a fall risk for older people in home-safety guidance**,"Consumer Affairs Agency material on older people's falls recommends non-slip measures and warns about slipping on flooring, but does not publish a figure attributing falls to backless slippers; “documented cause” overstates the evidence.",https://www.caa.go.jp/policies/policy/consumer_safety/caution/caution_040/assets/consumer_safety_cms204_201008_01.pdf,jr_074,,
452,wisdom,452_wisdom_slippers-and-house-shoes.md,- Consumer Affairs Agency — Preventing falls among older people at home (footwear)   https://www.caa.go.jp/policies/policy/consumer_safety/caution/,"- Consumer Affairs Agency — Falls among older people (“Fall Prevention Day” alert, 8 Oct 2020)   https://www.caa.go.jp/policies/policy/consumer_safety/caution/caution_040/",The cited URL is only the index of all CAA safety alerts; the fall-prevention alert for older people is caution_040 (and the elderly-accident series is caution_009).,https://www.caa.go.jp/policies/policy/consumer_safety/caution/caution_040/assets/consumer_safety_cms204_201008_01.pdf; https://www.caa.go.jp/policies/policy/consumer_safety/caution/caution_009/,jr_074,,
453,wisdom,453_wisdom_neighbourhood-festivals-matsuri.md,"the **portable shrine (mikoshi) weighs 300–1,000 kg** and is carried by **20–60 people in shifts**","a neighbourhood **mikoshi (portable shrine) usually weighs 300–1,000 kg** — the big city ones run to 1–2 tonnes — and is carried by **20–60 people in shifts**","Mikoshi range from about 18 kg (children's) to 550 kg for a 105 cm daiwa; famous ones such as the Gion Matsuri mikoshi weigh about 2 tonnes and need 100+ carriers, so 300–1,000 kg is a neighbourhood-scale figure, not a general one.",https://ja.wikipedia.org/wiki/%E7%A5%9E%E8%BC%BF; https://kizinonakime.com/gionmatsuri-mikoshi-omosa-5202,jr_074,,
453,wisdom,453_wisdom_neighbourhood-festivals-matsuri.md,**Bon odori is taught by doing**; the steps repeat every 16 beats and children lead.,"**Bon odori is taught by doing**; each dance is a short step sequence repeated over and over, and children lead.","No source gives a general “16 beats” cycle; step counts differ by dance (Tokyo Ondo, Tanko Bushi, Kawachi Ondo and regional dances all differ), so the specific number is not supportable.",,jr_074,,
454,wisdom,454_wisdom_the-kairo-heat-pad.md,the **shoe-insert type** runs cooler (~40°C) because feet have less airflow.,the **shoe-insert type** runs cooler (labels typically show a maximum of about **39–45°C** and an average of **34–38°C**) because feet have less airflow.,"Tokyo Metropolitan Consumer Centre test and product labels: shoe/sock kairo max 39–45°C, average 34–38°C, duration around 5–9 h — the average, not the peak, is near 40°C.",https://www.shouhiseikatu.metro.tokyo.lg.jp/anzen/test/documents/kairo.pdf,jr_074,,
455,wisdom,455_wisdom_the-kyuusu-teapot-and-tea-tools.md,Pour boiling water in to **drop it about 10°C**; a second pour drops it again,Pour boiling water in to **drop it about 5–10°C**; a second pour drops it again,"Japanese tea guidance gives a fall of roughly 5–10°C each time the water is transferred between vessels, depending on vessel size and material.",https://ochakin.co.jp/yuzamsi.html; https://www.cha-noba.com/view/page/yuzamashi-tsukaikata,jr_074,,
455,wisdom,455_wisdom_the-kyuusu-teapot-and-tea-tools.md,"**Tokoname** (Aichi) makes most Japanese kyūsu; a hand-made one costs **¥3,000–20,000**, a basic one **¥1,000**.","**Tokoname** (Aichi) is said to account for roughly **90% of Japanese kyūsu production**; a hand-made one costs **¥3,000–20,000**, a basic one **¥1,000**.",Tokoname is commonly credited with about 90% of Japan's kyusu output; giving the share is more useful and more checkable than “most”.,https://shikinobi.com/tokoname_kyuusu; https://www.tokoname-kankou.net/tokonameyaki/miryoku/,jr_074,,
455,wisdom,455_wisdom_the-kyuusu-teapot-and-tea-tools.md,"cooled water, **60–90 seconds**, pour **to the last drop**","cooled water, **about 30–90 seconds depending on the leaf** (deep-steamed sencha needs the shorter end), pour **to the last drop**","Standard guidance is 60 seconds for ordinary sencha and about 30 seconds for fukamushi (deep-steamed) sencha, which is now very common; a flat 60–90 seconds over-steeps it.",https://www.nihoncha-inst.com/basic/basic5.html; https://www.uji-en.co.jp/pages/%E3%81%8A%E8%8C%B6%E3%81%AE%E6%B7%B9%E3%82%8C%E6%96%B9-%E3%81%8A%E6%B9%AF%E3%81%AE%E6%B8%A9%E5%BA%A6%E3%81%A8%E6%8A%BD%E5%87%BA%E6%99%82%E9%96%93,jr_074,,
455,wisdom,455_wisdom_the-kyuusu-teapot-and-tea-tools.md,- Japan Tea Central Public Interest Incorporated Association — How to brew Japanese tea; tea tools   https://www.nihon-cha.or.jp/,- Japan Tea Central Association (公益社団法人日本茶業中央会) — How to brew Japanese tea; tea tools   http://www.nihon-cha.or.jp/,"The body's usual English name is the Japan Tea Central Association; its site is served over http (www.nihon-cha.or.jp), so the https form in the article may not resolve.",http://www.nihon-cha.or.jp/; https://nihon-cha.or.jp/society.html,jr_074,,
457,wisdom,457_wisdom_the-hyakkin-100-yen-shop-at-home.md,"**Prices tier to ¥300–500 for larger items**, and **tax adds 10%**: ¥110 at the till. Still cheap; just not literally 100.","**Prices tier to ¥300–500 for larger items**, and **tax adds 10%** on non-food goods (**8% on food**): ¥110 — or ¥108 — at the till. Still cheap; just not literally 100.","Japan's reduced consumption-tax rate of 8% applies to food and drink, which 100-yen shops also sell; only non-food goods carry 10%.",https://www.nta.go.jp/taxes/shiraberu/zeimokubetsu/shohi/keigenzeiritsu/01.htm,jr_075,,
458,wisdom,458_wisdom_the-japanese-bathroom-fan-and-drying.md,**Ventilation costs about ¥1 an hour and prevents the mould that costs a weekend to remove.** Leave it running after baths; leave 24-hour units on.,**Ventilation costs well under ¥1 an hour and prevents the mould that costs a weekend to remove.** Leave it running after baths; leave 24-hour units on.,"20 W × 1 h ≈ 0.02 kWh ≈ ¥0.5–0.6 at around ¥30/kWh, so 'about ¥1' overstates it.",https://enechange.jp/articles/ventilating-fan,jr_075,,
458,wisdom,458_wisdom_the-japanese-bathroom-fan-and-drying.md,"| **Ventilate (換気)** | Exhausts humid air | **During bathing and 1–2 h after**, or **24 h on low** (mandated in homes built since 2003) |","| **Ventilate (換気)** | Exhausts humid air | **During bathing and 1–2 h after**, or **24 h on low** (homes built since the 2003 Building Standards Act revision must be able to change the air 0.5×/hour continuously) |","The July 2003 sick-house revision of the Building Standards Act requires a ventilation system capable of 0.5 air changes per hour for habitable rooms of the whole dwelling; the bathroom fan is usually the exhaust point of that system, not itself the object of the mandate.",https://www.mitsubishielectric.co.jp/ldm/ventilationfan/knowledge/detail_03.html; https://www.mlit.go.jp/jutakukentiku/build/sickhouse.html,jr_075,,
459,wisdom,459_wisdom_seasonal-air-conditioner-care.md,"| **Professional cleaning** | **Every 2–4 years**, more with pets or smokers | **¥10,000–15,000** per unit; they dismantle and wash the fins and fan |","| **Professional cleaning** | **Every 2–4 years**, more with pets or smokers | **¥8,000–12,000** per unit for a standard wall unit (**¥18,000+ for self-cleaning models**); they dismantle and wash the fins and fan |","2026 market surveys put a wall-mounted unit without an automatic filter-cleaning function at roughly ¥8,000–12,000 (national average ~¥7,900); units with the self-cleaning mechanism cost markedly more.",https://curama.jp/aircon/wall/magazine/226/; https://meetsmore.com/services/air-conditioner-cleaning/media/272267,jr_075,,
460,wisdom,460_wisdom_reading-a-japanese-utility-bill.md,"| Line | What it is | Typical figure (Tokyo area, 2025) |","| Line | What it is | Typical figure (Tokyo area, 2026) |","Today is September 2026; the tier prices shown (¥29.80 / ¥36.40 / ¥40.49 per kWh on TEPCO 従量電灯B) are still current in 2026, so the column should be dated 2026.",https://enegent.jp/articles/tepco-juryou-b-tanka,jr_075,,
460,wisdom,460_wisdom_reading-a-japanese-utility-bill.md,"| **Basic charge (基本料金)** | By **contracted amperage** (10–60 A); higher amperage lets you run more at once | **30 A ≈ ¥900/month; 40 A ≈ ¥1,200** |","| **Basic charge (基本料金)** | By **contracted amperage** (10–60 A); higher amperage lets you run more at once | **30 A ≈ ¥935/month; 40 A ≈ ¥1,247** |","TEPCO 従量電灯B charges ¥311.75 (tax incl.) per 10 A, giving ¥935.25 at 30 A and ¥1,247.00 at 40 A — consistent with the article's later '~¥300/month' figure for a 30→40 A change.",https://enegent.jp/articles/tepco-juryou-b-tanka,jr_075,,
460,wisdom,460_wisdom_reading-a-japanese-utility-bill.md,**propane (LP gas)** in rural areas and some flats is **2–3× the price** and set by the supplier,**propane (LP gas)** in rural areas and some flats is typically **1.5–2× the price** and set by the supplier (since April 2025 suppliers must show equipment costs separately from the gas charge),Comparisons of household bills put LP gas at roughly 1.5–2 times city gas for the same usage (the gap widens at low volumes). A revised LP Gas Act ministerial ordinance in force from 2 April 2025 requires the three-part tariff with equipment costs shown separately.,https://selectra.jp/lpgas/guides/ryokin/toshigas-nedan-chigai; https://www.meti.go.jp/press/2025/04/20250402001/202500402001.html,jr_075,,
460,wisdom,460_wisdom_reading-a-japanese-utility-bill.md,**LP gas is typically 2–3 times city gas** and is priced by the supplier. Ask which a rental has before signing.,**LP gas is typically 1.5–2 times city gas** and is priced by the supplier. Ask which a rental has before signing.,"Same as above: published bill comparisons give roughly 1.5–2×, not 2–3×.",https://selectra.jp/lpgas/guides/ryokin/toshigas-nedan-chigai; https://enepi.jp/articles/206,jr_075,,
460,wisdom,460_wisdom_reading-a-japanese-utility-bill.md,"- **Payment**: bank transfer, credit card, or **at a convenience store with the barcode slip** (see the convenience store article). **Unpaid bills → disconnection after about a month's notice**.","- **Payment**: bank transfer, credit card, or **at a convenience store with the barcode slip** (see the convenience store article). **Unpaid bills → supply is cut about 20 days after the payment due date, following a written notice**.","TEPCO cuts supply once about 20 days have passed from the day after the payment due date, after sending a notice card — sooner than 'about a month's notice'.",https://support.tepco.co.jp/hc/ja/articles/360058085333; https://denki.docomo.ne.jp/article/110_electricity_stopped.html,jr_075,,
461,beauty,461_beauty_face-washing-water-temperature.md,## A. 基本は「手で触って少しぬるい」と感じる32〜35℃前後のぬるま湯。40℃以上の熱い湯は皮脂を落とし過ぎて乾燥・つっぱりの原因になり、冷水は皮脂と洗顔料が落ちきらず残りやすい。すすぎは20回前後を目安に、生え際・あご下・耳の前まで。,## A. 基本は「手で触って少しぬるい」と感じる32〜35℃前後のぬるま湯。40℃前後より熱い湯は皮脂を落とし過ぎて乾燥・つっぱりの原因になり、冷水は皮脂と洗顔料が落ちきらず残りやすい。すすぎは20〜30回を目安に、生え際・あご下・耳の前まで。,皮膚科系の解説では「すすぎは最低20〜30回」が目安として示されることが多い。また本文の「40℃以上」は、表で38〜40℃を『乾燥肌・敏感肌は避ける』、42℃以上を『不向き』としている記述と噛み合っていない。,https://www.tv-tokyo.co.jp/plus/lifestyle/entry/2020/022420.html; https://www.hibiya-skin.com/column/202005_01.html,jr_076,,
461,beauty,461_beauty_face-washing-water-temperature.md,洗顔料の残りは肌荒れの原因になるため、すすぎは**20回前後**を目安に。,洗顔料の残りは肌荒れの原因になるため、すすぎは**20〜30回**を目安に。,A欄と本文で同じ数値を使うため、上記と同じ「20〜30回」に揃える。皮膚科の一般的な説明も20〜30回。,https://www.tv-tokyo.co.jp/plus/lifestyle/entry/2020/022420.html,jr_076,,
462,beauty,462_beauty_eyelash-extensions-and-perms.md,- 独立行政法人国民生活センター「後絶たないまつ毛エクステンションの危害」（2015年）,- 独立行政法人国民生活センター「後を絶たない、まつ毛エクステンションの危害」（2015年6月4日公表）,報道発表資料の正式タイトルは「後を絶たない、まつ毛エクステンションの危害」（平成27年6月4日）。本文の599件（2010年度以降〜2015年3月31日登録分）はこの資料と一致。,https://www.kokusen.go.jp/news/data/n-20150604_1.html; https://www.kokusen.go.jp/pdf/n-20150604_1.pdf,jr_076,,
462,beauty,462_beauty_eyelash-extensions-and-perms.md,| **自まつ毛の周期** | 生え替わりの周期は**約3〜5か月**、長さは平均**6〜8mm**程度 |,| **自まつ毛の周期** | 生え替わりの周期は**約3〜4か月（およそ120日）**、長さは平均**6〜8mm**程度 |,まつ毛の毛周期は一般に約3〜4か月（約120日）とされ、「3〜5か月」は休止期のみの期間と混同している可能性がある。,https://www.shop.rohto.co.jp/column-list/column-niconico-0019.html; https://nicott.jp/2024/05/10/topics-701/,jr_076,,
463,beauty,463_beauty_gel-nails-and-nail-health.md,| **ライト** | UV／LEDライト。硬化時間は製品で**30〜60秒**。日焼け止めや手袋で手の甲を保護する人も |,| **ライト** | UVライトは**1〜2分**、LEDライトは**30〜60秒**が目安（製品により異なる）。日焼け止めや手袋で手の甲を保護する人も |,UVライトの硬化は一般に1〜2分、LEDライトは30〜60秒とされ、両者を「30〜60秒」でまとめるとUV使用者が硬化不足になりうる。,https://www.natural-field.co.jp/column/light_uv_led/; https://homei-nail.jp/shop/information/column221026,jr_076,,
463,beauty,463_beauty_gel-nails-and-nail-health.md,無理に剥がすと爪の表面（爪甲）の層がはがれる,無理に剥がすと爪甲（爪の板）の表層がはがれる,「爪甲」は爪の板全体を指す語で、「爪の表面」と同義ではない。用語の対応が誤り。,https://www.dermatol.or.jp/qa/,jr_076,,
465,beauty,465_beauty_facial-massage-and-rollers.md,- 独立行政法人国民生活センター「美顔器・美容ローラーによる危害情報」   https://www.kokusen.go.jp/,- 神奈川県「美顔器の安全性調査」（ローラー型美容機器の金属溶出試験・危害相談事例）   https://www.pref.kanagawa.jp/docs/r7b/cnt/f370222/p440362.html,「美顔器・美容ローラーによる危害情報」という表題の国民生活センター公表資料は確認できない。ローラー型美容機器の皮膚障害・金属アレルギーについては神奈川県の安全性調査が実在する一次資料。,https://www.pref.kanagawa.jp/docs/r7b/cnt/f370222/p440362.html,jr_076,,
466,beauty,466_beauty_sleeping-with-wet-hair.md,| **強度** | 濡れると引っぱり強度が落ちる（乾燥時の**7〜8割程度**とされる） | — |,| **強度** | 濡れると引っぱり強度が落ちる（資料により**乾燥時の6〜8割程度**と幅がある） | — |,メーカー資料（ミルボン）は「乾いた髪の6〜7割程度」と説明しており、7〜8割と断定できるだけの一致した根拠は確認できない。測定条件で値が変わるため幅を持たせるのが安全。,https://fyb.milbon.co.jp/shampoo_howto-3/; https://www.kao.com/jp/haircare/hair/3-4/,jr_077,,
466,beauty,466_beauty_sleeping-with-wet-hair.md,- 独立行政法人製品評価技術基盤機構（NITE）「ヘアドライヤーの事故と注意点」   https://www.nite.go.jp/jiko/chuikanki/,- 独立行政法人製品評価技術基盤機構（NITE）製品安全情報マガジン Vol.379「ヘアドライヤーの事故」（2021年4月）   https://www.nite.go.jp/jiko/chuikanki/mailmagazin/2021fy/vol379_210428.html,NITEに「ヘアドライヤーの事故と注意点」という名称の資料は確認できず、該当するのは製品安全情報マガジンVol.379「ヘアドライヤーの事故」。示されたURLは注意喚起の一覧階層で、記事の記述に対応する資料を特定できない。,https://www.nite.go.jp/jiko/chuikanki/mailmagazin/2021fy/vol379_210428.html,jr_077,,
466,beauty,466_beauty_sleeping-with-wet-hair.md,- 日本化粧品工業会「化粧品の正しい使い方：ヘアケア製品」   https://www.jcia.org/user/public/knowledge/usage,- 日本化粧品工業会（2023年に日本化粧品工業連合会等が統合して発足）一般消費者向け情報   https://www.jcia.org/user/,団体名は正しいが、示されたURL配下に「化粧品の正しい使い方：ヘアケア製品」というページを確認できない。公式サイトで確認できるのは一般向け情報トップ等。,https://www.jcia.org/user/,jr_077,,
468,beauty,468_beauty_makeup-sponges-and-puffs.md,"- Bashir A, Lambert P. ""Microbiological study of used cosmetic products: highlighting possible impact on consumer health."" Journal of Applied Microbiology, 2019.   https://doi.org/10.1111/jam.14479","- Bashir A, Lambert P. ""Microbiological study of used cosmetic products: highlighting possible impact on consumer health."" Journal of Applied Microbiology, 2020;128(2):598-605.（オンライン公開2019年）   https://doi.org/10.1111/jam.14479",同論文の正式な掲載は Journal of Applied Microbiology 128巻2号（2020年2月）598-605頁。オンライン先行公開が2019年10月のため、本文の「2019年」は掲載年としては不正確。DOIは一致。,https://pubmed.ncbi.nlm.nih.gov/31597215/,jr_077,,
468,beauty,468_beauty_makeup-sponges-and-puffs.md,- 独立行政法人国民生活センター「化粧品による皮膚障害の相談」   https://www.kokusen.go.jp/,- 独立行政法人国民生活センター「化粧品の危害（各種相談の件数や傾向）」   https://www.kokusen.go.jp/soudan_topics/data/cosmetic_harm.html,国民生活センターには「化粧品の危害」という該当ページが存在する。トップページURLでは本文の記述（化粧品による皮膚障害の相談）に対応する資料を特定できない。,https://www.kokusen.go.jp/soudan_topics/data/cosmetic_harm.html,jr_077,,
468,beauty,468_beauty_makeup-sponges-and-puffs.md,- 日本化粧品工業会「化粧品の正しい使い方：使用上の注意」   https://www.jcia.org/user/public/knowledge/usage,- 日本化粧品工業会（2023年に日本化粧品工業連合会等が統合して発足）一般消費者向け情報   https://www.jcia.org/user/,団体名（日本化粧品工業会、2023年4月発足）は正しいが、示されたURL配下に「化粧品の正しい使い方：使用上の注意」というページを確認できない。検索で確認できるのは公式サイトの一般向けトップ等。,https://www.jcia.org/user/; https://www.beautopia.jp/117823/,jr_077,,
469,beauty,469_beauty_whitening-toothpaste-and-oral-care.md,- 日本口腔衛生学会・日本小児歯科学会・日本歯科保存学会・日本老年歯科医学会「フッ化物配合歯磨剤の推奨される利用方法」（2023年）   https://www.kokuhoken.or.jp/jsdh/,- 日本口腔衛生学会・日本小児歯科学会・日本歯科保存学会・日本老年歯科医学会「う蝕予防のためのフッ化物配合歯磨剤の推奨される利用方法」（2023年1月1日、普及版2023年4月13日）   https://www.kokuhoken.or.jp/jsdh/news/2023/news_230303.pdf,4学会合同の提言は2023年1月1日付、普及版が2023年4月13日付で公開されている。学会トップページではなく該当PDFを示す方が本文（濃度・量の推奨）と対応する。,https://www.kokuhoken.or.jp/jsdh/news/2023/news_230303.pdf; https://www.jspd.or.jp/recommendation/article19/,jr_077,,
469,beauty,469_beauty_whitening-toothpaste-and-oral-care.md,- **歯磨き粉の「ホワイトニング」は法律上の定義がなく**、化粧品の範囲では「歯を白くする」（着色を落とす意味）までしか表示できません。「歯を漂白」「本来より白く」という広告は薬機法上の問題があります。,- **歯磨き粉の「ホワイトニング」は法律上の定義がなく**、化粧品の範囲では「歯を白くする」（着色を落とす意味）までしか表示できず、**ブラッシングによる効果であることを併記する**必要があります。「歯を漂白」「本来より白く」という広告は薬機法上の問題があります。,化粧品の効能の範囲で「歯を白くする」を標榜する場合、ブラッシングによる効果である旨の付記が求められる（化粧品の効能の範囲の注記・適正広告ガイドライン）。現行文はこの条件が抜けている。,https://www.jcia.org/user/common/download/business/advertising/JCIA20200615_ADguide.pdf; https://www.89ji.com/lab/cosme/toothpaste_advertisement.html,jr_077,,
470,beauty,470_beauty_collagen-supplements-and-skin.md,| **機能性表示食品** | 事業者の責任で「肌の弾力を維持」「肌の水分を保つ」などを**消費者庁に届け出**た製品がある。**国が効果を審査・承認したものではない** |,| **機能性表示食品** | 事業者の責任で「肌の弾力を維持」「肌の水分を保つ」などを**消費者庁に届け出**た製品がある。**国が効果を審査・承認したものではない**。2024年9月からは健康被害情報の行政への報告が届出者の遵守事項となり、錠剤・カプセル剤形状の製品は2026年9月からGMPに基づく製造管理が義務づけられます |,紅麹事案を受けた食品表示基準改正で、健康被害情報の提供義務は2024年9月1日施行、錠剤・カプセル剤のGMP遵守は2026年9月1日施行。2026年時点の記事として制度の現状に触れる価値がある。,https://www.caa.go.jp/notice/assets/food_labeling_cms201_240823_01.pdf; https://jadma.or.jp/contents/blog/foods_with_function_claims,jr_077,,
471,fashion,471_fashion_pearl-care.md,| **成分・硬度** | 炭酸カルシウム（アラゴナイト）とたんぱく質（コンキオリン）の層。**モース硬度2.5〜4.5**（ダイヤモンド10、水晶7、指の爪が約2.5） |,| **成分・硬度** | 炭酸カルシウム（アラゴナイト）とたんぱく質（コンキオリン）の層。**モース硬度は一般に3.5〜4程度**（資料により2.5〜4.5の幅がある。ダイヤモンド10、水晶7、指の爪が約2.5） |,宝石学の一般的な記載では真珠のモース硬度は3.5〜4とされることが多く、2.5〜4.5は出典によって幅がある値。上限4.5を断定的に示すと「爪でも傷が付く」という本文の説明とも整合しにくい。,https://erisvelina.jp/blogs/pearl/june-birthstone; https://okuraya.jp/column/pearl-charm/,jr_078,,
471,fashion,471_fashion_pearl-care.md,"張り替え費用は**3,000〜8,000円**程度が相場とされます（長さと結び方で変動）。","張り替え費用は店や仕様で幅があり、**ワイヤー・単純な糸通しで3,000円前後、オールノットは8,000円以上**が目安とされます（長さ・珠の数・結び方で変動するため、依頼前に見積もりを）。","修理店の公開価格では、ワイヤー通し3,000円程度（50cmまで）に対しオールノット結びは8,000円程度（50cmまで）、標準的な40〜50cmで8,000〜20,000円を見込むとする案内もあり、3,000〜8,000円を『相場』と断定すると実勢と合わない場合がある。",https://www.be-takayama.com/pearls/repair/; https://watch-jewelry-repairlab.co.jp/blog/pearl-neckless-string-replacement/,jr_078,,
472,fashion,472_fashion_cashmere-care.md,| **産出量** | カシミヤ山羊1頭から採れる産毛は**年150〜200g**。セーター1着に**3〜4頭分**とされ、価格が高い理由 |,| **産出量** | カシミヤ山羊1頭から採れる産毛は**年150〜250g**で、粗毛を除くと**80〜120g程度**しか残らないとされる。セーター1着に**3〜4頭分**といわれ、価格が高い理由 |,業界資料では1頭あたりの採取量は年150〜250g、除毛（脱カシミヤ）後に残るのは80〜120g程度とされる。原毛量だけを示すと『1着に3〜4頭分』との計算が合いにくい。,https://textile-zukan.com/fiber/animal-fiber/; https://www.tokyo929.or.jp/column/ware/post_94.php,jr_078,,
473,fashion,473_fashion_linen-clothing-care.md,| **アイロン** | **高温（麻表示・180〜210℃）、湿らせて**、または霧吹き。乾いた状態では取れにくい |,| **アイロン** | **高温（洗濯表示の点3つ。JIS L 0001:2024では底面210℃が上限。2024年8月19日までの表示は200℃が上限）、湿らせて**、または霧吹き。乾いた状態では取れにくい |,2024年8月20日施行のJIS L 0001:2024で高温アイロンの上限は210℃に変更された（従来のJIS L 0001:2014は200℃）。手持ちの衣類は表示の年代で上限が異なるため、年代の別を書かないと旧表示品を過加熱させうる。,https://www.caa.go.jp/policies/policy/representation/household_goods/guide/wash_02.html; https://www.meti.go.jp/press/2024/08/20240820001/20240820001-3r.pdf,jr_078,,
475,fashion,475_fashion_backpack-washing.md,- 一般社団法人日本鞄協会「かばんのお手入れ」   https://www.kaban.or.jp/,- 一般社団法人日本かばん協会「かばんのお手入れ」   http://www.kaban.or.jp/,公式サイト上の表記は「一般社団法人 日本かばん協会」。またサイトは http で配信されており、https のURLでは到達できない可能性がある。,http://www.kaban.or.jp/; http://www.kaban.or.jp/ohanashi.php,jr_078,,
476,fashion,476_fashion_stain-first-aid.md,- 消費者庁「新しい洗濯表示（JIS L0001）：漂白の記号」   https://www.caa.go.jp/policies/policy/representation/household_goods/laundry_symbols/,- 消費者庁「洗濯表示（令和6年8月20日以降・JIS L 0001:2024）：漂白の記号」   https://www.caa.go.jp/policies/policy/representation/household_goods/guide/wash_02.html,JIS L 0001 は2024年8月20日に改正（JIS L 0001:2024）。消費者庁は現行表示を guide/wash_02.html、2016〜2024年版を guide/wash_01.html で別ページ掲載しており、記事のURL（laundry_symbols/ ディレクトリ形式）は実在ページ laundry_symbols.html とも異なる。,https://www.caa.go.jp/policies/policy/representation/household_goods/guide/wash_02.html; https://webdesk.jsa.or.jp/common/W10K0620?id=1297; https://nissenken.or.jp/news/jisl0001_20240820kaisei_new/,jr_079,,
477,fashion,477_fashion_laundry-water-temperature.md,- **表示の読み方**：桶の記号の中の**数字は上限温度**（JIS L0001）。,- **表示の読み方**：桶の記号の中の**数字は上限温度**（JIS L 0001。2024年8月20日にJIS L 0001:2024へ改正され、液温30℃の手洗い記号などが追加されました）。,上限温度という読み方自体は現行規格でも変わらないが、規格は2024年改正済みで版年の明示が必要。,https://webdesk.jsa.or.jp/common/W10K0620?id=1297; https://senikensa.jp/news/jis-l0001,jr_079,,
479,fashion,479_fashion_shoe-repair-and-resoling.md,"**かかと交換1,000〜2,000円で1〜2年寿命が延びる**なら、多くの靴で修理が得です。","**かかと交換1,000〜2,500円で1〜2年寿命が延びる**なら、多くの靴で修理が得です。","内部矛盾。表の「1,000〜2,500円」に揃える。",,jr_079,,
480,fashion,480_fashion_clothing-mould-and-mildew.md,乾いた布で払う→**革用クリーナー**か**薄めたエタノール**で拭く→陰干し→クリームで保湿,乾いた布で払う→**革用クリーナー**か**薄めたエタノール**で拭く（エタノールは色落ち・脱色・乾燥を招くため、必ず目立たない部分で試してから）→陰干し→クリームで保湿,エタノールは革の染料を溶かし、脱脂による硬化・ひび割れを起こすことがある。記事は他の項目では色落ちテストに触れているが、革の項目にはない。,,jr_079,,
480,fashion,480_fashion_clothing-mould-and-mildew.md,**色柄物の色が抜け、ウール・絹は溶けます。**,**色柄物の色が抜け、ウール・絹は繊維が傷んでぼろぼろになります。**,次亜塩素酸ナトリウムは羊毛・絹（動物性繊維）を著しく損傷・黄変させるが、「溶ける」は言い過ぎ。塩素系漂白剤の表示も「毛・絹には使えない」という書き方。,,jr_079,,
481,health,481_health_heatstroke-prevention.md,| **発生場所** | **住居が最多で約4割**。次いで道路、屋外の作業場、運動場 |,| **発生場所** | **住居が最多で約4割**（2025年は約38%）。次いで道路が約2割 |,令和7年の消防庁データでも住居が最多（約38%）、次いで道路（約20%）。「屋外の作業場、運動場」の順位は最新年で要確認のため落とすのが安全。,https://www.fdma.go.jp/disaster/heatstroke/items/r7/heatstroke_nenpou_r7.pdf; https://www.agrinews.co.jp/news/index/249812,jr_080,,
481,health,481_health_heatstroke-prevention.md,「暑さ指数（WBGT）が28以上の日は外出・運動を控える」,「暑さ指数（WBGT）が28以上の日は激しい運動を中止し、31以上の日は外出も控える」,同じ記事の表では28以上＝厳重警戒（激しい運動は中止）、31以上＝危険（外出を避ける）としており、A欄の「28以上で外出を控える」と内部矛盾している。,https://www.wbgt.env.go.jp/,jr_080,,
484,health,484_health_constipation-and-daily-habits.md,| **有訴者** | 国民生活基礎調査で「便秘」を訴える人は**人口の約3〜4%**、**女性は男性の約2倍**、**70歳以上で急増** |,| **有訴者** | 国民生活基礎調査で「便秘」を訴える人は**人口の約3〜4%**、**女性は男性の1.5〜2倍**、**70歳以上で急増** |,2022年調査の有訴者率（人口千対）は男性25.4・女性43.5で約1.7倍。「約2倍」は言い過ぎ。直近の2025年（大規模）調査の公表値で更新するのが望ましい。,https://www.mhlw.go.jp/toukei/list/20-21.html,jr_080,,
486,health,486_health_time-restricted-eating.md,- 厚生労働省 e-ヘルスネット「朝食欠食と健康」   https://kennet.mhlw.go.jp/information/information/food/,- 厚生労働省 e-ヘルスネット「朝食を抜くと」（食生活）   https://www.e-healthnet.mhlw.go.jp/information/food,e-ヘルスネットの正規ドメインは www.e-healthnet.mhlw.go.jp。kennet.mhlw.go.jp は「健康日本21アクション支援システム」側のミラーで、出典に書いたサイト名（e-ヘルスネット）と提示ドメインが一致していない。また「朝食欠食と健康」という表題のページは特定できず、リンク先もカテゴリ直下のディレクトリ。,https://www.e-healthnet.mhlw.go.jp/information/; https://kennet.mhlw.go.jp/home/,jr_081,,
487,health,487_health_indoor-humidity-and-infections.md,これは建築物衛生法が定める室内基準（40〜70%）と、厚生労働省が冬の感染対策で示した「40%以上」の両方に収まる範囲です。,これは建築物衛生法が定める室内基準（40〜70%）と、厚生労働省が2020年に新型コロナ対策の冬の換気で示した「室温18℃以上・相対湿度40%以上」の両方に収まる範囲です。,厚労省の「40%以上」は2020年11月公表の冬季換気リーフレット（新型コロナ対策）で「室温18℃以上かつ相対湿度40%以上を維持できる範囲で暖房を使いながら窓開け換気」として示されたもの。一般的な「冬の感染対策」の基準として示されたわけではないため、出典の性格を明示したほうが正確。,https://www.mhlw.go.jp/content/000698868.pdf; https://www.hokeniryo.metro.tokyo.lg.jp/shisetsu/jigyosyo/hokenjyo/tamakodaira/kankyou/kentikubutunoeisei/kankihouhou,jr_081,,
488,health,488_health_post-meal-blood-sugar-spikes.md,- 厚生労働省 e-ヘルスネット「食後高血糖」   https://kennet.mhlw.go.jp/information/information/dictionary/metabolic/,- 厚生労働省 e-ヘルスネット「食後高血糖」   https://www.e-healthnet.mhlw.go.jp/information/dictionary/metabolic/ym-086.html,e-ヘルスネットの「食後高血糖」の正規URLは www.e-healthnet.mhlw.go.jp/information/dictionary/metabolic/ym-086.html。記事のリンクは別サイト（健康日本21アクション支援システム）のミラーで、かつ個別記事ではなくディレクトリを指している。,https://www.e-healthnet.mhlw.go.jp/information/dictionary/metabolic/ym-086.html,jr_081,,
489,health,489_health_sleeping-position.md,うつ伏せは首をひねり続けるため、多くの整形外科医が勧めません。,うつ伏せは首をひねり続けるため、一般には勧められていません。,「多くの整形外科医が勧めない」という帰属を裏づける調査・学会見解は確認できなかった。出典に挙げた日本整形外科学会の腰痛ページにもうつ伏せ寝についての明示的な言及は確認できないため、帰属を伴わない表現に留めるのが安全。,https://www.joa.or.jp/public/sick/condition/low_back_pain.html,jr_081,,
490,health,490_health_walking-speed-and-health.md,厚生労働省の2023年のガイドでも、歩行に加えて「息が弾む程度の運動」を求めています。,厚生労働省の「健康づくりのための身体活動・運動ガイド2023」（2024年1月公表）でも、歩行に加えて「息が弾む程度の運動」を求めています。,同ガイドは名称こそ2023だが、厚生労働省の公表は2024年1月。「2023年のガイド」とだけ書くと公表年の誤認を招く。,https://www.mhlw.go.jp/content/001204942.pdf; https://www.dietitian.or.jp/trends/2023/337.html,jr_081,,
490,health,490_health_walking-speed-and-health.md,- 厚生労働省「健康づくりのための身体活動・運動ガイド2023」   https://www.mhlw.go.jp/stf/newpage_36593.html,- 厚生労働省「健康づくりのための身体活動・運動ガイド2023」（2024年1月公表）   https://www.mhlw.go.jp/stf/seisakunitsuite/bunya/kenkou_iryou/kenkou/undou/index.html,newpage_36593.html という個別ページの存在を確認できなかった。同ガイドは厚労省の運動分野の常設ページ（.../kenkou/undou/index.html）および概要PDF（.../content/001204942.pdf）から辿れるため、リンク切れしにくい方を指すほうが安全。,https://www.mhlw.go.jp/content/001204942.pdf,jr_081,,
491,trend,491_trend_storing-onions-and-potatoes.md,- 農林水産省「ジャガイモによる食中毒を予防するために」,- 農林水産省「じゃがいもによる食中毒を予防するために」,農林水産省の該当ページの正式な見出しは「じゃがいもによる食中毒を予防するために」（ひらがな表記）。同省にはソラニン・チャコニン専用ページ（/j/syouan/seisaku/solanine/）もあり、併記が望ましい。,https://www.maff.go.jp/j/syouan/seisaku/foodpoisoning/naturaltoxin/potato.html; https://www.maff.go.jp/j/syouan/seisaku/solanine/,jr_082,,
492,trend,492_trend_mouldy-food-what-to-discard.md,**300種以上**が知られています,**300種類以上**が知られ、うち食品衛生上で問題になるのは20種類程度とされます,かび毒は300種類以上が知られるが、食品衛生上問題となるのは20種類程度という整理が一般的（農林水産省の基礎情報ページでは「100種類以上」という記述もあり、数字の出典を明示したい）。,https://www.maff.go.jp/j/syouan/seisaku/risk_analysis/priority/kabidoku/kiso.html; https://www.kenko-kenbi.or.jp/columns/food/1875/,jr_082,,
492,trend,492_trend_mouldy-food-what-to-discard.md,| **ハム、ベーコン、ソーセージ、調理済みおかず** | **全部捨てる** | 水分・栄養が多く危険 |,| **ハム、ベーコン、ソーセージ、調理済みおかず** | **全部捨てる**（例外的に、サラミや乾燥熟成ハムの表面のカビは米国農務省の整理ではこすり落として可） | 水分・栄養が多く危険 |,"本文が典拠とする USDA FSIS ""Molds on Food"" は、hard salami・dry-cured country ham については「表面のカビをこすり落として使用可」と分類しており、食肉加工品を一律に廃棄とはしていない。",https://www.fsis.usda.gov/food-safety/safe-food-handling-and-preparation/food-safety-basics/molds-food-are-they-dangerous,jr_082,,
492,trend,492_trend_mouldy-food-what-to-discard.md,https://www.hokeniryo.metro.tokyo.lg.jp/shokuhin/,https://www.hokeniryo1.metro.tokyo.lg.jp/shokuhin/,東京都保健医療局「食品衛生の窓」は hokeniryo1.metro.tokyo.lg.jp 配下で公開されている（例：/shokuhin/tamago/tama02.html）。記載のホスト名では到達しない可能性が高い。,https://www.hokeniryo1.metro.tokyo.lg.jp/shokuhin/tamago/tama02.html,jr_082,,
493,trend,493_trend_eating-raw-eggs.md,- 厚生労働省「卵の衛生的な取り扱いについて」（食品衛生法に基づく表示・保存基準、1998年）,- 厚生労働省「卵の衛生的な取扱いについて」（食品衛生法に基づく鶏卵の表示・保存基準。1998年11月通知、1999年11月施行）,出典の年表記が本文と同じく施行年とずれている。通知は1998年、義務化は1999年11月。,https://www.jz-tamago.co.jp/wp/wp-content/uploads/2020/02/E05_3_1.pdf,jr_082,,
493,trend,493_trend_eating-raw-eggs.md,**加熱（中心70℃で1分以上、または黄身・白身が固まるまで）**して食べる。生食はしない,**加熱（卵だけなら中心70℃で1分以上、他の食材と一緒に調理するなら中心75℃で1分以上。または黄身・白身が固まるまで）**して食べる。生食はしない,行政・業界の案内では、卵だけなら70℃1分以上、他の食材と一緒に調理する場合は75℃1分以上とされ、賞味期限切れ卵は75℃以上1分以上（または65℃5分以上）が推奨されている。,https://www.n-shokuei.jp/eisei/sfs_egghandling.html; https://www.pref.osaka.lg.jp/o100110/shokuhin/shokutyuudoku/egg.html,jr_082,,
494,trend,494_trend_wooden-kitchen-tools-care.md,https://www.hokeniryo.metro.tokyo.lg.jp/shokuhin/,https://www.hokeniryo1.metro.tokyo.lg.jp/shokuhin/,東京都保健医療局「食品衛生の窓」は hokeniryo1.metro.tokyo.lg.jp 配下で公開されている。記載のホスト名では到達しない可能性が高い。,https://www.hokeniryo1.metro.tokyo.lg.jp/shokuhin/tamago/tama02.html,jr_082,,
495,trend,495_trend_storing-curry-and-stews.md,https://www.hokeniryo.metro.tokyo.lg.jp/shokuhin/micro/,https://www.hokeniryo1.metro.tokyo.lg.jp/shokuhin/micro/,東京都保健医療局「食品衛生の窓」は hokeniryo1.metro.tokyo.lg.jp 配下で公開されている。,https://www.hokeniryo1.metro.tokyo.lg.jp/shokuhin/tamago/tama02.html,jr_082,,
496,trend,496_trend_kitchen-sponge-hygiene.md,https://www.kokusen.go.jp/,https://www.kokusen.go.jp/news/data/n-20260325_1.html,出典URLがトップページのままで、本文の記述を裏づける資料に到達できない。実在が確認できた2026年3月25日公表の注意喚起ページへ差し替える。,https://www.kokusen.go.jp/news/data/n-20260325_1.html,jr_083,,
496,trend,496_trend_kitchen-sponge-hygiene.md,国民生活センターも注意を呼びかけており、**当社は熱湯・漂白剤の方法を推奨**します。,国民生活センターは電子レンジの誤使用による発煙・発火事故全般に注意を呼びかけています。**当社は熱湯・漂白剤の方法を推奨**します。,国民生活センターの注意喚起は電子レンジ事故全般（容器・加熱しすぎ・庫内の汚れなど）が対象で、スポンジ加熱に限定した注意喚起は確認できなかった。対象を正確に書き分ける必要がある。,https://www.kokusen.go.jp/news/data/n-20260325_1.html,jr_083,,
497,trend,497_trend_brown-rice-and-mixed-grains.md,- 文部科学省「日本食品標準成分表2020年版（八訂）」（穀類：こめ）,- 文部科学省「日本食品標準成分表（八訂）増補2023年」（穀類：こめ）,成分表の最新版は2023年4月28日公表の「（八訂）増補2023年」。2025年版（九訂）は未公表のため、現時点の最新は増補2023年。,https://www.mext.go.jp/a_menu/syokuhinseibun/mext_00001.html; https://shokuiku-gakkai.jp/info6-2/,jr_083,,
498,trend,498_trend_mushroom-storage-and-safety.md,| **マッシュルーム** | 3〜4日 | 1か月 | 生食できる唯一とされるが、新鮮なもののみ |,| **マッシュルーム** | 3〜4日 | 1か月 | 生食される例があるが、新鮮なものを少量に。気になる場合は加熱を |,「生食できる唯一」という断定は公的資料に見当たらない。生のマッシュルームにはアガリチンが含まれるため、断定を避け加熱を選べる書き方が安全。,https://www.maff.go.jp/j/syouan/nouan/rinsanbutsu/yaseikinoko/joukyou.html,jr_083,,
498,trend,498_trend_mushroom-storage-and-safety.md,- 農林水産省「きのこの保存・扱い方」（特用林産物の情報）,- 林野庁「特用林産物（きのこ）の情報」,記載URLのドメイン rinya.maff.go.jp は林野庁のサイト。団体名と実際の発行機関を一致させるべき。あわせて毒きのこ食中毒の発生状況は農林水産省の該当ページで確認のこと。,https://www.maff.go.jp/j/syouan/nouan/rinsanbutsu/yaseikinoko/joukyou.html,jr_083,,
499,trend,499_trend_seaweed-storage-and-iodine.md,- 文部科学省「日本食品標準成分表2020年版（八訂）」（藻類）,- 文部科学省「日本食品標準成分表（八訂）増補2023年」（藻類）,成分表の最新版は2023年4月28日公表の「（八訂）増補2023年」。,https://www.mext.go.jp/a_menu/syokuhinseibun/mext_00001.html,jr_083,,
511,wisdom,511_wisdom_sudare-and-summer-shading.md,**North-facing windows don't need it.**,"**North-facing windows need it least** — though in midsummer the sun rises north of east and sets north of west, so a north window can still take direct sun early in the morning and late in the evening.","In Japan around the summer solstice the sunrise/sunset azimuth swings north of due east/west, so north-facing glass does receive direct sun at the ends of the day. The flat “don't need it” is too absolute.",https://www.archimoda.jp/blog/11551,jr_084,,
512,wisdom,512_wisdom_uchimizu-water-sprinkling.md,"using recycled water (bath, rain, air-conditioner drip), a ladleful per square metre","using recycled water (bath, rain, air-conditioner drip), one to two litres (a ladle or two) per square metre","Internal inconsistency with the table's “How much” row, which says 1–2 litres per square metre; a household hishaku ladle holds well under a litre.",https://www.env.go.jp/air/life/heat_island/,jr_084,,
512,wisdom,512_wisdom_uchimizu-water-sprinkling.md,"in already humid, still evenings (**above 75% RH**)","in already humid, still evenings (roughly **70–80% RH and above**)",The 75% RH threshold is presented as a hard cut-off but is a rule of thumb; evaporative cooling falls off gradually with rising humidity and still air. Give it as an approximate band.,https://www.env.go.jp/air/life/heat_island/,jr_084,,
513,wisdom,513_wisdom_re-papering-shoji-screens.md,"- Ministry of Land, Infrastructure, Transport and Tourism — Guideline on restoration of rented housing (tenant vs. landlord responsibility)","- Ministry of Land, Infrastructure, Transport and Tourism — ""Guideline on troubles over restoration to original condition"" (re-revised edition, August 2011; supplementary reference material March 2023) — tenant vs. landlord responsibility","The guideline has a version that matters: the current text is the 再改訂版 of August 2011, with MLIT reference material added in March 2023. Naming the edition lets readers check they have the current one. The URL in the article is the correct download page.",https://www.mlit.go.jp/jutakukentiku/house/jutakukentiku_house_tk3_000021.html; https://www.mlit.go.jp/jutakukentiku/house/content/001611293.pdf,jr_084,,
515,wisdom,515_wisdom_sink-strainers-and-drain-nets.md,**Monthly**: pipe cleaner or **oxygen bleach solution (60°C water)**,**Monthly**: pipe cleaner or **oxygen bleach dissolved in warm water (about 40–50°C — never boiling; plastic drain pipes are rated to roughly 60–70°C and can deform)**,"Oxygen bleach is most active around 40–50°C, and household drain pipe is PVC, which fitting makers warn against pouring near-boiling water into. Quoting 60°C puts readers at the top of the safe band with no warning about hotter water.",https://jsda.org/w/03_shiki/,jr_084,,
515,wisdom,515_wisdom_sink-strainers-and-drain-nets.md,"**Baking soda then citric acid** fizzing down the drain is a popular home method; it helps a little and is safe, but the brush does the work.",**Baking soda then citric acid** fizzing down the drain is a popular home method; it helps a little and is safe on its own — **but never pour an acid down a drain you have just treated with a chlorine bleach product; rinse it through with plenty of water first** — and the brush still does the work.,"The article's own table warns “never mix chlorine and acid products”, but this bullet recommends an acid step without linking it to that warning; chlorine bleach residue in the trap plus citric acid releases chlorine gas.",https://www.nite.go.jp/jiko/chuikanki/; https://jsda.org/w/03_shiki/,jr_084,,
516,wisdom,516_wisdom_doyō-boshi-airing-clothes-and-books.md,"**UV fades silk and dyes, yellows paper and lignin, dries out leather and lacquer**","**UV fades silk and dyes, yellows lignin-containing paper, dries out leather and lacquer**",黄変するのは紙に含まれるリグニンであり、「paper and lignin」と並列にすると別物のように読める。紙の黄変機構としてはリグニンの光酸化を指すのが正確。,,jr_085,,
516,wisdom,516_wisdom_doyō-boshi-airing-clothes-and-books.md,and air them in the shade for a day,and air them in the shade for a few hours,内部矛盾。表の「How long」欄は3–5時間・10:00–15:00としており、導入の「for a day（丸一日）」と一致しない。,,jr_085,,
517,wisdom,517_wisdom_old-toothbrushes-and-cleaning-tools.md,Retire toothbrushes to the kitchen only after a run through the dishwasher or a 1-minute boil.,Retire toothbrushes to the kitchen only after a run through the dishwasher or a soak in diluted oxygen bleach — nylon bristles and plastic handles deform in boiling water.,歯ブラシの毛はナイロン、柄はPP／ABSが一般的で、熱湯での煮沸は変形の原因になる。同じ段落ですでに酸素系漂白剤浸けを挙げており、そちらに寄せるほうが安全かつ整合的。,,jr_085,,
518,wisdom,518_wisdom_diatomaceous-earth-bath-mats.md,"Retailers published **lot numbers and product lists**, offered **refunds and collection**.","Retailers published **lot numbers and product lists**, offered **refunds and collection** — Nitori alone put about **2.4 million items** on its recall list, the largest asbestos-related product recall in Japan to date.",2020年12月時点でニトリの回収対象は約240万点（うち調査中65万点）と報じられ、石綿含有品の回収としては過去最多規模。規模を入れると「リコールは大したことではない」という誤解への反証になる。,https://koshc.jp/archives/5500; https://www.ryutsuu.biz/commodity/m122525.html,jr_085,,
519,wisdom,519_wisdom_plastic-bag-charge-and-my-bag.md,Since 1 July 2020 every shop in Japan must charge for plastic carrier bags,Since 1 July 2020 shops in Japan must charge for plastic carrier bags with handles,有料化の対象は「持ち手のあるプラスチック製買物袋」に限られ、紙袋・布袋、持ち手のない薄手の袋（魚・肉用など）は対象外。記事の表にも同趣旨の記載があるため、導入文の「every shop … plastic carrier bags」は表と矛盾する。,https://plastics-smart.env.go.jp/rejibukuro-challenge/; https://www.meti.go.jp/policy/recycle/,jr_085,,
519,wisdom,519_wisdom_plastic-bag-charge-and-my-bag.md,a **market of hundreds of millions of yen**; a bag that folds to pocket size is the reason compliance is high.,a **consumer market in its own right**; a bag that folds to pocket size is the reason compliance is high.,「数億円規模」という市場規模の裏付けが取れず、全国のエコバッグ市場としては桁が小さすぎる可能性が高い。検証できない金額は落とすほうが安全。,,jr_085,,
520,wisdom,520_wisdom_kakeibo-household-budget-book.md,"the allowance survey (Shinsei Bank, annual) is a national talking point","the allowance survey (SBI Shinsei Bank, annual) is a national talking point",新生銀行は2023年1月にSBI新生銀行へ商号変更しており、毎年の「サラリーマンのお小遣い調査」も現在はSBI新生銀行名義で公表されている。旧行名のままでは読者が出典にたどり着けない。,https://www.sbishinseibank.co.jp/,jr_085,,
521,beauty,521_beauty_skincare-during-pregnancy.md,| **処方・内服のレチノイド**（イソトレチノイン、トレチノイン、エトレチナート） | **禁忌**（妊娠前から中止が必要。薬剤により中止後も一定期間の避妊が求められる） | 胎児への催奇形性が確立している |,| **処方・内服のレチノイド**（トレチノイン、エトレチナート、国内未承認のイソトレチノイン） | **禁忌**（妊娠前から中止が必要。薬剤により中止後も一定期間の避妊が求められる。避妊期間は薬剤ごとに添付文書で確認） | 胎児への催奇形性が確立している |,イソトレチノイン（内服）は日本では医薬品として承認されておらず、個人輸入や自由診療で入手されるのが実態。日本の読者向けに「処方薬」と並べて書くと入手経路を誤解させる。国内未承認である旨の明示が必要。,,jr_086,,
521,beauty,521_beauty_skincare-during-pregnancy.md,- 厚生労働省「妊娠と薬情報センター」（国立成育医療研究センター）,- 国立成育医療研究センター「妊娠と薬情報センター」（厚生労働省事業）,出典の団体名とURLの不一致。記載URL（ncchd.go.jp）は国立成育医療研究センターのドメインで、同センターが運営主体。厚生労働省を第一主体として書くと出典表記とドメインが対応しない。,,jr_086,,
524,beauty,524_beauty_body-odour-and-washing.md,| **ミドル脂臭** | **30代半ば〜50代** |,| **ミドル脂臭** | **30代〜40代** |,ミドル脂臭（ジアセチル）は化粧品メーカーの研究で一般に30〜40代の世代として説明され、50代以降は加齢臭として区分される。表内で加齢臭を「50代〜」としているため、ミドル脂臭を「50代」まで広げると同じ表の中で年代が重複する。,,jr_086,,
525,beauty,525_beauty_retinol-and-vitamin-c.md,目尻の小じわ程度で、12週間以上の使用が前提です。,目尻の小じわ程度で、8〜12週間以上の継続使用が前提です。,記事内部の不整合。表では「効果が見えるまで 8〜12週間以上」としているのに、誤解1では「12週間以上」と別の数字になっている。,,jr_086,,
525,beauty,525_beauty_retinol-and-vitamin-c.md,**「〇%配合」の数字競争は日本の化粧品では表示が制限されている**ため、海外製品の話が中心。,**「〇%配合」といった配合量の強調表示は、日本では医薬品等適正広告基準の対象になりやすい**ため、数字競争は海外製品の話が中心。,日本で配合量表示が一律に禁止されているわけではなく、効能を暗示する強調表示や医薬部外品の有効成分量の表示が広告規制上問題になりやすい、というのが正確。断定的すぎる表現。,,jr_086,,
536,fashion,536_fashion_dress-codes-for-weddings-and-funerals.md,- 厚生労働省認定 葬祭ディレクター技能審査協会「葬儀の基礎知識」,- 葬祭ディレクター技能審査協会「葬儀の基礎知識」,厚生労働省の技能審査認定制度は既に廃止されており、「厚生労働省認定」の肩書きが現在も有効か確認が必要。出典表記としては団体名のみが安全。,,jr_089,,
537,fashion,537_fashion_non-iron-shirts.md,加工は数十回の洗濯で徐々に弱まり、2〜3年が目安。,加工は洗濯50〜100回程度で徐々に弱まり、2〜3年が目安。,内部矛盾。本文の表と「誤解4」はいずれも「洗濯50〜100回程度」と記載しており、A行の「数十回」と一致しない。,,jr_089,,
537,fashion,537_fashion_non-iron-shirts.md,**日本では家庭用品規制法で乳幼児用は「検出されないこと」、大人用は75ppm以下**,**日本では家庭用品規制法で生後24か月以下の乳幼児用繊維製品は「検出されないこと」、それ以外の肌に触れる衣料（下着・中衣・外衣等）は75ppm（μg/g）以下**,規制は着用者が大人か否かではなく製品区分（生後24か月以下の乳幼児用／おしめ・下着・寝衣・中衣・外衣等）で定められる。同シリーズ540記事は「乳幼児用（24か月以下）」「大人用の肌着等は75ppm以下」と書いており、537の表現は粗い。,,jr_089,,
538,fashion,538_fashion_washing-school-shoes-uwabaki.md,子どもの足は半年で0.5〜1cm伸びるため、洗うたびにサイズを確認する習慣を。,子どもの足は年に0.5〜1cm程度（幼児期はより速く）伸びるため、洗うたびにサイズを確認する習慣を。,「半年で0.5〜1cm」は年1〜2cmに相当し、一般に示される成長速度（幼児期で年約1cm、学童期で年5〜8mm程度）より速い。記事の想定読者は小学生の保護者のため過大な目安になっている。一次資料での確認が必要。,,jr_089,,
