No,質問候補,話題,棚,言語,法務チェック,要注意,状態,3ソース確認日,担当
1,朝のスキンケアは、どの順番でやればいいの？,朝のスキンケア,beauty,ja,,,未確認,,
2,夜のスキンケアは、どの順番でやればいいの？,夜のスキンケア,beauty,ja,,,未確認,,
3,メイク落としは、どの順番でやればいいの？,メイク落とし,beauty,ja,,,未確認,,
4,二重洗顔は、どの順番でやればいいの？,二重洗顔,beauty,ja,必須,,未確認,,
5,化粧水について、よくある誤解は？,化粧水,beauty,ja,必須,,未確認,,
6,乳液について、よくある誤解は？,乳液,beauty,ja,必須,,未確認,,
7,美容液について、よくある誤解は？,美容液,beauty,ja,必須,,未確認,,
8,クリームについて、よくある誤解は？,クリーム,beauty,ja,必須,,未確認,,
9,日焼け止めについて、よくある誤解は？,日焼け止め,beauty,ja,必須,,未確認,,
10,クレンジングについて、よくある誤解は？,クレンジング,beauty,ja,,,未確認,,
11,洗顔料について、よくある誤解は？,洗顔料,beauty,ja,必須,,未確認,,
12,洗顔の回数について、よくある誤解は？,洗顔の回数,beauty,ja,必須,,未確認,,
13,パックについて、よくある誤解は？,パック,beauty,ja,,,未確認,,
14,シートマスクについて、よくある誤解は？,シートマスク,beauty,ja,,,未確認,,
15,角質ケアについて、よくある誤解は？,角質ケア,beauty,ja,必須,,未確認,,
16,毛穴ケアについて、よくある誤解は？,毛穴ケア,beauty,ja,必須,,未確認,,
17,スクラブについて、よくある誤解は？,スクラブ,beauty,ja,,,未確認,,
18,ふきとり化粧水について、よくある誤解は？,ふきとり化粧水,beauty,ja,必須,,未確認,,
19,導入美容液について、よくある誤解は？,導入美容液,beauty,ja,必須,,未確認,,
20,スキンケアの順番について、よくある誤解は？,スキンケアの順番,beauty,ja,,,未確認,,
21,朝のスキンケアについて、よくある誤解は？,朝のスキンケア,beauty,ja,,,未確認,,
22,夜のスキンケアについて、よくある誤解は？,夜のスキンケア,beauty,ja,,,未確認,,
23,化粧下地について、よくある誤解は？,化粧下地,beauty,ja,,,未確認,,
24,ファンデーションについて、よくある誤解は？,ファンデーション,beauty,ja,,,未確認,,
25,コンシーラーについて、よくある誤解は？,コンシーラー,beauty,ja,,,未確認,,
26,フェイスパウダーについて、よくある誤解は？,フェイスパウダー,beauty,ja,,,未確認,,
27,チークについて、よくある誤解は？,チーク,beauty,ja,,,未確認,,
28,アイシャドウについて、よくある誤解は？,アイシャドウ,beauty,ja,,,未確認,,
29,アイライナーについて、よくある誤解は？,アイライナー,beauty,ja,,,未確認,,
30,マスカラについて、よくある誤解は？,マスカラ,beauty,ja,,,未確認,,
31,リップについて、よくある誤解は？,リップ,beauty,ja,,,未確認,,
32,リップクリームについて、よくある誤解は？,リップクリーム,beauty,ja,必須,,未確認,,
33,眉の描き方について、よくある誤解は？,眉の描き方,beauty,ja,,,未確認,,
34,メイク直しについて、よくある誤解は？,メイク直し,beauty,ja,,,未確認,,
35,メイク落としについて、よくある誤解は？,メイク落とし,beauty,ja,,,未確認,,
36,二重洗顔について、よくある誤解は？,二重洗顔,beauty,ja,必須,,未確認,,
37,シャンプーについて、よくある誤解は？,シャンプー,beauty,ja,必須,,未確認,,
38,コンディショナーについて、よくある誤解は？,コンディショナー,beauty,ja,,,未確認,,
39,トリートメントについて、よくある誤解は？,トリートメント,beauty,ja,,,未確認,,
40,ヘアオイルについて、よくある誤解は？,ヘアオイル,beauty,ja,,,未確認,,
41,ドライヤーの使い方について、よくある誤解は？,ドライヤーの使い方,beauty,ja,,,未確認,,
42,頭皮ケアについて、よくある誤解は？,頭皮ケア,beauty,ja,必須,,未確認,,
43,ヘアブラシについて、よくある誤解は？,ヘアブラシ,beauty,ja,,,未確認,,
44,ネイルケアについて、よくある誤解は？,ネイルケア,beauty,ja,,,未確認,,
45,ハンドクリームについて、よくある誤解は？,ハンドクリーム,beauty,ja,必須,,未確認,,
46,ボディクリームについて、よくある誤解は？,ボディクリーム,beauty,ja,必須,,未確認,,
47,ボディソープについて、よくある誤解は？,ボディソープ,beauty,ja,,,未確認,,
48,入浴剤について、よくある誤解は？,入浴剤,beauty,ja,必須,,未確認,,
49,制汗剤について、よくある誤解は？,制汗剤,beauty,ja,必須,,未確認,,
50,香水のつけ方について、よくある誤解は？,香水のつけ方,beauty,ja,,,未確認,,
51,フレグランスの保管について、よくある誤解は？,フレグランスの保管,beauty,ja,,,未確認,,
52,化粧品の保管について、よくある誤解は？,化粧品の保管,beauty,ja,,,未確認,,
53,化粧品の使用期限について、よくある誤解は？,化粧品の使用期限,beauty,ja,,,未確認,,
54,化粧筆の洗い方について、よくある誤解は？,化粧筆の洗い方,beauty,ja,,,未確認,,
55,メイクスポンジについて、よくある誤解は？,メイクスポンジ,beauty,ja,,,未確認,,
56,鏡の選び方について、よくある誤解は？,鏡の選び方,beauty,ja,,,未確認,,
57,肌質の見分け方について、よくある誤解は？,肌質の見分け方,beauty,ja,必須,,未確認,,
58,乾燥肌のケアについて、よくある誤解は？,乾燥肌のケア,beauty,ja,必須,,未確認,,
59,脂性肌のケアについて、よくある誤解は？,脂性肌のケア,beauty,ja,必須,,未確認,,
60,混合肌のケアについて、よくある誤解は？,混合肌のケア,beauty,ja,必須,,未確認,,
61,敏感肌のケアについて、よくある誤解は？,敏感肌のケア,beauty,ja,必須,,未確認,,
62,季節の変わり目の肌について、よくある誤解は？,季節の変わり目の肌,beauty,ja,必須,,未確認,,
63,マスクによる肌荒れについて、よくある誤解は？,マスクによる肌荒れ,beauty,ja,必須,,未確認,,
64,化粧水は人によって違うの？,化粧水,beauty,ja,必須,,未確認,,
65,乳液は人によって違うの？,乳液,beauty,ja,必須,,未確認,,
66,美容液は人によって違うの？,美容液,beauty,ja,必須,,未確認,,
67,クリームは人によって違うの？,クリーム,beauty,ja,必須,,未確認,,
68,日焼け止めは人によって違うの？,日焼け止め,beauty,ja,必須,,未確認,,
69,クレンジングは人によって違うの？,クレンジング,beauty,ja,,,未確認,,
70,洗顔料は人によって違うの？,洗顔料,beauty,ja,必須,,未確認,,
71,洗顔の回数は人によって違うの？,洗顔の回数,beauty,ja,必須,,未確認,,
72,パックは人によって違うの？,パック,beauty,ja,,,未確認,,
73,シートマスクは人によって違うの？,シートマスク,beauty,ja,,,未確認,,
74,角質ケアは人によって違うの？,角質ケア,beauty,ja,必須,,未確認,,
75,毛穴ケアは人によって違うの？,毛穴ケア,beauty,ja,必須,,未確認,,
76,スクラブは人によって違うの？,スクラブ,beauty,ja,,,未確認,,
77,ふきとり化粧水は人によって違うの？,ふきとり化粧水,beauty,ja,必須,,未確認,,
78,導入美容液は人によって違うの？,導入美容液,beauty,ja,必須,,未確認,,
79,スキンケアの順番は人によって違うの？,スキンケアの順番,beauty,ja,,,未確認,,
80,朝のスキンケアは人によって違うの？,朝のスキンケア,beauty,ja,,,未確認,,
81,夜のスキンケアは人によって違うの？,夜のスキンケア,beauty,ja,,,未確認,,
82,化粧下地は人によって違うの？,化粧下地,beauty,ja,,,未確認,,
83,ファンデーションは人によって違うの？,ファンデーション,beauty,ja,,,未確認,,
84,コンシーラーは人によって違うの？,コンシーラー,beauty,ja,,,未確認,,
85,フェイスパウダーは人によって違うの？,フェイスパウダー,beauty,ja,,,未確認,,
86,チークは人によって違うの？,チーク,beauty,ja,,,未確認,,
87,アイシャドウは人によって違うの？,アイシャドウ,beauty,ja,,,未確認,,
88,アイライナーは人によって違うの？,アイライナー,beauty,ja,,,未確認,,
89,マスカラは人によって違うの？,マスカラ,beauty,ja,,,未確認,,
90,リップは人によって違うの？,リップ,beauty,ja,,,未確認,,
91,リップクリームは人によって違うの？,リップクリーム,beauty,ja,必須,,未確認,,
92,眉の描き方は人によって違うの？,眉の描き方,beauty,ja,,,未確認,,
93,メイク直しは人によって違うの？,メイク直し,beauty,ja,,,未確認,,
94,メイク落としは人によって違うの？,メイク落とし,beauty,ja,,,未確認,,
95,二重洗顔は人によって違うの？,二重洗顔,beauty,ja,必須,,未確認,,
96,シャンプーは人によって違うの？,シャンプー,beauty,ja,必須,,未確認,,
97,コンディショナーは人によって違うの？,コンディショナー,beauty,ja,,,未確認,,
98,トリートメントは人によって違うの？,トリートメント,beauty,ja,,,未確認,,
99,ヘアオイルは人によって違うの？,ヘアオイル,beauty,ja,,,未確認,,
100,ドライヤーの使い方は人によって違うの？,ドライヤーの使い方,beauty,ja,,,未確認,,
101,頭皮ケアは人によって違うの？,頭皮ケア,beauty,ja,必須,,未確認,,
102,ヘアブラシは人によって違うの？,ヘアブラシ,beauty,ja,,,未確認,,
103,ネイルケアは人によって違うの？,ネイルケア,beauty,ja,,,未確認,,
104,ハンドクリームは人によって違うの？,ハンドクリーム,beauty,ja,必須,,未確認,,
105,ボディクリームは人によって違うの？,ボディクリーム,beauty,ja,必須,,未確認,,
106,ボディソープは人によって違うの？,ボディソープ,beauty,ja,,,未確認,,
107,入浴剤は人によって違うの？,入浴剤,beauty,ja,必須,,未確認,,
108,制汗剤は人によって違うの？,制汗剤,beauty,ja,必須,,未確認,,
109,香水のつけ方は人によって違うの？,香水のつけ方,beauty,ja,,,未確認,,
110,フレグランスの保管は人によって違うの？,フレグランスの保管,beauty,ja,,,未確認,,
111,化粧品の保管は人によって違うの？,化粧品の保管,beauty,ja,,,未確認,,
112,化粧品の使用期限は人によって違うの？,化粧品の使用期限,beauty,ja,,,未確認,,
113,化粧筆の洗い方は人によって違うの？,化粧筆の洗い方,beauty,ja,,,未確認,,
114,メイクスポンジは人によって違うの？,メイクスポンジ,beauty,ja,,,未確認,,
115,鏡の選び方は人によって違うの？,鏡の選び方,beauty,ja,,,未確認,,
116,肌質の見分け方は人によって違うの？,肌質の見分け方,beauty,ja,必須,,未確認,,
117,乾燥肌のケアは人によって違うの？,乾燥肌のケア,beauty,ja,必須,,未確認,,
118,脂性肌のケアは人によって違うの？,脂性肌のケア,beauty,ja,必須,,未確認,,
119,混合肌のケアは人によって違うの？,混合肌のケア,beauty,ja,必須,,未確認,,
120,敏感肌のケアは人によって違うの？,敏感肌のケア,beauty,ja,必須,,未確認,,
121,季節の変わり目の肌は人によって違うの？,季節の変わり目の肌,beauty,ja,必須,,未確認,,
122,マスクによる肌荒れは人によって違うの？,マスクによる肌荒れ,beauty,ja,必須,,未確認,,
123,化粧水はなぜ必要なの？,化粧水,beauty,ja,必須,,未確認,,
124,乳液はなぜ必要なの？,乳液,beauty,ja,必須,,未確認,,
125,美容液はなぜ必要なの？,美容液,beauty,ja,必須,,未確認,,
126,クリームはなぜ必要なの？,クリーム,beauty,ja,必須,,未確認,,
127,日焼け止めはなぜ必要なの？,日焼け止め,beauty,ja,必須,,未確認,,
128,クレンジングはなぜ必要なの？,クレンジング,beauty,ja,,,未確認,,
129,洗顔料はなぜ必要なの？,洗顔料,beauty,ja,必須,,未確認,,
130,洗顔の回数はなぜ必要なの？,洗顔の回数,beauty,ja,必須,,未確認,,
131,パックはなぜ必要なの？,パック,beauty,ja,,,未確認,,
132,シートマスクはなぜ必要なの？,シートマスク,beauty,ja,,,未確認,,
133,角質ケアはなぜ必要なの？,角質ケア,beauty,ja,必須,,未確認,,
134,毛穴ケアはなぜ必要なの？,毛穴ケア,beauty,ja,必須,,未確認,,
135,スクラブはなぜ必要なの？,スクラブ,beauty,ja,,,未確認,,
136,ふきとり化粧水はなぜ必要なの？,ふきとり化粧水,beauty,ja,必須,,未確認,,
137,導入美容液はなぜ必要なの？,導入美容液,beauty,ja,必須,,未確認,,
138,スキンケアの順番はなぜ必要なの？,スキンケアの順番,beauty,ja,,,未確認,,
139,朝のスキンケアはなぜ必要なの？,朝のスキンケア,beauty,ja,,,未確認,,
140,夜のスキンケアはなぜ必要なの？,夜のスキンケア,beauty,ja,,,未確認,,
141,化粧下地はなぜ必要なの？,化粧下地,beauty,ja,,,未確認,,
142,ファンデーションはなぜ必要なの？,ファンデーション,beauty,ja,,,未確認,,
143,コンシーラーはなぜ必要なの？,コンシーラー,beauty,ja,,,未確認,,
144,フェイスパウダーはなぜ必要なの？,フェイスパウダー,beauty,ja,,,未確認,,
145,チークはなぜ必要なの？,チーク,beauty,ja,,,未確認,,
146,アイシャドウはなぜ必要なの？,アイシャドウ,beauty,ja,,,未確認,,
147,アイライナーはなぜ必要なの？,アイライナー,beauty,ja,,,未確認,,
148,マスカラはなぜ必要なの？,マスカラ,beauty,ja,,,未確認,,
149,リップはなぜ必要なの？,リップ,beauty,ja,,,未確認,,
150,リップクリームはなぜ必要なの？,リップクリーム,beauty,ja,必須,,未確認,,
151,眉の描き方はなぜ必要なの？,眉の描き方,beauty,ja,,,未確認,,
152,メイク直しはなぜ必要なの？,メイク直し,beauty,ja,,,未確認,,
153,メイク落としはなぜ必要なの？,メイク落とし,beauty,ja,,,未確認,,
154,二重洗顔はなぜ必要なの？,二重洗顔,beauty,ja,必須,,未確認,,
155,シャンプーはなぜ必要なの？,シャンプー,beauty,ja,必須,,未確認,,
156,コンディショナーはなぜ必要なの？,コンディショナー,beauty,ja,,,未確認,,
157,トリートメントはなぜ必要なの？,トリートメント,beauty,ja,,,未確認,,
158,ヘアオイルはなぜ必要なの？,ヘアオイル,beauty,ja,,,未確認,,
159,ドライヤーの使い方はなぜ必要なの？,ドライヤーの使い方,beauty,ja,,,未確認,,
160,頭皮ケアはなぜ必要なの？,頭皮ケア,beauty,ja,必須,,未確認,,
161,ヘアブラシはなぜ必要なの？,ヘアブラシ,beauty,ja,,,未確認,,
162,ネイルケアはなぜ必要なの？,ネイルケア,beauty,ja,,,未確認,,
163,ハンドクリームはなぜ必要なの？,ハンドクリーム,beauty,ja,必須,,未確認,,
164,ボディクリームはなぜ必要なの？,ボディクリーム,beauty,ja,必須,,未確認,,
165,ボディソープはなぜ必要なの？,ボディソープ,beauty,ja,,,未確認,,
166,入浴剤はなぜ必要なの？,入浴剤,beauty,ja,必須,,未確認,,
167,制汗剤はなぜ必要なの？,制汗剤,beauty,ja,必須,,未確認,,
168,香水のつけ方はなぜ必要なの？,香水のつけ方,beauty,ja,,,未確認,,
169,フレグランスの保管はなぜ必要なの？,フレグランスの保管,beauty,ja,,,未確認,,
170,化粧品の保管はなぜ必要なの？,化粧品の保管,beauty,ja,,,未確認,,
171,化粧品の使用期限はなぜ必要なの？,化粧品の使用期限,beauty,ja,,,未確認,,
172,化粧筆の洗い方はなぜ必要なの？,化粧筆の洗い方,beauty,ja,,,未確認,,
173,メイクスポンジはなぜ必要なの？,メイクスポンジ,beauty,ja,,,未確認,,
174,鏡の選び方はなぜ必要なの？,鏡の選び方,beauty,ja,,,未確認,,
175,乾燥肌のケアはなぜ必要なの？,乾燥肌のケア,beauty,ja,必須,,未確認,,
176,脂性肌のケアはなぜ必要なの？,脂性肌のケア,beauty,ja,必須,,未確認,,
177,混合肌のケアはなぜ必要なの？,混合肌のケア,beauty,ja,必須,,未確認,,
178,敏感肌のケアはなぜ必要なの？,敏感肌のケア,beauty,ja,必須,,未確認,,
179,化粧水の目安はどれくらい？,化粧水,beauty,ja,必須,,未確認,,
180,乳液の目安はどれくらい？,乳液,beauty,ja,必須,,未確認,,
181,美容液の目安はどれくらい？,美容液,beauty,ja,必須,,未確認,,
182,クリームの目安はどれくらい？,クリーム,beauty,ja,必須,,未確認,,
183,日焼け止めの目安はどれくらい？,日焼け止め,beauty,ja,必須,,未確認,,
184,クレンジングの目安はどれくらい？,クレンジング,beauty,ja,,,未確認,,
185,洗顔料の目安はどれくらい？,洗顔料,beauty,ja,必須,,未確認,,
186,洗顔の回数の目安はどれくらい？,洗顔の回数,beauty,ja,必須,,未確認,,
187,パックの目安はどれくらい？,パック,beauty,ja,,,未確認,,
188,シートマスクの目安はどれくらい？,シートマスク,beauty,ja,,,未確認,,
189,角質ケアの目安はどれくらい？,角質ケア,beauty,ja,必須,,未確認,,
190,毛穴ケアの目安はどれくらい？,毛穴ケア,beauty,ja,必須,,未確認,,
191,スクラブの目安はどれくらい？,スクラブ,beauty,ja,,,未確認,,
192,ふきとり化粧水の目安はどれくらい？,ふきとり化粧水,beauty,ja,必須,,未確認,,
193,導入美容液の目安はどれくらい？,導入美容液,beauty,ja,必須,,未確認,,
194,スキンケアの順番の目安はどれくらい？,スキンケアの順番,beauty,ja,,,未確認,,
195,朝のスキンケアの目安はどれくらい？,朝のスキンケア,beauty,ja,,,未確認,,
196,夜のスキンケアの目安はどれくらい？,夜のスキンケア,beauty,ja,,,未確認,,
197,化粧下地の目安はどれくらい？,化粧下地,beauty,ja,,,未確認,,
198,ファンデーションの目安はどれくらい？,ファンデーション,beauty,ja,,,未確認,,
199,コンシーラーの目安はどれくらい？,コンシーラー,beauty,ja,,,未確認,,
200,フェイスパウダーの目安はどれくらい？,フェイスパウダー,beauty,ja,,,未確認,,
201,チークの目安はどれくらい？,チーク,beauty,ja,,,未確認,,
202,アイシャドウの目安はどれくらい？,アイシャドウ,beauty,ja,,,未確認,,
203,アイライナーの目安はどれくらい？,アイライナー,beauty,ja,,,未確認,,
204,マスカラの目安はどれくらい？,マスカラ,beauty,ja,,,未確認,,
205,リップの目安はどれくらい？,リップ,beauty,ja,,,未確認,,
206,リップクリームの目安はどれくらい？,リップクリーム,beauty,ja,必須,,未確認,,
207,眉の描き方の目安はどれくらい？,眉の描き方,beauty,ja,,,未確認,,
208,メイク直しの目安はどれくらい？,メイク直し,beauty,ja,,,未確認,,
209,メイク落としの目安はどれくらい？,メイク落とし,beauty,ja,,,未確認,,
210,二重洗顔の目安はどれくらい？,二重洗顔,beauty,ja,必須,,未確認,,
211,シャンプーの目安はどれくらい？,シャンプー,beauty,ja,必須,,未確認,,
212,コンディショナーの目安はどれくらい？,コンディショナー,beauty,ja,,,未確認,,
213,トリートメントの目安はどれくらい？,トリートメント,beauty,ja,,,未確認,,
214,ヘアオイルの目安はどれくらい？,ヘアオイル,beauty,ja,,,未確認,,
215,ドライヤーの使い方の目安はどれくらい？,ドライヤーの使い方,beauty,ja,,,未確認,,
216,頭皮ケアの目安はどれくらい？,頭皮ケア,beauty,ja,必須,,未確認,,
217,ヘアブラシの目安はどれくらい？,ヘアブラシ,beauty,ja,,,未確認,,
218,ネイルケアの目安はどれくらい？,ネイルケア,beauty,ja,,,未確認,,
219,ハンドクリームの目安はどれくらい？,ハンドクリーム,beauty,ja,必須,,未確認,,
220,ボディクリームの目安はどれくらい？,ボディクリーム,beauty,ja,必須,,未確認,,
221,ボディソープの目安はどれくらい？,ボディソープ,beauty,ja,,,未確認,,
222,入浴剤の目安はどれくらい？,入浴剤,beauty,ja,必須,,未確認,,
223,制汗剤の目安はどれくらい？,制汗剤,beauty,ja,必須,,未確認,,
224,香水のつけ方の目安はどれくらい？,香水のつけ方,beauty,ja,,,未確認,,
225,フレグランスの保管の目安はどれくらい？,フレグランスの保管,beauty,ja,,,未確認,,
226,化粧品の保管の目安はどれくらい？,化粧品の保管,beauty,ja,,,未確認,,
227,化粧品の使用期限の目安はどれくらい？,化粧品の使用期限,beauty,ja,,,未確認,,
228,化粧筆の洗い方の目安はどれくらい？,化粧筆の洗い方,beauty,ja,,,未確認,,
229,メイクスポンジの目安はどれくらい？,メイクスポンジ,beauty,ja,,,未確認,,
230,鏡の選び方の目安はどれくらい？,鏡の選び方,beauty,ja,,,未確認,,
231,乾燥肌のケアの目安はどれくらい？,乾燥肌のケア,beauty,ja,必須,,未確認,,
232,脂性肌のケアの目安はどれくらい？,脂性肌のケア,beauty,ja,必須,,未確認,,
233,混合肌のケアの目安はどれくらい？,混合肌のケア,beauty,ja,必須,,未確認,,
234,敏感肌のケアの目安はどれくらい？,敏感肌のケア,beauty,ja,必須,,未確認,,
235,化粧水は季節で変えたほうがいいの？,化粧水,beauty,ja,必須,,未確認,,
236,乳液は季節で変えたほうがいいの？,乳液,beauty,ja,必須,,未確認,,
237,美容液は季節で変えたほうがいいの？,美容液,beauty,ja,必須,,未確認,,
238,クリームは季節で変えたほうがいいの？,クリーム,beauty,ja,必須,,未確認,,
239,日焼け止めは季節で変えたほうがいいの？,日焼け止め,beauty,ja,必須,,未確認,,
240,クレンジングは季節で変えたほうがいいの？,クレンジング,beauty,ja,,,未確認,,
241,洗顔料は季節で変えたほうがいいの？,洗顔料,beauty,ja,必須,,未確認,,
242,洗顔の回数は季節で変えたほうがいいの？,洗顔の回数,beauty,ja,必須,,未確認,,
243,パックは季節で変えたほうがいいの？,パック,beauty,ja,,,未確認,,
244,シートマスクは季節で変えたほうがいいの？,シートマスク,beauty,ja,,,未確認,,
245,角質ケアは季節で変えたほうがいいの？,角質ケア,beauty,ja,必須,,未確認,,
246,毛穴ケアは季節で変えたほうがいいの？,毛穴ケア,beauty,ja,必須,,未確認,,
247,スクラブは季節で変えたほうがいいの？,スクラブ,beauty,ja,,,未確認,,
248,ふきとり化粧水は季節で変えたほうがいいの？,ふきとり化粧水,beauty,ja,必須,,未確認,,
249,導入美容液は季節で変えたほうがいいの？,導入美容液,beauty,ja,必須,,未確認,,
250,スキンケアの順番は季節で変えたほうがいいの？,スキンケアの順番,beauty,ja,,,未確認,,
251,朝のスキンケアは季節で変えたほうがいいの？,朝のスキンケア,beauty,ja,,,未確認,,
252,夜のスキンケアは季節で変えたほうがいいの？,夜のスキンケア,beauty,ja,,,未確認,,
253,化粧下地は季節で変えたほうがいいの？,化粧下地,beauty,ja,,,未確認,,
254,ファンデーションは季節で変えたほうがいいの？,ファンデーション,beauty,ja,,,未確認,,
255,コンシーラーは季節で変えたほうがいいの？,コンシーラー,beauty,ja,,,未確認,,
256,フェイスパウダーは季節で変えたほうがいいの？,フェイスパウダー,beauty,ja,,,未確認,,
257,チークは季節で変えたほうがいいの？,チーク,beauty,ja,,,未確認,,
258,アイシャドウは季節で変えたほうがいいの？,アイシャドウ,beauty,ja,,,未確認,,
259,アイライナーは季節で変えたほうがいいの？,アイライナー,beauty,ja,,,未確認,,
260,マスカラは季節で変えたほうがいいの？,マスカラ,beauty,ja,,,未確認,,
261,リップは季節で変えたほうがいいの？,リップ,beauty,ja,,,未確認,,
262,リップクリームは季節で変えたほうがいいの？,リップクリーム,beauty,ja,必須,,未確認,,
263,眉の描き方は季節で変えたほうがいいの？,眉の描き方,beauty,ja,,,未確認,,
264,メイク直しは季節で変えたほうがいいの？,メイク直し,beauty,ja,,,未確認,,
265,メイク落としは季節で変えたほうがいいの？,メイク落とし,beauty,ja,,,未確認,,
266,二重洗顔は季節で変えたほうがいいの？,二重洗顔,beauty,ja,必須,,未確認,,
267,シャンプーは季節で変えたほうがいいの？,シャンプー,beauty,ja,必須,,未確認,,
268,コンディショナーは季節で変えたほうがいいの？,コンディショナー,beauty,ja,,,未確認,,
269,トリートメントは季節で変えたほうがいいの？,トリートメント,beauty,ja,,,未確認,,
270,ヘアオイルは季節で変えたほうがいいの？,ヘアオイル,beauty,ja,,,未確認,,
271,ドライヤーの使い方は季節で変えたほうがいいの？,ドライヤーの使い方,beauty,ja,,,未確認,,
272,頭皮ケアは季節で変えたほうがいいの？,頭皮ケア,beauty,ja,必須,,未確認,,
273,ヘアブラシは季節で変えたほうがいいの？,ヘアブラシ,beauty,ja,,,未確認,,
274,ネイルケアは季節で変えたほうがいいの？,ネイルケア,beauty,ja,,,未確認,,
275,ハンドクリームは季節で変えたほうがいいの？,ハンドクリーム,beauty,ja,必須,,未確認,,
276,ボディクリームは季節で変えたほうがいいの？,ボディクリーム,beauty,ja,必須,,未確認,,
277,ボディソープは季節で変えたほうがいいの？,ボディソープ,beauty,ja,,,未確認,,
278,入浴剤は季節で変えたほうがいいの？,入浴剤,beauty,ja,必須,,未確認,,
279,制汗剤は季節で変えたほうがいいの？,制汗剤,beauty,ja,必須,,未確認,,
280,香水のつけ方は季節で変えたほうがいいの？,香水のつけ方,beauty,ja,,,未確認,,
281,フレグランスの保管は季節で変えたほうがいいの？,フレグランスの保管,beauty,ja,,,未確認,,
282,化粧品の保管は季節で変えたほうがいいの？,化粧品の保管,beauty,ja,,,未確認,,
283,化粧品の使用期限は季節で変えたほうがいいの？,化粧品の使用期限,beauty,ja,,,未確認,,
284,化粧筆の洗い方は季節で変えたほうがいいの？,化粧筆の洗い方,beauty,ja,,,未確認,,
285,メイクスポンジは季節で変えたほうがいいの？,メイクスポンジ,beauty,ja,,,未確認,,
286,鏡の選び方は季節で変えたほうがいいの？,鏡の選び方,beauty,ja,,,未確認,,
287,乾燥肌のケアは季節で変えたほうがいいの？,乾燥肌のケア,beauty,ja,必須,,未確認,,
288,脂性肌のケアは季節で変えたほうがいいの？,脂性肌のケア,beauty,ja,必須,,未確認,,
289,混合肌のケアは季節で変えたほうがいいの？,混合肌のケア,beauty,ja,必須,,未確認,,
290,敏感肌のケアは季節で変えたほうがいいの？,敏感肌のケア,beauty,ja,必須,,未確認,,
291,化粧水に決まりはあるの？,化粧水,beauty,ja,必須,,未確認,,
292,乳液に決まりはあるの？,乳液,beauty,ja,必須,,未確認,,
293,美容液に決まりはあるの？,美容液,beauty,ja,必須,,未確認,,
294,クリームに決まりはあるの？,クリーム,beauty,ja,必須,,未確認,,
295,日焼け止めに決まりはあるの？,日焼け止め,beauty,ja,必須,,未確認,,
296,クレンジングに決まりはあるの？,クレンジング,beauty,ja,,,未確認,,
297,洗顔料に決まりはあるの？,洗顔料,beauty,ja,必須,,未確認,,
298,洗顔の回数に決まりはあるの？,洗顔の回数,beauty,ja,必須,,未確認,,
299,パックに決まりはあるの？,パック,beauty,ja,,,未確認,,
300,シートマスクに決まりはあるの？,シートマスク,beauty,ja,,,未確認,,
301,角質ケアに決まりはあるの？,角質ケア,beauty,ja,必須,,未確認,,
302,毛穴ケアに決まりはあるの？,毛穴ケア,beauty,ja,必須,,未確認,,
303,スクラブに決まりはあるの？,スクラブ,beauty,ja,,,未確認,,
304,ふきとり化粧水に決まりはあるの？,ふきとり化粧水,beauty,ja,必須,,未確認,,
305,導入美容液に決まりはあるの？,導入美容液,beauty,ja,必須,,未確認,,
306,スキンケアの順番に決まりはあるの？,スキンケアの順番,beauty,ja,,,未確認,,
307,朝のスキンケアに決まりはあるの？,朝のスキンケア,beauty,ja,,,未確認,,
308,夜のスキンケアに決まりはあるの？,夜のスキンケア,beauty,ja,,,未確認,,
309,化粧下地に決まりはあるの？,化粧下地,beauty,ja,,,未確認,,
310,ファンデーションに決まりはあるの？,ファンデーション,beauty,ja,,,未確認,,
311,コンシーラーに決まりはあるの？,コンシーラー,beauty,ja,,,未確認,,
312,フェイスパウダーに決まりはあるの？,フェイスパウダー,beauty,ja,,,未確認,,
313,チークに決まりはあるの？,チーク,beauty,ja,,,未確認,,
314,アイシャドウに決まりはあるの？,アイシャドウ,beauty,ja,,,未確認,,
315,アイライナーに決まりはあるの？,アイライナー,beauty,ja,,,未確認,,
316,マスカラに決まりはあるの？,マスカラ,beauty,ja,,,未確認,,
317,リップに決まりはあるの？,リップ,beauty,ja,,,未確認,,
318,リップクリームに決まりはあるの？,リップクリーム,beauty,ja,必須,,未確認,,
319,眉の描き方に決まりはあるの？,眉の描き方,beauty,ja,,,未確認,,
320,メイク直しに決まりはあるの？,メイク直し,beauty,ja,,,未確認,,
321,メイク落としに決まりはあるの？,メイク落とし,beauty,ja,,,未確認,,
322,二重洗顔に決まりはあるの？,二重洗顔,beauty,ja,必須,,未確認,,
323,シャンプーに決まりはあるの？,シャンプー,beauty,ja,必須,,未確認,,
324,コンディショナーに決まりはあるの？,コンディショナー,beauty,ja,,,未確認,,
325,トリートメントに決まりはあるの？,トリートメント,beauty,ja,,,未確認,,
326,ヘアオイルに決まりはあるの？,ヘアオイル,beauty,ja,,,未確認,,
327,ドライヤーの使い方に決まりはあるの？,ドライヤーの使い方,beauty,ja,,,未確認,,
328,頭皮ケアに決まりはあるの？,頭皮ケア,beauty,ja,必須,,未確認,,
329,ヘアブラシに決まりはあるの？,ヘアブラシ,beauty,ja,,,未確認,,
330,ネイルケアに決まりはあるの？,ネイルケア,beauty,ja,,,未確認,,
331,ハンドクリームに決まりはあるの？,ハンドクリーム,beauty,ja,必須,,未確認,,
332,ボディクリームに決まりはあるの？,ボディクリーム,beauty,ja,必須,,未確認,,
333,ボディソープに決まりはあるの？,ボディソープ,beauty,ja,,,未確認,,
334,入浴剤に決まりはあるの？,入浴剤,beauty,ja,必須,,未確認,,
335,制汗剤に決まりはあるの？,制汗剤,beauty,ja,必須,,未確認,,
336,香水のつけ方に決まりはあるの？,香水のつけ方,beauty,ja,,,未確認,,
337,フレグランスの保管に決まりはあるの？,フレグランスの保管,beauty,ja,,,未確認,,
338,化粧品の保管に決まりはあるの？,化粧品の保管,beauty,ja,,,未確認,,
339,化粧品の使用期限に決まりはあるの？,化粧品の使用期限,beauty,ja,,,未確認,,
340,化粧筆の洗い方に決まりはあるの？,化粧筆の洗い方,beauty,ja,,,未確認,,
341,メイクスポンジに決まりはあるの？,メイクスポンジ,beauty,ja,,,未確認,,
342,鏡の選び方に決まりはあるの？,鏡の選び方,beauty,ja,,,未確認,,
343,乾燥肌のケアに決まりはあるの？,乾燥肌のケア,beauty,ja,必須,,未確認,,
344,脂性肌のケアに決まりはあるの？,脂性肌のケア,beauty,ja,必須,,未確認,,
345,混合肌のケアに決まりはあるの？,混合肌のケア,beauty,ja,必須,,未確認,,
346,敏感肌のケアに決まりはあるの？,敏感肌のケア,beauty,ja,必須,,未確認,,
347,洗顔の回数は毎日やったほうがいいの？,洗顔の回数,beauty,ja,必須,,未確認,,
348,角質ケアは毎日やったほうがいいの？,角質ケア,beauty,ja,必須,,未確認,,
349,毛穴ケアは毎日やったほうがいいの？,毛穴ケア,beauty,ja,必須,,未確認,,
350,スキンケアの順番は毎日やったほうがいいの？,スキンケアの順番,beauty,ja,,,未確認,,
351,朝のスキンケアは毎日やったほうがいいの？,朝のスキンケア,beauty,ja,,,未確認,,
352,夜のスキンケアは毎日やったほうがいいの？,夜のスキンケア,beauty,ja,,,未確認,,
353,眉の描き方は毎日やったほうがいいの？,眉の描き方,beauty,ja,,,未確認,,
354,メイク直しは毎日やったほうがいいの？,メイク直し,beauty,ja,,,未確認,,
355,メイク落としは毎日やったほうがいいの？,メイク落とし,beauty,ja,,,未確認,,
356,二重洗顔は毎日やったほうがいいの？,二重洗顔,beauty,ja,必須,,未確認,,
357,ドライヤーの使い方は毎日やったほうがいいの？,ドライヤーの使い方,beauty,ja,,,未確認,,
358,頭皮ケアは毎日やったほうがいいの？,頭皮ケア,beauty,ja,必須,,未確認,,
359,ネイルケアは毎日やったほうがいいの？,ネイルケア,beauty,ja,,,未確認,,
360,香水のつけ方は毎日やったほうがいいの？,香水のつけ方,beauty,ja,,,未確認,,
361,化粧筆の洗い方は毎日やったほうがいいの？,化粧筆の洗い方,beauty,ja,,,未確認,,
362,鏡の選び方は毎日やったほうがいいの？,鏡の選び方,beauty,ja,,,未確認,,
363,乾燥肌のケアは毎日やったほうがいいの？,乾燥肌のケア,beauty,ja,必須,,未確認,,
364,脂性肌のケアは毎日やったほうがいいの？,脂性肌のケア,beauty,ja,必須,,未確認,,
365,混合肌のケアは毎日やったほうがいいの？,混合肌のケア,beauty,ja,必須,,未確認,,
366,敏感肌のケアは毎日やったほうがいいの？,敏感肌のケア,beauty,ja,必須,,未確認,,
367,洗顔の回数はいつやるのがいいの？,洗顔の回数,beauty,ja,必須,,未確認,,
368,角質ケアはいつやるのがいいの？,角質ケア,beauty,ja,必須,,未確認,,
369,毛穴ケアはいつやるのがいいの？,毛穴ケア,beauty,ja,必須,,未確認,,
370,スキンケアの順番はいつやるのがいいの？,スキンケアの順番,beauty,ja,,,未確認,,
371,朝のスキンケアはいつやるのがいいの？,朝のスキンケア,beauty,ja,,,未確認,,
372,夜のスキンケアはいつやるのがいいの？,夜のスキンケア,beauty,ja,,,未確認,,
373,眉の描き方はいつやるのがいいの？,眉の描き方,beauty,ja,,,未確認,,
374,メイク直しはいつやるのがいいの？,メイク直し,beauty,ja,,,未確認,,
375,メイク落としはいつやるのがいいの？,メイク落とし,beauty,ja,,,未確認,,
376,二重洗顔はいつやるのがいいの？,二重洗顔,beauty,ja,必須,,未確認,,
377,ドライヤーの使い方はいつやるのがいいの？,ドライヤーの使い方,beauty,ja,,,未確認,,
378,頭皮ケアはいつやるのがいいの？,頭皮ケア,beauty,ja,必須,,未確認,,
379,ネイルケアはいつやるのがいいの？,ネイルケア,beauty,ja,,,未確認,,
380,香水のつけ方はいつやるのがいいの？,香水のつけ方,beauty,ja,,,未確認,,
381,化粧筆の洗い方はいつやるのがいいの？,化粧筆の洗い方,beauty,ja,,,未確認,,
382,鏡の選び方はいつやるのがいいの？,鏡の選び方,beauty,ja,,,未確認,,
383,乾燥肌のケアはいつやるのがいいの？,乾燥肌のケア,beauty,ja,必須,,未確認,,
384,脂性肌のケアはいつやるのがいいの？,脂性肌のケア,beauty,ja,必須,,未確認,,
385,混合肌のケアはいつやるのがいいの？,混合肌のケア,beauty,ja,必須,,未確認,,
386,敏感肌のケアはいつやるのがいいの？,敏感肌のケア,beauty,ja,必須,,未確認,,
387,洗顔の回数はやりすぎるとどうなるの？,洗顔の回数,beauty,ja,必須,,未確認,,
388,角質ケアはやりすぎるとどうなるの？,角質ケア,beauty,ja,必須,,未確認,,
389,毛穴ケアはやりすぎるとどうなるの？,毛穴ケア,beauty,ja,必須,,未確認,,
390,スキンケアの順番はやりすぎるとどうなるの？,スキンケアの順番,beauty,ja,,,未確認,,
391,朝のスキンケアはやりすぎるとどうなるの？,朝のスキンケア,beauty,ja,,,未確認,,
392,夜のスキンケアはやりすぎるとどうなるの？,夜のスキンケア,beauty,ja,,,未確認,,
393,眉の描き方はやりすぎるとどうなるの？,眉の描き方,beauty,ja,,,未確認,,
394,メイク直しはやりすぎるとどうなるの？,メイク直し,beauty,ja,,,未確認,,
395,メイク落としはやりすぎるとどうなるの？,メイク落とし,beauty,ja,,,未確認,,
396,二重洗顔はやりすぎるとどうなるの？,二重洗顔,beauty,ja,必須,,未確認,,
397,ドライヤーの使い方はやりすぎるとどうなるの？,ドライヤーの使い方,beauty,ja,,,未確認,,
398,頭皮ケアはやりすぎるとどうなるの？,頭皮ケア,beauty,ja,必須,,未確認,,
399,ネイルケアはやりすぎるとどうなるの？,ネイルケア,beauty,ja,,,未確認,,
400,香水のつけ方はやりすぎるとどうなるの？,香水のつけ方,beauty,ja,,,未確認,,
401,化粧筆の洗い方はやりすぎるとどうなるの？,化粧筆の洗い方,beauty,ja,,,未確認,,
402,鏡の選び方はやりすぎるとどうなるの？,鏡の選び方,beauty,ja,,,未確認,,
403,乾燥肌のケアはやりすぎるとどうなるの？,乾燥肌のケア,beauty,ja,必須,,未確認,,
404,脂性肌のケアはやりすぎるとどうなるの？,脂性肌のケア,beauty,ja,必須,,未確認,,
405,混合肌のケアはやりすぎるとどうなるの？,混合肌のケア,beauty,ja,必須,,未確認,,
406,敏感肌のケアはやりすぎるとどうなるの？,敏感肌のケア,beauty,ja,必須,,未確認,,
407,洗顔の回数をやめるとどうなるの？,洗顔の回数,beauty,ja,必須,,未確認,,
408,角質ケアをやめるとどうなるの？,角質ケア,beauty,ja,必須,,未確認,,
409,毛穴ケアをやめるとどうなるの？,毛穴ケア,beauty,ja,必須,,未確認,,
410,スキンケアの順番をやめるとどうなるの？,スキンケアの順番,beauty,ja,,,未確認,,
411,朝のスキンケアをやめるとどうなるの？,朝のスキンケア,beauty,ja,,,未確認,,
412,夜のスキンケアをやめるとどうなるの？,夜のスキンケア,beauty,ja,,,未確認,,
413,眉の描き方をやめるとどうなるの？,眉の描き方,beauty,ja,,,未確認,,
414,メイク直しをやめるとどうなるの？,メイク直し,beauty,ja,,,未確認,,
415,メイク落としをやめるとどうなるの？,メイク落とし,beauty,ja,,,未確認,,
416,二重洗顔をやめるとどうなるの？,二重洗顔,beauty,ja,必須,,未確認,,
417,ドライヤーの使い方をやめるとどうなるの？,ドライヤーの使い方,beauty,ja,,,未確認,,
418,頭皮ケアをやめるとどうなるの？,頭皮ケア,beauty,ja,必須,,未確認,,
419,ネイルケアをやめるとどうなるの？,ネイルケア,beauty,ja,,,未確認,,
420,香水のつけ方をやめるとどうなるの？,香水のつけ方,beauty,ja,,,未確認,,
421,化粧筆の洗い方をやめるとどうなるの？,化粧筆の洗い方,beauty,ja,,,未確認,,
422,鏡の選び方をやめるとどうなるの？,鏡の選び方,beauty,ja,,,未確認,,
423,乾燥肌のケアをやめるとどうなるの？,乾燥肌のケア,beauty,ja,必須,,未確認,,
424,脂性肌のケアをやめるとどうなるの？,脂性肌のケア,beauty,ja,必須,,未確認,,
425,混合肌のケアをやめるとどうなるの？,混合肌のケア,beauty,ja,必須,,未確認,,
426,敏感肌のケアをやめるとどうなるの？,敏感肌のケア,beauty,ja,必須,,未確認,,
427,洗顔の回数はどこまでやればいいの？,洗顔の回数,beauty,ja,必須,,未確認,,
428,角質ケアはどこまでやればいいの？,角質ケア,beauty,ja,必須,,未確認,,
429,毛穴ケアはどこまでやればいいの？,毛穴ケア,beauty,ja,必須,,未確認,,
430,スキンケアの順番はどこまでやればいいの？,スキンケアの順番,beauty,ja,,,未確認,,
431,朝のスキンケアはどこまでやればいいの？,朝のスキンケア,beauty,ja,,,未確認,,
432,夜のスキンケアはどこまでやればいいの？,夜のスキンケア,beauty,ja,,,未確認,,
433,眉の描き方はどこまでやればいいの？,眉の描き方,beauty,ja,,,未確認,,
434,メイク直しはどこまでやればいいの？,メイク直し,beauty,ja,,,未確認,,
435,メイク落としはどこまでやればいいの？,メイク落とし,beauty,ja,,,未確認,,
436,二重洗顔はどこまでやればいいの？,二重洗顔,beauty,ja,必須,,未確認,,
437,ドライヤーの使い方はどこまでやればいいの？,ドライヤーの使い方,beauty,ja,,,未確認,,
438,頭皮ケアはどこまでやればいいの？,頭皮ケア,beauty,ja,必須,,未確認,,
439,ネイルケアはどこまでやればいいの？,ネイルケア,beauty,ja,,,未確認,,
440,香水のつけ方はどこまでやればいいの？,香水のつけ方,beauty,ja,,,未確認,,
441,化粧筆の洗い方はどこまでやればいいの？,化粧筆の洗い方,beauty,ja,,,未確認,,
442,鏡の選び方はどこまでやればいいの？,鏡の選び方,beauty,ja,,,未確認,,
443,乾燥肌のケアはどこまでやればいいの？,乾燥肌のケア,beauty,ja,必須,,未確認,,
444,脂性肌のケアはどこまでやればいいの？,脂性肌のケア,beauty,ja,必須,,未確認,,
445,混合肌のケアはどこまでやればいいの？,混合肌のケア,beauty,ja,必須,,未確認,,
446,敏感肌のケアはどこまでやればいいの？,敏感肌のケア,beauty,ja,必須,,未確認,,
447,洗顔の回数は本当に意味があるの？,洗顔の回数,beauty,ja,必須,,未確認,,
448,角質ケアは本当に意味があるの？,角質ケア,beauty,ja,必須,,未確認,,
449,毛穴ケアは本当に意味があるの？,毛穴ケア,beauty,ja,必須,,未確認,,
450,スキンケアの順番は本当に意味があるの？,スキンケアの順番,beauty,ja,,,未確認,,
451,朝のスキンケアは本当に意味があるの？,朝のスキンケア,beauty,ja,,,未確認,,
452,夜のスキンケアは本当に意味があるの？,夜のスキンケア,beauty,ja,,,未確認,,
453,眉の描き方は本当に意味があるの？,眉の描き方,beauty,ja,,,未確認,,
454,メイク直しは本当に意味があるの？,メイク直し,beauty,ja,,,未確認,,
455,メイク落としは本当に意味があるの？,メイク落とし,beauty,ja,,,未確認,,
456,二重洗顔は本当に意味があるの？,二重洗顔,beauty,ja,必須,,未確認,,
457,ドライヤーの使い方は本当に意味があるの？,ドライヤーの使い方,beauty,ja,,,未確認,,
458,頭皮ケアは本当に意味があるの？,頭皮ケア,beauty,ja,必須,,未確認,,
459,ネイルケアは本当に意味があるの？,ネイルケア,beauty,ja,,,未確認,,
460,香水のつけ方は本当に意味があるの？,香水のつけ方,beauty,ja,,,未確認,,
461,化粧筆の洗い方は本当に意味があるの？,化粧筆の洗い方,beauty,ja,,,未確認,,
462,鏡の選び方は本当に意味があるの？,鏡の選び方,beauty,ja,,,未確認,,
463,乾燥肌のケアは本当に意味があるの？,乾燥肌のケア,beauty,ja,必須,,未確認,,
464,脂性肌のケアは本当に意味があるの？,脂性肌のケア,beauty,ja,必須,,未確認,,
465,混合肌のケアは本当に意味があるの？,混合肌のケア,beauty,ja,必須,,未確認,,
466,敏感肌のケアは本当に意味があるの？,敏感肌のケア,beauty,ja,必須,,未確認,,
467,化粧水を選ぶときは何を見ればいいの？,化粧水,beauty,ja,必須,,未確認,,
468,乳液を選ぶときは何を見ればいいの？,乳液,beauty,ja,必須,,未確認,,
469,美容液を選ぶときは何を見ればいいの？,美容液,beauty,ja,必須,,未確認,,
470,クリームを選ぶときは何を見ればいいの？,クリーム,beauty,ja,必須,,未確認,,
471,日焼け止めを選ぶときは何を見ればいいの？,日焼け止め,beauty,ja,必須,,未確認,,
472,クレンジングを選ぶときは何を見ればいいの？,クレンジング,beauty,ja,,,未確認,,
473,洗顔料を選ぶときは何を見ればいいの？,洗顔料,beauty,ja,必須,,未確認,,
474,パックを選ぶときは何を見ればいいの？,パック,beauty,ja,,,未確認,,
475,シートマスクを選ぶときは何を見ればいいの？,シートマスク,beauty,ja,,,未確認,,
476,スクラブを選ぶときは何を見ればいいの？,スクラブ,beauty,ja,,,未確認,,
477,ふきとり化粧水を選ぶときは何を見ればいいの？,ふきとり化粧水,beauty,ja,必須,,未確認,,
478,導入美容液を選ぶときは何を見ればいいの？,導入美容液,beauty,ja,必須,,未確認,,
479,化粧下地を選ぶときは何を見ればいいの？,化粧下地,beauty,ja,,,未確認,,
480,ファンデーションを選ぶときは何を見ればいいの？,ファンデーション,beauty,ja,,,未確認,,
481,コンシーラーを選ぶときは何を見ればいいの？,コンシーラー,beauty,ja,,,未確認,,
482,フェイスパウダーを選ぶときは何を見ればいいの？,フェイスパウダー,beauty,ja,,,未確認,,
483,チークを選ぶときは何を見ればいいの？,チーク,beauty,ja,,,未確認,,
484,アイシャドウを選ぶときは何を見ればいいの？,アイシャドウ,beauty,ja,,,未確認,,
485,アイライナーを選ぶときは何を見ればいいの？,アイライナー,beauty,ja,,,未確認,,
486,マスカラを選ぶときは何を見ればいいの？,マスカラ,beauty,ja,,,未確認,,
487,リップを選ぶときは何を見ればいいの？,リップ,beauty,ja,,,未確認,,
488,リップクリームを選ぶときは何を見ればいいの？,リップクリーム,beauty,ja,必須,,未確認,,
489,シャンプーを選ぶときは何を見ればいいの？,シャンプー,beauty,ja,必須,,未確認,,
490,コンディショナーを選ぶときは何を見ればいいの？,コンディショナー,beauty,ja,,,未確認,,
491,トリートメントを選ぶときは何を見ればいいの？,トリートメント,beauty,ja,,,未確認,,
492,ヘアオイルを選ぶときは何を見ればいいの？,ヘアオイル,beauty,ja,,,未確認,,
493,ヘアブラシを選ぶときは何を見ればいいの？,ヘアブラシ,beauty,ja,,,未確認,,
494,ハンドクリームを選ぶときは何を見ればいいの？,ハンドクリーム,beauty,ja,必須,,未確認,,
495,ボディクリームを選ぶときは何を見ればいいの？,ボディクリーム,beauty,ja,必須,,未確認,,
496,ボディソープを選ぶときは何を見ればいいの？,ボディソープ,beauty,ja,,,未確認,,
497,入浴剤を選ぶときは何を見ればいいの？,入浴剤,beauty,ja,必須,,未確認,,
498,制汗剤を選ぶときは何を見ればいいの？,制汗剤,beauty,ja,必須,,未確認,,
499,フレグランスの保管を選ぶときは何を見ればいいの？,フレグランスの保管,beauty,ja,,,未確認,,
500,化粧品の保管を選ぶときは何を見ればいいの？,化粧品の保管,beauty,ja,,,未確認,,
501,衣替えの手順は、どの順番でやればいいの？,衣替えの手順,fashion,ja,,,未確認,,
502,衣類の毛玉について、よくある誤解は？,衣類の毛玉,fashion,ja,,,未確認,,
503,ニットの洗濯について、よくある誤解は？,ニットの洗濯,fashion,ja,,,未確認,,
504,シルクの手入れについて、よくある誤解は？,シルクの手入れ,fashion,ja,,,未確認,,
505,デニムの洗い方について、よくある誤解は？,デニムの洗い方,fashion,ja,,,未確認,,
506,白いシャツの管理について、よくある誤解は？,白いシャツの管理,fashion,ja,,,未確認,,
507,革靴の手入れについて、よくある誤解は？,革靴の手入れ,fashion,ja,,,未確認,,
508,スニーカーの洗い方について、よくある誤解は？,スニーカーの洗い方,fashion,ja,,,未確認,,
509,バッグの保管について、よくある誤解は？,バッグの保管,fashion,ja,,,未確認,,
510,アクセサリーの手入れについて、よくある誤解は？,アクセサリーの手入れ,fashion,ja,,,未確認,,
511,時計の手入れについて、よくある誤解は？,時計の手入れ,fashion,ja,,,未確認,,
512,洗濯表示の読み方について、よくある誤解は？,洗濯表示の読み方,fashion,ja,,,未確認,,
513,柔軟剤の使い方について、よくある誤解は？,柔軟剤の使い方,fashion,ja,,,未確認,,
514,部屋干しの工夫について、よくある誤解は？,部屋干しの工夫,fashion,ja,,,未確認,,
515,アイロンのかけ方について、よくある誤解は？,アイロンのかけ方,fashion,ja,,,未確認,,
516,衣替えの手順について、よくある誤解は？,衣替えの手順,fashion,ja,,,未確認,,
517,防虫剤の使い方について、よくある誤解は？,防虫剤の使い方,fashion,ja,,,未確認,,
518,クローゼットの湿気について、よくある誤解は？,クローゼットの湿気,fashion,ja,,,未確認,,
519,静電気対策について、よくある誤解は？,静電気対策,fashion,ja,,,未確認,,
520,毛布の洗濯について、よくある誤解は？,毛布の洗濯,fashion,ja,,,未確認,,
521,羽毛布団の手入れについて、よくある誤解は？,羽毛布団の手入れ,fashion,ja,,,未確認,,
522,コートの手入れについて、よくある誤解は？,コートの手入れ,fashion,ja,,,未確認,,
523,スーツの手入れについて、よくある誤解は？,スーツの手入れ,fashion,ja,,,未確認,,
524,ジャケットのしわについて、よくある誤解は？,ジャケットのしわ,fashion,ja,,,未確認,,
525,ダウンの洗い方について、よくある誤解は？,ダウンの洗い方,fashion,ja,,,未確認,,
526,レインコートの手入れについて、よくある誤解は？,レインコートの手入れ,fashion,ja,,,未確認,,
527,スニーカーの保管について、よくある誤解は？,スニーカーの保管,fashion,ja,,,未確認,,
528,ブーツの保管について、よくある誤解は？,ブーツの保管,fashion,ja,,,未確認,,
529,革バッグの雨対策について、よくある誤解は？,革バッグの雨対策,fashion,ja,,,未確認,,
530,帽子の手入れについて、よくある誤解は？,帽子の手入れ,fashion,ja,,,未確認,,
531,マフラーの洗い方について、よくある誤解は？,マフラーの洗い方,fashion,ja,,,未確認,,
532,手袋の手入れについて、よくある誤解は？,手袋の手入れ,fashion,ja,,,未確認,,
533,水着の洗い方について、よくある誤解は？,水着の洗い方,fashion,ja,,,未確認,,
534,靴下の寿命について、よくある誤解は？,靴下の寿命,fashion,ja,,,未確認,,
535,下着の買い替え時期について、よくある誤解は？,下着の買い替え時期,fashion,ja,,,未確認,,
536,色移りの防ぎ方について、よくある誤解は？,色移りの防ぎ方,fashion,ja,,,未確認,,
537,縮んだニットについて、よくある誤解は？,縮んだニット,fashion,ja,,,未確認,,
538,黄ばみの落とし方について、よくある誤解は？,黄ばみの落とし方,fashion,ja,,,未確認,,
539,毛玉取り器の使い方について、よくある誤解は？,毛玉取り器の使い方,fashion,ja,,,未確認,,
540,衣類の畳み方について、よくある誤解は？,衣類の畳み方,fashion,ja,,,未確認,,
541,ハンガーの選び方について、よくある誤解は？,ハンガーの選び方,fashion,ja,,,未確認,,
542,スカーフの結び方について、よくある誤解は？,スカーフの結び方,fashion,ja,,,未確認,,
543,ベルトの手入れについて、よくある誤解は？,ベルトの手入れ,fashion,ja,,,未確認,,
544,傘の手入れについて、よくある誤解は？,傘の手入れ,fashion,ja,,,未確認,,
545,メガネの手入れについて、よくある誤解は？,メガネの手入れ,fashion,ja,,,未確認,,
546,サングラスの保管について、よくある誤解は？,サングラスの保管,fashion,ja,,,未確認,,
547,着物の保管について、よくある誤解は？,着物の保管,fashion,ja,,,未確認,,
548,衣類の毛玉は人によって違うの？,衣類の毛玉,fashion,ja,,,未確認,,
549,ニットの洗濯は人によって違うの？,ニットの洗濯,fashion,ja,,,未確認,,
550,シルクの手入れは人によって違うの？,シルクの手入れ,fashion,ja,,,未確認,,
551,デニムの洗い方は人によって違うの？,デニムの洗い方,fashion,ja,,,未確認,,
552,白いシャツの管理は人によって違うの？,白いシャツの管理,fashion,ja,,,未確認,,
553,革靴の手入れは人によって違うの？,革靴の手入れ,fashion,ja,,,未確認,,
554,スニーカーの洗い方は人によって違うの？,スニーカーの洗い方,fashion,ja,,,未確認,,
555,バッグの保管は人によって違うの？,バッグの保管,fashion,ja,,,未確認,,
556,アクセサリーの手入れは人によって違うの？,アクセサリーの手入れ,fashion,ja,,,未確認,,
557,時計の手入れは人によって違うの？,時計の手入れ,fashion,ja,,,未確認,,
558,洗濯表示の読み方は人によって違うの？,洗濯表示の読み方,fashion,ja,,,未確認,,
559,柔軟剤の使い方は人によって違うの？,柔軟剤の使い方,fashion,ja,,,未確認,,
560,部屋干しの工夫は人によって違うの？,部屋干しの工夫,fashion,ja,,,未確認,,
561,アイロンのかけ方は人によって違うの？,アイロンのかけ方,fashion,ja,,,未確認,,
562,衣替えの手順は人によって違うの？,衣替えの手順,fashion,ja,,,未確認,,
563,防虫剤の使い方は人によって違うの？,防虫剤の使い方,fashion,ja,,,未確認,,
564,クローゼットの湿気は人によって違うの？,クローゼットの湿気,fashion,ja,,,未確認,,
565,静電気対策は人によって違うの？,静電気対策,fashion,ja,,,未確認,,
566,毛布の洗濯は人によって違うの？,毛布の洗濯,fashion,ja,,,未確認,,
567,羽毛布団の手入れは人によって違うの？,羽毛布団の手入れ,fashion,ja,,,未確認,,
568,コートの手入れは人によって違うの？,コートの手入れ,fashion,ja,,,未確認,,
569,スーツの手入れは人によって違うの？,スーツの手入れ,fashion,ja,,,未確認,,
570,ジャケットのしわは人によって違うの？,ジャケットのしわ,fashion,ja,,,未確認,,
571,ダウンの洗い方は人によって違うの？,ダウンの洗い方,fashion,ja,,,未確認,,
572,レインコートの手入れは人によって違うの？,レインコートの手入れ,fashion,ja,,,未確認,,
573,スニーカーの保管は人によって違うの？,スニーカーの保管,fashion,ja,,,未確認,,
574,ブーツの保管は人によって違うの？,ブーツの保管,fashion,ja,,,未確認,,
575,革バッグの雨対策は人によって違うの？,革バッグの雨対策,fashion,ja,,,未確認,,
576,帽子の手入れは人によって違うの？,帽子の手入れ,fashion,ja,,,未確認,,
577,マフラーの洗い方は人によって違うの？,マフラーの洗い方,fashion,ja,,,未確認,,
578,手袋の手入れは人によって違うの？,手袋の手入れ,fashion,ja,,,未確認,,
579,水着の洗い方は人によって違うの？,水着の洗い方,fashion,ja,,,未確認,,
580,靴下の寿命は人によって違うの？,靴下の寿命,fashion,ja,,,未確認,,
581,下着の買い替え時期は人によって違うの？,下着の買い替え時期,fashion,ja,,,未確認,,
582,色移りの防ぎ方は人によって違うの？,色移りの防ぎ方,fashion,ja,,,未確認,,
583,縮んだニットは人によって違うの？,縮んだニット,fashion,ja,,,未確認,,
584,黄ばみの落とし方は人によって違うの？,黄ばみの落とし方,fashion,ja,,,未確認,,
585,毛玉取り器の使い方は人によって違うの？,毛玉取り器の使い方,fashion,ja,,,未確認,,
586,衣類の畳み方は人によって違うの？,衣類の畳み方,fashion,ja,,,未確認,,
587,ハンガーの選び方は人によって違うの？,ハンガーの選び方,fashion,ja,,,未確認,,
588,スカーフの結び方は人によって違うの？,スカーフの結び方,fashion,ja,,,未確認,,
589,ベルトの手入れは人によって違うの？,ベルトの手入れ,fashion,ja,,,未確認,,
590,傘の手入れは人によって違うの？,傘の手入れ,fashion,ja,,,未確認,,
591,メガネの手入れは人によって違うの？,メガネの手入れ,fashion,ja,,,未確認,,
592,サングラスの保管は人によって違うの？,サングラスの保管,fashion,ja,,,未確認,,
593,着物の保管は人によって違うの？,着物の保管,fashion,ja,,,未確認,,
594,ニットの洗濯はなぜ必要なの？,ニットの洗濯,fashion,ja,,,未確認,,
595,シルクの手入れはなぜ必要なの？,シルクの手入れ,fashion,ja,,,未確認,,
596,デニムの洗い方はなぜ必要なの？,デニムの洗い方,fashion,ja,,,未確認,,
597,白いシャツの管理はなぜ必要なの？,白いシャツの管理,fashion,ja,,,未確認,,
598,革靴の手入れはなぜ必要なの？,革靴の手入れ,fashion,ja,,,未確認,,
599,スニーカーの洗い方はなぜ必要なの？,スニーカーの洗い方,fashion,ja,,,未確認,,
600,バッグの保管はなぜ必要なの？,バッグの保管,fashion,ja,,,未確認,,
601,アクセサリーの手入れはなぜ必要なの？,アクセサリーの手入れ,fashion,ja,,,未確認,,
602,時計の手入れはなぜ必要なの？,時計の手入れ,fashion,ja,,,未確認,,
603,洗濯表示の読み方はなぜ必要なの？,洗濯表示の読み方,fashion,ja,,,未確認,,
604,柔軟剤の使い方はなぜ必要なの？,柔軟剤の使い方,fashion,ja,,,未確認,,
605,部屋干しの工夫はなぜ必要なの？,部屋干しの工夫,fashion,ja,,,未確認,,
606,アイロンのかけ方はなぜ必要なの？,アイロンのかけ方,fashion,ja,,,未確認,,
607,衣替えの手順はなぜ必要なの？,衣替えの手順,fashion,ja,,,未確認,,
608,防虫剤の使い方はなぜ必要なの？,防虫剤の使い方,fashion,ja,,,未確認,,
609,毛布の洗濯はなぜ必要なの？,毛布の洗濯,fashion,ja,,,未確認,,
610,羽毛布団の手入れはなぜ必要なの？,羽毛布団の手入れ,fashion,ja,,,未確認,,
611,コートの手入れはなぜ必要なの？,コートの手入れ,fashion,ja,,,未確認,,
612,スーツの手入れはなぜ必要なの？,スーツの手入れ,fashion,ja,,,未確認,,
613,ジャケットのしわはなぜ必要なの？,ジャケットのしわ,fashion,ja,,,未確認,,
614,ダウンの洗い方はなぜ必要なの？,ダウンの洗い方,fashion,ja,,,未確認,,
615,レインコートの手入れはなぜ必要なの？,レインコートの手入れ,fashion,ja,,,未確認,,
616,スニーカーの保管はなぜ必要なの？,スニーカーの保管,fashion,ja,,,未確認,,
617,ブーツの保管はなぜ必要なの？,ブーツの保管,fashion,ja,,,未確認,,
618,革バッグの雨対策はなぜ必要なの？,革バッグの雨対策,fashion,ja,,,未確認,,
619,帽子の手入れはなぜ必要なの？,帽子の手入れ,fashion,ja,,,未確認,,
620,マフラーの洗い方はなぜ必要なの？,マフラーの洗い方,fashion,ja,,,未確認,,
621,手袋の手入れはなぜ必要なの？,手袋の手入れ,fashion,ja,,,未確認,,
622,水着の洗い方はなぜ必要なの？,水着の洗い方,fashion,ja,,,未確認,,
623,靴下の寿命はなぜ必要なの？,靴下の寿命,fashion,ja,,,未確認,,
624,下着の買い替え時期はなぜ必要なの？,下着の買い替え時期,fashion,ja,,,未確認,,
625,色移りの防ぎ方はなぜ必要なの？,色移りの防ぎ方,fashion,ja,,,未確認,,
626,縮んだニットはなぜ必要なの？,縮んだニット,fashion,ja,,,未確認,,
627,黄ばみの落とし方はなぜ必要なの？,黄ばみの落とし方,fashion,ja,,,未確認,,
628,毛玉取り器の使い方はなぜ必要なの？,毛玉取り器の使い方,fashion,ja,,,未確認,,
629,衣類の畳み方はなぜ必要なの？,衣類の畳み方,fashion,ja,,,未確認,,
630,ハンガーの選び方はなぜ必要なの？,ハンガーの選び方,fashion,ja,,,未確認,,
631,スカーフの結び方はなぜ必要なの？,スカーフの結び方,fashion,ja,,,未確認,,
632,ベルトの手入れはなぜ必要なの？,ベルトの手入れ,fashion,ja,,,未確認,,
633,傘の手入れはなぜ必要なの？,傘の手入れ,fashion,ja,,,未確認,,
634,メガネの手入れはなぜ必要なの？,メガネの手入れ,fashion,ja,,,未確認,,
635,サングラスの保管はなぜ必要なの？,サングラスの保管,fashion,ja,,,未確認,,
636,着物の保管はなぜ必要なの？,着物の保管,fashion,ja,,,未確認,,
637,ニットの洗濯の目安はどれくらい？,ニットの洗濯,fashion,ja,,,未確認,,
638,シルクの手入れの目安はどれくらい？,シルクの手入れ,fashion,ja,,,未確認,,
639,デニムの洗い方の目安はどれくらい？,デニムの洗い方,fashion,ja,,,未確認,,
640,白いシャツの管理の目安はどれくらい？,白いシャツの管理,fashion,ja,,,未確認,,
641,革靴の手入れの目安はどれくらい？,革靴の手入れ,fashion,ja,,,未確認,,
642,スニーカーの洗い方の目安はどれくらい？,スニーカーの洗い方,fashion,ja,,,未確認,,
643,バッグの保管の目安はどれくらい？,バッグの保管,fashion,ja,,,未確認,,
644,アクセサリーの手入れの目安はどれくらい？,アクセサリーの手入れ,fashion,ja,,,未確認,,
645,時計の手入れの目安はどれくらい？,時計の手入れ,fashion,ja,,,未確認,,
646,洗濯表示の読み方の目安はどれくらい？,洗濯表示の読み方,fashion,ja,,,未確認,,
647,柔軟剤の使い方の目安はどれくらい？,柔軟剤の使い方,fashion,ja,,,未確認,,
648,部屋干しの工夫の目安はどれくらい？,部屋干しの工夫,fashion,ja,,,未確認,,
649,アイロンのかけ方の目安はどれくらい？,アイロンのかけ方,fashion,ja,,,未確認,,
650,衣替えの手順の目安はどれくらい？,衣替えの手順,fashion,ja,,,未確認,,
651,防虫剤の使い方の目安はどれくらい？,防虫剤の使い方,fashion,ja,,,未確認,,
652,毛布の洗濯の目安はどれくらい？,毛布の洗濯,fashion,ja,,,未確認,,
653,羽毛布団の手入れの目安はどれくらい？,羽毛布団の手入れ,fashion,ja,,,未確認,,
654,コートの手入れの目安はどれくらい？,コートの手入れ,fashion,ja,,,未確認,,
655,スーツの手入れの目安はどれくらい？,スーツの手入れ,fashion,ja,,,未確認,,
656,ジャケットのしわの目安はどれくらい？,ジャケットのしわ,fashion,ja,,,未確認,,
657,ダウンの洗い方の目安はどれくらい？,ダウンの洗い方,fashion,ja,,,未確認,,
658,レインコートの手入れの目安はどれくらい？,レインコートの手入れ,fashion,ja,,,未確認,,
659,スニーカーの保管の目安はどれくらい？,スニーカーの保管,fashion,ja,,,未確認,,
660,ブーツの保管の目安はどれくらい？,ブーツの保管,fashion,ja,,,未確認,,
661,革バッグの雨対策の目安はどれくらい？,革バッグの雨対策,fashion,ja,,,未確認,,
662,帽子の手入れの目安はどれくらい？,帽子の手入れ,fashion,ja,,,未確認,,
663,マフラーの洗い方の目安はどれくらい？,マフラーの洗い方,fashion,ja,,,未確認,,
664,手袋の手入れの目安はどれくらい？,手袋の手入れ,fashion,ja,,,未確認,,
665,水着の洗い方の目安はどれくらい？,水着の洗い方,fashion,ja,,,未確認,,
666,靴下の寿命の目安はどれくらい？,靴下の寿命,fashion,ja,,,未確認,,
667,下着の買い替え時期の目安はどれくらい？,下着の買い替え時期,fashion,ja,,,未確認,,
668,色移りの防ぎ方の目安はどれくらい？,色移りの防ぎ方,fashion,ja,,,未確認,,
669,縮んだニットの目安はどれくらい？,縮んだニット,fashion,ja,,,未確認,,
670,黄ばみの落とし方の目安はどれくらい？,黄ばみの落とし方,fashion,ja,,,未確認,,
671,毛玉取り器の使い方の目安はどれくらい？,毛玉取り器の使い方,fashion,ja,,,未確認,,
672,衣類の畳み方の目安はどれくらい？,衣類の畳み方,fashion,ja,,,未確認,,
673,ハンガーの選び方の目安はどれくらい？,ハンガーの選び方,fashion,ja,,,未確認,,
674,スカーフの結び方の目安はどれくらい？,スカーフの結び方,fashion,ja,,,未確認,,
675,ベルトの手入れの目安はどれくらい？,ベルトの手入れ,fashion,ja,,,未確認,,
676,傘の手入れの目安はどれくらい？,傘の手入れ,fashion,ja,,,未確認,,
677,メガネの手入れの目安はどれくらい？,メガネの手入れ,fashion,ja,,,未確認,,
678,サングラスの保管の目安はどれくらい？,サングラスの保管,fashion,ja,,,未確認,,
679,着物の保管の目安はどれくらい？,着物の保管,fashion,ja,,,未確認,,
680,ニットの洗濯は季節で変えたほうがいいの？,ニットの洗濯,fashion,ja,,,未確認,,
681,シルクの手入れは季節で変えたほうがいいの？,シルクの手入れ,fashion,ja,,,未確認,,
682,デニムの洗い方は季節で変えたほうがいいの？,デニムの洗い方,fashion,ja,,,未確認,,
683,白いシャツの管理は季節で変えたほうがいいの？,白いシャツの管理,fashion,ja,,,未確認,,
684,革靴の手入れは季節で変えたほうがいいの？,革靴の手入れ,fashion,ja,,,未確認,,
685,スニーカーの洗い方は季節で変えたほうがいいの？,スニーカーの洗い方,fashion,ja,,,未確認,,
686,バッグの保管は季節で変えたほうがいいの？,バッグの保管,fashion,ja,,,未確認,,
687,アクセサリーの手入れは季節で変えたほうがいいの？,アクセサリーの手入れ,fashion,ja,,,未確認,,
688,時計の手入れは季節で変えたほうがいいの？,時計の手入れ,fashion,ja,,,未確認,,
689,洗濯表示の読み方は季節で変えたほうがいいの？,洗濯表示の読み方,fashion,ja,,,未確認,,
690,柔軟剤の使い方は季節で変えたほうがいいの？,柔軟剤の使い方,fashion,ja,,,未確認,,
691,部屋干しの工夫は季節で変えたほうがいいの？,部屋干しの工夫,fashion,ja,,,未確認,,
692,アイロンのかけ方は季節で変えたほうがいいの？,アイロンのかけ方,fashion,ja,,,未確認,,
693,衣替えの手順は季節で変えたほうがいいの？,衣替えの手順,fashion,ja,,,未確認,,
694,防虫剤の使い方は季節で変えたほうがいいの？,防虫剤の使い方,fashion,ja,,,未確認,,
695,毛布の洗濯は季節で変えたほうがいいの？,毛布の洗濯,fashion,ja,,,未確認,,
696,羽毛布団の手入れは季節で変えたほうがいいの？,羽毛布団の手入れ,fashion,ja,,,未確認,,
697,コートの手入れは季節で変えたほうがいいの？,コートの手入れ,fashion,ja,,,未確認,,
698,スーツの手入れは季節で変えたほうがいいの？,スーツの手入れ,fashion,ja,,,未確認,,
699,ジャケットのしわは季節で変えたほうがいいの？,ジャケットのしわ,fashion,ja,,,未確認,,
700,ダウンの洗い方は季節で変えたほうがいいの？,ダウンの洗い方,fashion,ja,,,未確認,,
701,レインコートの手入れは季節で変えたほうがいいの？,レインコートの手入れ,fashion,ja,,,未確認,,
702,スニーカーの保管は季節で変えたほうがいいの？,スニーカーの保管,fashion,ja,,,未確認,,
703,ブーツの保管は季節で変えたほうがいいの？,ブーツの保管,fashion,ja,,,未確認,,
704,革バッグの雨対策は季節で変えたほうがいいの？,革バッグの雨対策,fashion,ja,,,未確認,,
705,帽子の手入れは季節で変えたほうがいいの？,帽子の手入れ,fashion,ja,,,未確認,,
706,マフラーの洗い方は季節で変えたほうがいいの？,マフラーの洗い方,fashion,ja,,,未確認,,
707,手袋の手入れは季節で変えたほうがいいの？,手袋の手入れ,fashion,ja,,,未確認,,
708,水着の洗い方は季節で変えたほうがいいの？,水着の洗い方,fashion,ja,,,未確認,,
709,靴下の寿命は季節で変えたほうがいいの？,靴下の寿命,fashion,ja,,,未確認,,
710,下着の買い替え時期は季節で変えたほうがいいの？,下着の買い替え時期,fashion,ja,,,未確認,,
711,色移りの防ぎ方は季節で変えたほうがいいの？,色移りの防ぎ方,fashion,ja,,,未確認,,
712,縮んだニットは季節で変えたほうがいいの？,縮んだニット,fashion,ja,,,未確認,,
713,黄ばみの落とし方は季節で変えたほうがいいの？,黄ばみの落とし方,fashion,ja,,,未確認,,
714,毛玉取り器の使い方は季節で変えたほうがいいの？,毛玉取り器の使い方,fashion,ja,,,未確認,,
715,衣類の畳み方は季節で変えたほうがいいの？,衣類の畳み方,fashion,ja,,,未確認,,
716,ハンガーの選び方は季節で変えたほうがいいの？,ハンガーの選び方,fashion,ja,,,未確認,,
717,スカーフの結び方は季節で変えたほうがいいの？,スカーフの結び方,fashion,ja,,,未確認,,
718,ベルトの手入れは季節で変えたほうがいいの？,ベルトの手入れ,fashion,ja,,,未確認,,
719,傘の手入れは季節で変えたほうがいいの？,傘の手入れ,fashion,ja,,,未確認,,
720,メガネの手入れは季節で変えたほうがいいの？,メガネの手入れ,fashion,ja,,,未確認,,
721,サングラスの保管は季節で変えたほうがいいの？,サングラスの保管,fashion,ja,,,未確認,,
722,着物の保管は季節で変えたほうがいいの？,着物の保管,fashion,ja,,,未確認,,
723,ニットの洗濯に決まりはあるの？,ニットの洗濯,fashion,ja,,,未確認,,
724,シルクの手入れに決まりはあるの？,シルクの手入れ,fashion,ja,,,未確認,,
725,デニムの洗い方に決まりはあるの？,デニムの洗い方,fashion,ja,,,未確認,,
726,白いシャツの管理に決まりはあるの？,白いシャツの管理,fashion,ja,,,未確認,,
727,革靴の手入れに決まりはあるの？,革靴の手入れ,fashion,ja,,,未確認,,
728,スニーカーの洗い方に決まりはあるの？,スニーカーの洗い方,fashion,ja,,,未確認,,
729,バッグの保管に決まりはあるの？,バッグの保管,fashion,ja,,,未確認,,
730,アクセサリーの手入れに決まりはあるの？,アクセサリーの手入れ,fashion,ja,,,未確認,,
731,時計の手入れに決まりはあるの？,時計の手入れ,fashion,ja,,,未確認,,
732,洗濯表示の読み方に決まりはあるの？,洗濯表示の読み方,fashion,ja,,,未確認,,
733,柔軟剤の使い方に決まりはあるの？,柔軟剤の使い方,fashion,ja,,,未確認,,
734,部屋干しの工夫に決まりはあるの？,部屋干しの工夫,fashion,ja,,,未確認,,
735,アイロンのかけ方に決まりはあるの？,アイロンのかけ方,fashion,ja,,,未確認,,
736,衣替えの手順に決まりはあるの？,衣替えの手順,fashion,ja,,,未確認,,
737,防虫剤の使い方に決まりはあるの？,防虫剤の使い方,fashion,ja,,,未確認,,
738,毛布の洗濯に決まりはあるの？,毛布の洗濯,fashion,ja,,,未確認,,
739,羽毛布団の手入れに決まりはあるの？,羽毛布団の手入れ,fashion,ja,,,未確認,,
740,コートの手入れに決まりはあるの？,コートの手入れ,fashion,ja,,,未確認,,
741,スーツの手入れに決まりはあるの？,スーツの手入れ,fashion,ja,,,未確認,,
742,ジャケットのしわに決まりはあるの？,ジャケットのしわ,fashion,ja,,,未確認,,
743,ダウンの洗い方に決まりはあるの？,ダウンの洗い方,fashion,ja,,,未確認,,
744,レインコートの手入れに決まりはあるの？,レインコートの手入れ,fashion,ja,,,未確認,,
745,スニーカーの保管に決まりはあるの？,スニーカーの保管,fashion,ja,,,未確認,,
746,ブーツの保管に決まりはあるの？,ブーツの保管,fashion,ja,,,未確認,,
747,革バッグの雨対策に決まりはあるの？,革バッグの雨対策,fashion,ja,,,未確認,,
748,帽子の手入れに決まりはあるの？,帽子の手入れ,fashion,ja,,,未確認,,
749,マフラーの洗い方に決まりはあるの？,マフラーの洗い方,fashion,ja,,,未確認,,
750,手袋の手入れに決まりはあるの？,手袋の手入れ,fashion,ja,,,未確認,,
751,水着の洗い方に決まりはあるの？,水着の洗い方,fashion,ja,,,未確認,,
752,靴下の寿命に決まりはあるの？,靴下の寿命,fashion,ja,,,未確認,,
753,下着の買い替え時期に決まりはあるの？,下着の買い替え時期,fashion,ja,,,未確認,,
754,色移りの防ぎ方に決まりはあるの？,色移りの防ぎ方,fashion,ja,,,未確認,,
755,縮んだニットに決まりはあるの？,縮んだニット,fashion,ja,,,未確認,,
756,黄ばみの落とし方に決まりはあるの？,黄ばみの落とし方,fashion,ja,,,未確認,,
757,毛玉取り器の使い方に決まりはあるの？,毛玉取り器の使い方,fashion,ja,,,未確認,,
758,衣類の畳み方に決まりはあるの？,衣類の畳み方,fashion,ja,,,未確認,,
759,ハンガーの選び方に決まりはあるの？,ハンガーの選び方,fashion,ja,,,未確認,,
760,スカーフの結び方に決まりはあるの？,スカーフの結び方,fashion,ja,,,未確認,,
761,ベルトの手入れに決まりはあるの？,ベルトの手入れ,fashion,ja,,,未確認,,
762,傘の手入れに決まりはあるの？,傘の手入れ,fashion,ja,,,未確認,,
763,メガネの手入れに決まりはあるの？,メガネの手入れ,fashion,ja,,,未確認,,
764,サングラスの保管に決まりはあるの？,サングラスの保管,fashion,ja,,,未確認,,
765,着物の保管に決まりはあるの？,着物の保管,fashion,ja,,,未確認,,
766,シルクの手入れは毎日やったほうがいいの？,シルクの手入れ,fashion,ja,,,未確認,,
767,デニムの洗い方は毎日やったほうがいいの？,デニムの洗い方,fashion,ja,,,未確認,,
768,白いシャツの管理は毎日やったほうがいいの？,白いシャツの管理,fashion,ja,,,未確認,,
769,革靴の手入れは毎日やったほうがいいの？,革靴の手入れ,fashion,ja,,,未確認,,
770,スニーカーの洗い方は毎日やったほうがいいの？,スニーカーの洗い方,fashion,ja,,,未確認,,
771,アクセサリーの手入れは毎日やったほうがいいの？,アクセサリーの手入れ,fashion,ja,,,未確認,,
772,時計の手入れは毎日やったほうがいいの？,時計の手入れ,fashion,ja,,,未確認,,
773,柔軟剤の使い方は毎日やったほうがいいの？,柔軟剤の使い方,fashion,ja,,,未確認,,
774,部屋干しの工夫は毎日やったほうがいいの？,部屋干しの工夫,fashion,ja,,,未確認,,
775,アイロンのかけ方は毎日やったほうがいいの？,アイロンのかけ方,fashion,ja,,,未確認,,
776,衣替えの手順は毎日やったほうがいいの？,衣替えの手順,fashion,ja,,,未確認,,
777,防虫剤の使い方は毎日やったほうがいいの？,防虫剤の使い方,fashion,ja,,,未確認,,
778,羽毛布団の手入れは毎日やったほうがいいの？,羽毛布団の手入れ,fashion,ja,,,未確認,,
779,コートの手入れは毎日やったほうがいいの？,コートの手入れ,fashion,ja,,,未確認,,
780,スーツの手入れは毎日やったほうがいいの？,スーツの手入れ,fashion,ja,,,未確認,,
781,ダウンの洗い方は毎日やったほうがいいの？,ダウンの洗い方,fashion,ja,,,未確認,,
782,レインコートの手入れは毎日やったほうがいいの？,レインコートの手入れ,fashion,ja,,,未確認,,
783,革バッグの雨対策は毎日やったほうがいいの？,革バッグの雨対策,fashion,ja,,,未確認,,
784,帽子の手入れは毎日やったほうがいいの？,帽子の手入れ,fashion,ja,,,未確認,,
785,マフラーの洗い方は毎日やったほうがいいの？,マフラーの洗い方,fashion,ja,,,未確認,,
786,手袋の手入れは毎日やったほうがいいの？,手袋の手入れ,fashion,ja,,,未確認,,
787,水着の洗い方は毎日やったほうがいいの？,水着の洗い方,fashion,ja,,,未確認,,
788,毛玉取り器の使い方は毎日やったほうがいいの？,毛玉取り器の使い方,fashion,ja,,,未確認,,
789,ハンガーの選び方は毎日やったほうがいいの？,ハンガーの選び方,fashion,ja,,,未確認,,
790,ベルトの手入れは毎日やったほうがいいの？,ベルトの手入れ,fashion,ja,,,未確認,,
791,傘の手入れは毎日やったほうがいいの？,傘の手入れ,fashion,ja,,,未確認,,
792,メガネの手入れは毎日やったほうがいいの？,メガネの手入れ,fashion,ja,,,未確認,,
793,シルクの手入れはいつやるのがいいの？,シルクの手入れ,fashion,ja,,,未確認,,
794,デニムの洗い方はいつやるのがいいの？,デニムの洗い方,fashion,ja,,,未確認,,
795,白いシャツの管理はいつやるのがいいの？,白いシャツの管理,fashion,ja,,,未確認,,
796,革靴の手入れはいつやるのがいいの？,革靴の手入れ,fashion,ja,,,未確認,,
797,スニーカーの洗い方はいつやるのがいいの？,スニーカーの洗い方,fashion,ja,,,未確認,,
798,アクセサリーの手入れはいつやるのがいいの？,アクセサリーの手入れ,fashion,ja,,,未確認,,
799,時計の手入れはいつやるのがいいの？,時計の手入れ,fashion,ja,,,未確認,,
800,柔軟剤の使い方はいつやるのがいいの？,柔軟剤の使い方,fashion,ja,,,未確認,,
801,部屋干しの工夫はいつやるのがいいの？,部屋干しの工夫,fashion,ja,,,未確認,,
802,アイロンのかけ方はいつやるのがいいの？,アイロンのかけ方,fashion,ja,,,未確認,,
803,衣替えの手順はいつやるのがいいの？,衣替えの手順,fashion,ja,,,未確認,,
804,防虫剤の使い方はいつやるのがいいの？,防虫剤の使い方,fashion,ja,,,未確認,,
805,羽毛布団の手入れはいつやるのがいいの？,羽毛布団の手入れ,fashion,ja,,,未確認,,
806,コートの手入れはいつやるのがいいの？,コートの手入れ,fashion,ja,,,未確認,,
807,スーツの手入れはいつやるのがいいの？,スーツの手入れ,fashion,ja,,,未確認,,
808,ダウンの洗い方はいつやるのがいいの？,ダウンの洗い方,fashion,ja,,,未確認,,
809,レインコートの手入れはいつやるのがいいの？,レインコートの手入れ,fashion,ja,,,未確認,,
810,革バッグの雨対策はいつやるのがいいの？,革バッグの雨対策,fashion,ja,,,未確認,,
811,帽子の手入れはいつやるのがいいの？,帽子の手入れ,fashion,ja,,,未確認,,
812,マフラーの洗い方はいつやるのがいいの？,マフラーの洗い方,fashion,ja,,,未確認,,
813,手袋の手入れはいつやるのがいいの？,手袋の手入れ,fashion,ja,,,未確認,,
814,水着の洗い方はいつやるのがいいの？,水着の洗い方,fashion,ja,,,未確認,,
815,毛玉取り器の使い方はいつやるのがいいの？,毛玉取り器の使い方,fashion,ja,,,未確認,,
816,ハンガーの選び方はいつやるのがいいの？,ハンガーの選び方,fashion,ja,,,未確認,,
817,ベルトの手入れはいつやるのがいいの？,ベルトの手入れ,fashion,ja,,,未確認,,
818,傘の手入れはいつやるのがいいの？,傘の手入れ,fashion,ja,,,未確認,,
819,メガネの手入れはいつやるのがいいの？,メガネの手入れ,fashion,ja,,,未確認,,
820,シルクの手入れはやりすぎるとどうなるの？,シルクの手入れ,fashion,ja,,,未確認,,
821,デニムの洗い方はやりすぎるとどうなるの？,デニムの洗い方,fashion,ja,,,未確認,,
822,白いシャツの管理はやりすぎるとどうなるの？,白いシャツの管理,fashion,ja,,,未確認,,
823,革靴の手入れはやりすぎるとどうなるの？,革靴の手入れ,fashion,ja,,,未確認,,
824,スニーカーの洗い方はやりすぎるとどうなるの？,スニーカーの洗い方,fashion,ja,,,未確認,,
825,アクセサリーの手入れはやりすぎるとどうなるの？,アクセサリーの手入れ,fashion,ja,,,未確認,,
826,時計の手入れはやりすぎるとどうなるの？,時計の手入れ,fashion,ja,,,未確認,,
827,柔軟剤の使い方はやりすぎるとどうなるの？,柔軟剤の使い方,fashion,ja,,,未確認,,
828,部屋干しの工夫はやりすぎるとどうなるの？,部屋干しの工夫,fashion,ja,,,未確認,,
829,アイロンのかけ方はやりすぎるとどうなるの？,アイロンのかけ方,fashion,ja,,,未確認,,
830,衣替えの手順はやりすぎるとどうなるの？,衣替えの手順,fashion,ja,,,未確認,,
831,防虫剤の使い方はやりすぎるとどうなるの？,防虫剤の使い方,fashion,ja,,,未確認,,
832,羽毛布団の手入れはやりすぎるとどうなるの？,羽毛布団の手入れ,fashion,ja,,,未確認,,
833,コートの手入れはやりすぎるとどうなるの？,コートの手入れ,fashion,ja,,,未確認,,
834,スーツの手入れはやりすぎるとどうなるの？,スーツの手入れ,fashion,ja,,,未確認,,
835,ダウンの洗い方はやりすぎるとどうなるの？,ダウンの洗い方,fashion,ja,,,未確認,,
836,レインコートの手入れはやりすぎるとどうなるの？,レインコートの手入れ,fashion,ja,,,未確認,,
837,革バッグの雨対策はやりすぎるとどうなるの？,革バッグの雨対策,fashion,ja,,,未確認,,
838,帽子の手入れはやりすぎるとどうなるの？,帽子の手入れ,fashion,ja,,,未確認,,
839,マフラーの洗い方はやりすぎるとどうなるの？,マフラーの洗い方,fashion,ja,,,未確認,,
840,手袋の手入れはやりすぎるとどうなるの？,手袋の手入れ,fashion,ja,,,未確認,,
841,水着の洗い方はやりすぎるとどうなるの？,水着の洗い方,fashion,ja,,,未確認,,
842,毛玉取り器の使い方はやりすぎるとどうなるの？,毛玉取り器の使い方,fashion,ja,,,未確認,,
843,ハンガーの選び方はやりすぎるとどうなるの？,ハンガーの選び方,fashion,ja,,,未確認,,
844,ベルトの手入れはやりすぎるとどうなるの？,ベルトの手入れ,fashion,ja,,,未確認,,
845,傘の手入れはやりすぎるとどうなるの？,傘の手入れ,fashion,ja,,,未確認,,
846,メガネの手入れはやりすぎるとどうなるの？,メガネの手入れ,fashion,ja,,,未確認,,
847,シルクの手入れをやめるとどうなるの？,シルクの手入れ,fashion,ja,,,未確認,,
848,デニムの洗い方をやめるとどうなるの？,デニムの洗い方,fashion,ja,,,未確認,,
849,白いシャツの管理をやめるとどうなるの？,白いシャツの管理,fashion,ja,,,未確認,,
850,革靴の手入れをやめるとどうなるの？,革靴の手入れ,fashion,ja,,,未確認,,
851,スニーカーの洗い方をやめるとどうなるの？,スニーカーの洗い方,fashion,ja,,,未確認,,
852,アクセサリーの手入れをやめるとどうなるの？,アクセサリーの手入れ,fashion,ja,,,未確認,,
853,時計の手入れをやめるとどうなるの？,時計の手入れ,fashion,ja,,,未確認,,
854,柔軟剤の使い方をやめるとどうなるの？,柔軟剤の使い方,fashion,ja,,,未確認,,
855,部屋干しの工夫をやめるとどうなるの？,部屋干しの工夫,fashion,ja,,,未確認,,
856,アイロンのかけ方をやめるとどうなるの？,アイロンのかけ方,fashion,ja,,,未確認,,
857,衣替えの手順をやめるとどうなるの？,衣替えの手順,fashion,ja,,,未確認,,
858,防虫剤の使い方をやめるとどうなるの？,防虫剤の使い方,fashion,ja,,,未確認,,
859,羽毛布団の手入れをやめるとどうなるの？,羽毛布団の手入れ,fashion,ja,,,未確認,,
860,コートの手入れをやめるとどうなるの？,コートの手入れ,fashion,ja,,,未確認,,
861,スーツの手入れをやめるとどうなるの？,スーツの手入れ,fashion,ja,,,未確認,,
862,ダウンの洗い方をやめるとどうなるの？,ダウンの洗い方,fashion,ja,,,未確認,,
863,レインコートの手入れをやめるとどうなるの？,レインコートの手入れ,fashion,ja,,,未確認,,
864,革バッグの雨対策をやめるとどうなるの？,革バッグの雨対策,fashion,ja,,,未確認,,
865,帽子の手入れをやめるとどうなるの？,帽子の手入れ,fashion,ja,,,未確認,,
866,マフラーの洗い方をやめるとどうなるの？,マフラーの洗い方,fashion,ja,,,未確認,,
867,手袋の手入れをやめるとどうなるの？,手袋の手入れ,fashion,ja,,,未確認,,
868,水着の洗い方をやめるとどうなるの？,水着の洗い方,fashion,ja,,,未確認,,
869,毛玉取り器の使い方をやめるとどうなるの？,毛玉取り器の使い方,fashion,ja,,,未確認,,
870,ハンガーの選び方をやめるとどうなるの？,ハンガーの選び方,fashion,ja,,,未確認,,
871,ベルトの手入れをやめるとどうなるの？,ベルトの手入れ,fashion,ja,,,未確認,,
872,傘の手入れをやめるとどうなるの？,傘の手入れ,fashion,ja,,,未確認,,
873,メガネの手入れをやめるとどうなるの？,メガネの手入れ,fashion,ja,,,未確認,,
874,シルクの手入れはどこまでやればいいの？,シルクの手入れ,fashion,ja,,,未確認,,
875,デニムの洗い方はどこまでやればいいの？,デニムの洗い方,fashion,ja,,,未確認,,
876,白いシャツの管理はどこまでやればいいの？,白いシャツの管理,fashion,ja,,,未確認,,
877,革靴の手入れはどこまでやればいいの？,革靴の手入れ,fashion,ja,,,未確認,,
878,スニーカーの洗い方はどこまでやればいいの？,スニーカーの洗い方,fashion,ja,,,未確認,,
879,アクセサリーの手入れはどこまでやればいいの？,アクセサリーの手入れ,fashion,ja,,,未確認,,
880,時計の手入れはどこまでやればいいの？,時計の手入れ,fashion,ja,,,未確認,,
881,柔軟剤の使い方はどこまでやればいいの？,柔軟剤の使い方,fashion,ja,,,未確認,,
882,部屋干しの工夫はどこまでやればいいの？,部屋干しの工夫,fashion,ja,,,未確認,,
883,アイロンのかけ方はどこまでやればいいの？,アイロンのかけ方,fashion,ja,,,未確認,,
884,衣替えの手順はどこまでやればいいの？,衣替えの手順,fashion,ja,,,未確認,,
885,防虫剤の使い方はどこまでやればいいの？,防虫剤の使い方,fashion,ja,,,未確認,,
886,羽毛布団の手入れはどこまでやればいいの？,羽毛布団の手入れ,fashion,ja,,,未確認,,
887,コートの手入れはどこまでやればいいの？,コートの手入れ,fashion,ja,,,未確認,,
888,スーツの手入れはどこまでやればいいの？,スーツの手入れ,fashion,ja,,,未確認,,
889,ダウンの洗い方はどこまでやればいいの？,ダウンの洗い方,fashion,ja,,,未確認,,
890,レインコートの手入れはどこまでやればいいの？,レインコートの手入れ,fashion,ja,,,未確認,,
891,革バッグの雨対策はどこまでやればいいの？,革バッグの雨対策,fashion,ja,,,未確認,,
892,帽子の手入れはどこまでやればいいの？,帽子の手入れ,fashion,ja,,,未確認,,
893,マフラーの洗い方はどこまでやればいいの？,マフラーの洗い方,fashion,ja,,,未確認,,
894,手袋の手入れはどこまでやればいいの？,手袋の手入れ,fashion,ja,,,未確認,,
895,水着の洗い方はどこまでやればいいの？,水着の洗い方,fashion,ja,,,未確認,,
896,毛玉取り器の使い方はどこまでやればいいの？,毛玉取り器の使い方,fashion,ja,,,未確認,,
897,ハンガーの選び方はどこまでやればいいの？,ハンガーの選び方,fashion,ja,,,未確認,,
898,ベルトの手入れはどこまでやればいいの？,ベルトの手入れ,fashion,ja,,,未確認,,
899,傘の手入れはどこまでやればいいの？,傘の手入れ,fashion,ja,,,未確認,,
900,メガネの手入れはどこまでやればいいの？,メガネの手入れ,fashion,ja,,,未確認,,
901,シルクの手入れは本当に意味があるの？,シルクの手入れ,fashion,ja,,,未確認,,
902,デニムの洗い方は本当に意味があるの？,デニムの洗い方,fashion,ja,,,未確認,,
903,白いシャツの管理は本当に意味があるの？,白いシャツの管理,fashion,ja,,,未確認,,
904,革靴の手入れは本当に意味があるの？,革靴の手入れ,fashion,ja,,,未確認,,
905,スニーカーの洗い方は本当に意味があるの？,スニーカーの洗い方,fashion,ja,,,未確認,,
906,アクセサリーの手入れは本当に意味があるの？,アクセサリーの手入れ,fashion,ja,,,未確認,,
907,時計の手入れは本当に意味があるの？,時計の手入れ,fashion,ja,,,未確認,,
908,柔軟剤の使い方は本当に意味があるの？,柔軟剤の使い方,fashion,ja,,,未確認,,
909,部屋干しの工夫は本当に意味があるの？,部屋干しの工夫,fashion,ja,,,未確認,,
910,アイロンのかけ方は本当に意味があるの？,アイロンのかけ方,fashion,ja,,,未確認,,
911,衣替えの手順は本当に意味があるの？,衣替えの手順,fashion,ja,,,未確認,,
912,防虫剤の使い方は本当に意味があるの？,防虫剤の使い方,fashion,ja,,,未確認,,
913,羽毛布団の手入れは本当に意味があるの？,羽毛布団の手入れ,fashion,ja,,,未確認,,
914,コートの手入れは本当に意味があるの？,コートの手入れ,fashion,ja,,,未確認,,
915,スーツの手入れは本当に意味があるの？,スーツの手入れ,fashion,ja,,,未確認,,
916,ダウンの洗い方は本当に意味があるの？,ダウンの洗い方,fashion,ja,,,未確認,,
917,レインコートの手入れは本当に意味があるの？,レインコートの手入れ,fashion,ja,,,未確認,,
918,革バッグの雨対策は本当に意味があるの？,革バッグの雨対策,fashion,ja,,,未確認,,
919,帽子の手入れは本当に意味があるの？,帽子の手入れ,fashion,ja,,,未確認,,
920,マフラーの洗い方は本当に意味があるの？,マフラーの洗い方,fashion,ja,,,未確認,,
921,手袋の手入れは本当に意味があるの？,手袋の手入れ,fashion,ja,,,未確認,,
922,水着の洗い方は本当に意味があるの？,水着の洗い方,fashion,ja,,,未確認,,
923,毛玉取り器の使い方は本当に意味があるの？,毛玉取り器の使い方,fashion,ja,,,未確認,,
924,ハンガーの選び方は本当に意味があるの？,ハンガーの選び方,fashion,ja,,,未確認,,
925,ベルトの手入れは本当に意味があるの？,ベルトの手入れ,fashion,ja,,,未確認,,
926,傘の手入れは本当に意味があるの？,傘の手入れ,fashion,ja,,,未確認,,
927,メガネの手入れは本当に意味があるの？,メガネの手入れ,fashion,ja,,,未確認,,
928,ニットの洗濯を選ぶときは何を見ればいいの？,ニットの洗濯,fashion,ja,,,未確認,,
929,バッグの保管を選ぶときは何を見ればいいの？,バッグの保管,fashion,ja,,,未確認,,
930,洗濯表示の読み方を選ぶときは何を見ればいいの？,洗濯表示の読み方,fashion,ja,,,未確認,,
931,毛布の洗濯を選ぶときは何を見ればいいの？,毛布の洗濯,fashion,ja,,,未確認,,
932,ジャケットのしわを選ぶときは何を見ればいいの？,ジャケットのしわ,fashion,ja,,,未確認,,
933,スニーカーの保管を選ぶときは何を見ればいいの？,スニーカーの保管,fashion,ja,,,未確認,,
934,ブーツの保管を選ぶときは何を見ればいいの？,ブーツの保管,fashion,ja,,,未確認,,
935,靴下の寿命を選ぶときは何を見ればいいの？,靴下の寿命,fashion,ja,,,未確認,,
936,下着の買い替え時期を選ぶときは何を見ればいいの？,下着の買い替え時期,fashion,ja,,,未確認,,
937,色移りの防ぎ方を選ぶときは何を見ればいいの？,色移りの防ぎ方,fashion,ja,,,未確認,,
938,縮んだニットを選ぶときは何を見ればいいの？,縮んだニット,fashion,ja,,,未確認,,
939,黄ばみの落とし方を選ぶときは何を見ればいいの？,黄ばみの落とし方,fashion,ja,,,未確認,,
940,衣類の畳み方を選ぶときは何を見ればいいの？,衣類の畳み方,fashion,ja,,,未確認,,
941,スカーフの結び方を選ぶときは何を見ればいいの？,スカーフの結び方,fashion,ja,,,未確認,,
942,サングラスの保管を選ぶときは何を見ればいいの？,サングラスの保管,fashion,ja,,,未確認,,
943,着物の保管を選ぶときは何を見ればいいの？,着物の保管,fashion,ja,,,未確認,,
944,ニットの洗濯の正しい使い方は？,ニットの洗濯,fashion,ja,,,未確認,,
945,バッグの保管の正しい使い方は？,バッグの保管,fashion,ja,,,未確認,,
946,洗濯表示の読み方の正しい使い方は？,洗濯表示の読み方,fashion,ja,,,未確認,,
947,毛布の洗濯の正しい使い方は？,毛布の洗濯,fashion,ja,,,未確認,,
948,ジャケットのしわの正しい使い方は？,ジャケットのしわ,fashion,ja,,,未確認,,
949,スニーカーの保管の正しい使い方は？,スニーカーの保管,fashion,ja,,,未確認,,
950,ブーツの保管の正しい使い方は？,ブーツの保管,fashion,ja,,,未確認,,
951,靴下の寿命の正しい使い方は？,靴下の寿命,fashion,ja,,,未確認,,
952,下着の買い替え時期の正しい使い方は？,下着の買い替え時期,fashion,ja,,,未確認,,
953,色移りの防ぎ方の正しい使い方は？,色移りの防ぎ方,fashion,ja,,,未確認,,
954,縮んだニットの正しい使い方は？,縮んだニット,fashion,ja,,,未確認,,
955,黄ばみの落とし方の正しい使い方は？,黄ばみの落とし方,fashion,ja,,,未確認,,
956,衣類の畳み方の正しい使い方は？,衣類の畳み方,fashion,ja,,,未確認,,
957,スカーフの結び方の正しい使い方は？,スカーフの結び方,fashion,ja,,,未確認,,
958,サングラスの保管の正しい使い方は？,サングラスの保管,fashion,ja,,,未確認,,
959,着物の保管の正しい使い方は？,着物の保管,fashion,ja,,,未確認,,
960,ニットの洗濯はどう保管すればいいの？,ニットの洗濯,fashion,ja,,,未確認,,
961,バッグの保管はどう保管すればいいの？,バッグの保管,fashion,ja,,,未確認,,
962,洗濯表示の読み方はどう保管すればいいの？,洗濯表示の読み方,fashion,ja,,,未確認,,
963,毛布の洗濯はどう保管すればいいの？,毛布の洗濯,fashion,ja,,,未確認,,
964,ジャケットのしわはどう保管すればいいの？,ジャケットのしわ,fashion,ja,,,未確認,,
965,スニーカーの保管はどう保管すればいいの？,スニーカーの保管,fashion,ja,,,未確認,,
966,ブーツの保管はどう保管すればいいの？,ブーツの保管,fashion,ja,,,未確認,,
967,靴下の寿命はどう保管すればいいの？,靴下の寿命,fashion,ja,,,未確認,,
968,下着の買い替え時期はどう保管すればいいの？,下着の買い替え時期,fashion,ja,,,未確認,,
969,色移りの防ぎ方はどう保管すればいいの？,色移りの防ぎ方,fashion,ja,,,未確認,,
970,縮んだニットはどう保管すればいいの？,縮んだニット,fashion,ja,,,未確認,,
971,黄ばみの落とし方はどう保管すればいいの？,黄ばみの落とし方,fashion,ja,,,未確認,,
972,衣類の畳み方はどう保管すればいいの？,衣類の畳み方,fashion,ja,,,未確認,,
973,スカーフの結び方はどう保管すればいいの？,スカーフの結び方,fashion,ja,,,未確認,,
974,サングラスの保管はどう保管すればいいの？,サングラスの保管,fashion,ja,,,未確認,,
975,着物の保管はどう保管すればいいの？,着物の保管,fashion,ja,,,未確認,,
976,ニットの洗濯はどう見分ければいいの？,ニットの洗濯,fashion,ja,,,未確認,,
977,バッグの保管はどう見分ければいいの？,バッグの保管,fashion,ja,,,未確認,,
978,洗濯表示の読み方はどう見分ければいいの？,洗濯表示の読み方,fashion,ja,,,未確認,,
979,毛布の洗濯はどう見分ければいいの？,毛布の洗濯,fashion,ja,,,未確認,,
980,ジャケットのしわはどう見分ければいいの？,ジャケットのしわ,fashion,ja,,,未確認,,
981,スニーカーの保管はどう見分ければいいの？,スニーカーの保管,fashion,ja,,,未確認,,
982,ブーツの保管はどう見分ければいいの？,ブーツの保管,fashion,ja,,,未確認,,
983,靴下の寿命はどう見分ければいいの？,靴下の寿命,fashion,ja,,,未確認,,
984,下着の買い替え時期はどう見分ければいいの？,下着の買い替え時期,fashion,ja,,,未確認,,
985,色移りの防ぎ方はどう見分ければいいの？,色移りの防ぎ方,fashion,ja,,,未確認,,
986,縮んだニットはどう見分ければいいの？,縮んだニット,fashion,ja,,,未確認,,
987,黄ばみの落とし方はどう見分ければいいの？,黄ばみの落とし方,fashion,ja,,,未確認,,
988,衣類の畳み方はどう見分ければいいの？,衣類の畳み方,fashion,ja,,,未確認,,
989,スカーフの結び方はどう見分ければいいの？,スカーフの結び方,fashion,ja,,,未確認,,
990,サングラスの保管はどう見分ければいいの？,サングラスの保管,fashion,ja,,,未確認,,
991,着物の保管はどう見分ければいいの？,着物の保管,fashion,ja,,,未確認,,
992,衣類の毛玉はなぜ起こるの？,衣類の毛玉,fashion,ja,,,未確認,,
993,クローゼットの湿気はなぜ起こるの？,クローゼットの湿気,fashion,ja,,,未確認,,
994,静電気対策はなぜ起こるの？,静電気対策,fashion,ja,,,未確認,,
995,衣類の毛玉が気になるときは、どうすればいいの？,衣類の毛玉,fashion,ja,,,未確認,,
996,クローゼットの湿気が気になるときは、どうすればいいの？,クローゼットの湿気,fashion,ja,,,未確認,,
997,静電気対策が気になるときは、どうすればいいの？,静電気対策,fashion,ja,,,未確認,,
998,衣類の毛玉は放っておいても大丈夫なの？,衣類の毛玉,fashion,ja,,,未確認,,
999,クローゼットの湿気は放っておいても大丈夫なの？,クローゼットの湿気,fashion,ja,,,未確認,,
1000,静電気対策は放っておいても大丈夫なの？,静電気対策,fashion,ja,,,未確認,,
1001,睡眠時間について、よくある誤解は？,睡眠時間,health,ja,必須,,未確認,,
1002,寝る時刻について、よくある誤解は？,寝る時刻,health,ja,,,未確認,,
1003,起きる時刻について、よくある誤解は？,起きる時刻,health,ja,,,未確認,,
1004,昼寝について、よくある誤解は？,昼寝,health,ja,,,未確認,,
1005,二度寝について、よくある誤解は？,二度寝,health,ja,,,未確認,,
1006,寝返りについて、よくある誤解は？,寝返り,health,ja,,,未確認,,
1007,枕の高さについて、よくある誤解は？,枕の高さ,health,ja,,,未確認,,
1008,マットレスの硬さについて、よくある誤解は？,マットレスの硬さ,health,ja,,,未確認,,
1009,寝室の温度について、よくある誤解は？,寝室の温度,health,ja,,,未確認,,
1010,寝室の明るさについて、よくある誤解は？,寝室の明るさ,health,ja,,,未確認,,
1011,寝る前のスマホについて、よくある誤解は？,寝る前のスマホ,health,ja,,,未確認,,
1012,寝る前の食事について、よくある誤解は？,寝る前の食事,health,ja,,,未確認,,
1013,寝る前の入浴について、よくある誤解は？,寝る前の入浴,health,ja,,,未確認,,
1014,寝つきの悪さについて、よくある誤解は？,寝つきの悪さ,health,ja,,,未確認,,
1015,中途覚醒について、よくある誤解は？,中途覚醒,health,ja,,,未確認,,
1016,朝の光について、よくある誤解は？,朝の光,health,ja,,,未確認,,
1017,体内時計について、よくある誤解は？,体内時計,health,ja,,,未確認,,
1018,時差ぼけについて、よくある誤解は？,時差ぼけ,health,ja,,,未確認,,
1019,休日の寝だめについて、よくある誤解は？,休日の寝だめ,health,ja,,,未確認,,
1020,いびきについて、よくある誤解は？,いびき,health,ja,,,未確認,,
1021,水分補給について、よくある誤解は？,水分補給,health,ja,,,未確認,,
1022,朝の一杯の水について、よくある誤解は？,朝の一杯の水,health,ja,,,未確認,,
1023,カフェインについて、よくある誤解は？,カフェイン,health,ja,必須,,未確認,,
1024,アルコールについて、よくある誤解は？,アルコール,health,ja,必須,,未確認,,
1025,炭酸水について、よくある誤解は？,炭酸水,health,ja,,,未確認,,
1026,スポーツドリンクについて、よくある誤解は？,スポーツドリンク,health,ja,,,未確認,,
1027,経口補水液について、よくある誤解は？,経口補水液,health,ja,,,未確認,,
1028,白湯について、よくある誤解は？,白湯,health,ja,,,未確認,,
1029,お茶について、よくある誤解は？,お茶,health,ja,,,未確認,,
1030,ハーブティーについて、よくある誤解は？,ハーブティー,health,ja,,,未確認,,
1031,ウォーキングについて、よくある誤解は？,ウォーキング,health,ja,,,未確認,,
1032,ストレッチについて、よくある誤解は？,ストレッチ,health,ja,,,未確認,,
1033,ラジオ体操について、よくある誤解は？,ラジオ体操,health,ja,,,未確認,,
1034,階段の上り下りについて、よくある誤解は？,階段の上り下り,health,ja,,,未確認,,
1035,デスクワークの姿勢について、よくある誤解は？,デスクワークの姿勢,health,ja,,,未確認,,
1036,立ち仕事について、よくある誤解は？,立ち仕事,health,ja,,,未確認,,
1037,肩こりについて、よくある誤解は？,肩こり,health,ja,必須,,未確認,,
1038,腰の張りについて、よくある誤解は？,腰の張り,health,ja,,,未確認,,
1039,首の疲れについて、よくある誤解は？,首の疲れ,health,ja,必須,,未確認,,
1040,目の疲れについて、よくある誤解は？,目の疲れ,health,ja,必須,,未確認,,
1041,スマホ首について、よくある誤解は？,スマホ首,health,ja,,,未確認,,
1042,入浴の温度について、よくある誤解は？,入浴の温度,health,ja,,,未確認,,
1043,入浴の時間について、よくある誤解は？,入浴の時間,health,ja,,,未確認,,
1044,湯船とシャワーについて、よくある誤解は？,湯船とシャワー,health,ja,,,未確認,,
1045,半身浴について、よくある誤解は？,半身浴,health,ja,,,未確認,,
1046,サウナについて、よくある誤解は？,サウナ,health,ja,,,未確認,,
1047,足湯について、よくある誤解は？,足湯,health,ja,,,未確認,,
1048,冷えについて、よくある誤解は？,冷え,health,ja,必須,,未確認,,
1049,むくみについて、よくある誤解は？,むくみ,health,ja,必須,,未確認,,
1050,深呼吸について、よくある誤解は？,深呼吸,health,ja,,,未確認,,
1051,瞑想について、よくある誤解は？,瞑想,health,ja,,,未確認,,
1052,休憩の取り方について、よくある誤解は？,休憩の取り方,health,ja,,,未確認,,
1053,気分転換について、よくある誤解は？,気分転換,health,ja,,,未確認,,
1054,季節の変わり目の体調について、よくある誤解は？,季節の変わり目の体調,health,ja,必須,,未確認,,
1055,梅雨の不調について、よくある誤解は？,梅雨の不調,health,ja,必須,,未確認,,
1056,夏バテについて、よくある誤解は？,夏バテ,health,ja,必須,,未確認,,
1057,冬の乾燥について、よくある誤解は？,冬の乾燥,health,ja,,,未確認,,
1058,花粉の季節について、よくある誤解は？,花粉の季節,health,ja,必須,,未確認,,
1059,紫外線と体調について、よくある誤解は？,紫外線と体調,health,ja,必須,,未確認,,
1060,日照時間と気分について、よくある誤解は？,日照時間と気分,health,ja,,,未確認,,
1061,在宅勤務の運動不足について、よくある誤解は？,在宅勤務の運動不足,health,ja,,,未確認,,
1062,サプリメントの選び方について、よくある誤解は？,サプリメントの選び方,health,ja,必須,,未確認,,
1063,ビタミンについて、よくある誤解は？,ビタミン,health,ja,必須,,未確認,,
1064,鉄分について、よくある誤解は？,鉄分,health,ja,必須,,未確認,,
1065,たんぱく質について、よくある誤解は？,たんぱく質,health,ja,必須,,未確認,,
1066,食物繊維について、よくある誤解は？,食物繊維,health,ja,,,未確認,,
1067,発酵食品について、よくある誤解は？,発酵食品,health,ja,必須,,未確認,,
1068,腸内環境について、よくある誤解は？,腸内環境,health,ja,必須,,未確認,,
1069,朝食を抜くことについて、よくある誤解は？,朝食を抜くこと,health,ja,,,未確認,,
1070,間食について、よくある誤解は？,間食,health,ja,,,未確認,,
1071,夜食について、よくある誤解は？,夜食,health,ja,,,未確認,,
1072,食べる順番について、よくある誤解は？,食べる順番,health,ja,,,未確認,,
1073,よく噛むことについて、よくある誤解は？,よく噛むこと,health,ja,,,未確認,,
1074,塩分について、よくある誤解は？,塩分,health,ja,必須,,未確認,,
1075,糖分について、よくある誤解は？,糖分,health,ja,必須,,未確認,,
1076,脂質について、よくある誤解は？,脂質,health,ja,必須,,未確認,,
1077,体重の測り方について、よくある誤解は？,体重の測り方,health,ja,,,未確認,,
1078,体温の測り方について、よくある誤解は？,体温の測り方,health,ja,必須,,未確認,,
1079,血圧の測り方について、よくある誤解は？,血圧の測り方,health,ja,必須,,未確認,,
1080,健康診断の受け方について、よくある誤解は？,健康診断の受け方,health,ja,必須,,未確認,,
1081,医療機関の選び方について、よくある誤解は？,医療機関の選び方,health,ja,必須,,未確認,,
1082,睡眠時間は人によって違うの？,睡眠時間,health,ja,必須,,未確認,,
1083,寝る時刻は人によって違うの？,寝る時刻,health,ja,,,未確認,,
1084,起きる時刻は人によって違うの？,起きる時刻,health,ja,,,未確認,,
1085,昼寝は人によって違うの？,昼寝,health,ja,,,未確認,,
1086,二度寝は人によって違うの？,二度寝,health,ja,,,未確認,,
1087,寝返りは人によって違うの？,寝返り,health,ja,,,未確認,,
1088,枕の高さは人によって違うの？,枕の高さ,health,ja,,,未確認,,
1089,マットレスの硬さは人によって違うの？,マットレスの硬さ,health,ja,,,未確認,,
1090,寝室の温度は人によって違うの？,寝室の温度,health,ja,,,未確認,,
1091,寝室の明るさは人によって違うの？,寝室の明るさ,health,ja,,,未確認,,
1092,寝る前のスマホは人によって違うの？,寝る前のスマホ,health,ja,,,未確認,,
1093,寝る前の食事は人によって違うの？,寝る前の食事,health,ja,,,未確認,,
1094,寝る前の入浴は人によって違うの？,寝る前の入浴,health,ja,,,未確認,,
1095,寝つきの悪さは人によって違うの？,寝つきの悪さ,health,ja,,,未確認,,
1096,中途覚醒は人によって違うの？,中途覚醒,health,ja,,,未確認,,
1097,朝の光は人によって違うの？,朝の光,health,ja,,,未確認,,
1098,体内時計は人によって違うの？,体内時計,health,ja,,,未確認,,
1099,時差ぼけは人によって違うの？,時差ぼけ,health,ja,,,未確認,,
1100,休日の寝だめは人によって違うの？,休日の寝だめ,health,ja,,,未確認,,
1101,いびきは人によって違うの？,いびき,health,ja,,,未確認,,
1102,水分補給は人によって違うの？,水分補給,health,ja,,,未確認,,
1103,朝の一杯の水は人によって違うの？,朝の一杯の水,health,ja,,,未確認,,
1104,カフェインは人によって違うの？,カフェイン,health,ja,必須,,未確認,,
1105,アルコールは人によって違うの？,アルコール,health,ja,必須,,未確認,,
1106,炭酸水は人によって違うの？,炭酸水,health,ja,,,未確認,,
1107,スポーツドリンクは人によって違うの？,スポーツドリンク,health,ja,,,未確認,,
1108,経口補水液は人によって違うの？,経口補水液,health,ja,,,未確認,,
1109,白湯は人によって違うの？,白湯,health,ja,,,未確認,,
1110,お茶は人によって違うの？,お茶,health,ja,,,未確認,,
1111,ハーブティーは人によって違うの？,ハーブティー,health,ja,,,未確認,,
1112,ウォーキングは人によって違うの？,ウォーキング,health,ja,,,未確認,,
1113,ストレッチは人によって違うの？,ストレッチ,health,ja,,,未確認,,
1114,ラジオ体操は人によって違うの？,ラジオ体操,health,ja,,,未確認,,
1115,階段の上り下りは人によって違うの？,階段の上り下り,health,ja,,,未確認,,
1116,デスクワークの姿勢は人によって違うの？,デスクワークの姿勢,health,ja,,,未確認,,
1117,立ち仕事は人によって違うの？,立ち仕事,health,ja,,,未確認,,
1118,肩こりは人によって違うの？,肩こり,health,ja,必須,,未確認,,
1119,腰の張りは人によって違うの？,腰の張り,health,ja,,,未確認,,
1120,首の疲れは人によって違うの？,首の疲れ,health,ja,必須,,未確認,,
1121,目の疲れは人によって違うの？,目の疲れ,health,ja,必須,,未確認,,
1122,スマホ首は人によって違うの？,スマホ首,health,ja,,,未確認,,
1123,入浴の温度は人によって違うの？,入浴の温度,health,ja,,,未確認,,
1124,入浴の時間は人によって違うの？,入浴の時間,health,ja,,,未確認,,
1125,湯船とシャワーは人によって違うの？,湯船とシャワー,health,ja,,,未確認,,
1126,半身浴は人によって違うの？,半身浴,health,ja,,,未確認,,
1127,サウナは人によって違うの？,サウナ,health,ja,,,未確認,,
1128,足湯は人によって違うの？,足湯,health,ja,,,未確認,,
1129,冷えは人によって違うの？,冷え,health,ja,必須,,未確認,,
1130,むくみは人によって違うの？,むくみ,health,ja,必須,,未確認,,
1131,深呼吸は人によって違うの？,深呼吸,health,ja,,,未確認,,
1132,瞑想は人によって違うの？,瞑想,health,ja,,,未確認,,
1133,休憩の取り方は人によって違うの？,休憩の取り方,health,ja,,,未確認,,
1134,気分転換は人によって違うの？,気分転換,health,ja,,,未確認,,
1135,季節の変わり目の体調は人によって違うの？,季節の変わり目の体調,health,ja,必須,,未確認,,
1136,梅雨の不調は人によって違うの？,梅雨の不調,health,ja,必須,,未確認,,
1137,夏バテは人によって違うの？,夏バテ,health,ja,必須,,未確認,,
1138,冬の乾燥は人によって違うの？,冬の乾燥,health,ja,,,未確認,,
1139,花粉の季節は人によって違うの？,花粉の季節,health,ja,必須,,未確認,,
1140,紫外線と体調は人によって違うの？,紫外線と体調,health,ja,必須,,未確認,,
1141,日照時間と気分は人によって違うの？,日照時間と気分,health,ja,,,未確認,,
1142,在宅勤務の運動不足は人によって違うの？,在宅勤務の運動不足,health,ja,,,未確認,,
1143,サプリメントの選び方は人によって違うの？,サプリメントの選び方,health,ja,必須,,未確認,,
1144,ビタミンは人によって違うの？,ビタミン,health,ja,必須,,未確認,,
1145,鉄分は人によって違うの？,鉄分,health,ja,必須,,未確認,,
1146,たんぱく質は人によって違うの？,たんぱく質,health,ja,必須,,未確認,,
1147,食物繊維は人によって違うの？,食物繊維,health,ja,,,未確認,,
1148,発酵食品は人によって違うの？,発酵食品,health,ja,必須,,未確認,,
1149,腸内環境は人によって違うの？,腸内環境,health,ja,必須,,未確認,,
1150,朝食を抜くことは人によって違うの？,朝食を抜くこと,health,ja,,,未確認,,
1151,間食は人によって違うの？,間食,health,ja,,,未確認,,
1152,夜食は人によって違うの？,夜食,health,ja,,,未確認,,
1153,食べる順番は人によって違うの？,食べる順番,health,ja,,,未確認,,
1154,よく噛むことは人によって違うの？,よく噛むこと,health,ja,,,未確認,,
1155,塩分は人によって違うの？,塩分,health,ja,必須,,未確認,,
1156,糖分は人によって違うの？,糖分,health,ja,必須,,未確認,,
1157,脂質は人によって違うの？,脂質,health,ja,必須,,未確認,,
1158,体重の測り方は人によって違うの？,体重の測り方,health,ja,,,未確認,,
1159,体温の測り方は人によって違うの？,体温の測り方,health,ja,必須,,未確認,,
1160,血圧の測り方は人によって違うの？,血圧の測り方,health,ja,必須,,未確認,,
1161,健康診断の受け方は人によって違うの？,健康診断の受け方,health,ja,必須,,未確認,,
1162,医療機関の選び方は人によって違うの？,医療機関の選び方,health,ja,必須,,未確認,,
1163,睡眠時間はなぜ必要なの？,睡眠時間,health,ja,必須,,未確認,,
1164,寝る時刻はなぜ必要なの？,寝る時刻,health,ja,,,未確認,,
1165,起きる時刻はなぜ必要なの？,起きる時刻,health,ja,,,未確認,,
1166,昼寝はなぜ必要なの？,昼寝,health,ja,,,未確認,,
1167,二度寝はなぜ必要なの？,二度寝,health,ja,,,未確認,,
1168,寝返りはなぜ必要なの？,寝返り,health,ja,,,未確認,,
1169,枕の高さはなぜ必要なの？,枕の高さ,health,ja,,,未確認,,
1170,マットレスの硬さはなぜ必要なの？,マットレスの硬さ,health,ja,,,未確認,,
1171,寝室の温度はなぜ必要なの？,寝室の温度,health,ja,,,未確認,,
1172,寝室の明るさはなぜ必要なの？,寝室の明るさ,health,ja,,,未確認,,
1173,寝る前のスマホはなぜ必要なの？,寝る前のスマホ,health,ja,,,未確認,,
1174,寝る前の食事はなぜ必要なの？,寝る前の食事,health,ja,,,未確認,,
1175,寝る前の入浴はなぜ必要なの？,寝る前の入浴,health,ja,,,未確認,,
1176,朝の光はなぜ必要なの？,朝の光,health,ja,,,未確認,,
1177,休日の寝だめはなぜ必要なの？,休日の寝だめ,health,ja,,,未確認,,
1178,水分補給はなぜ必要なの？,水分補給,health,ja,,,未確認,,
1179,朝の一杯の水はなぜ必要なの？,朝の一杯の水,health,ja,,,未確認,,
1180,カフェインはなぜ必要なの？,カフェイン,health,ja,必須,,未確認,,
1181,アルコールはなぜ必要なの？,アルコール,health,ja,必須,,未確認,,
1182,炭酸水はなぜ必要なの？,炭酸水,health,ja,,,未確認,,
1183,スポーツドリンクはなぜ必要なの？,スポーツドリンク,health,ja,,,未確認,,
1184,経口補水液はなぜ必要なの？,経口補水液,health,ja,,,未確認,,
1185,白湯はなぜ必要なの？,白湯,health,ja,,,未確認,,
1186,お茶はなぜ必要なの？,お茶,health,ja,,,未確認,,
1187,ハーブティーはなぜ必要なの？,ハーブティー,health,ja,,,未確認,,
1188,ウォーキングはなぜ必要なの？,ウォーキング,health,ja,,,未確認,,
1189,ストレッチはなぜ必要なの？,ストレッチ,health,ja,,,未確認,,
1190,ラジオ体操はなぜ必要なの？,ラジオ体操,health,ja,,,未確認,,
1191,階段の上り下りはなぜ必要なの？,階段の上り下り,health,ja,,,未確認,,
1192,デスクワークの姿勢はなぜ必要なの？,デスクワークの姿勢,health,ja,,,未確認,,
1193,立ち仕事はなぜ必要なの？,立ち仕事,health,ja,,,未確認,,
1194,入浴の温度はなぜ必要なの？,入浴の温度,health,ja,,,未確認,,
1195,入浴の時間はなぜ必要なの？,入浴の時間,health,ja,,,未確認,,
1196,湯船とシャワーはなぜ必要なの？,湯船とシャワー,health,ja,,,未確認,,
1197,半身浴はなぜ必要なの？,半身浴,health,ja,,,未確認,,
1198,サウナはなぜ必要なの？,サウナ,health,ja,,,未確認,,
1199,足湯はなぜ必要なの？,足湯,health,ja,,,未確認,,
1200,深呼吸はなぜ必要なの？,深呼吸,health,ja,,,未確認,,
1201,瞑想はなぜ必要なの？,瞑想,health,ja,,,未確認,,
1202,休憩の取り方はなぜ必要なの？,休憩の取り方,health,ja,,,未確認,,
1203,気分転換はなぜ必要なの？,気分転換,health,ja,,,未確認,,
1204,サプリメントの選び方はなぜ必要なの？,サプリメントの選び方,health,ja,必須,,未確認,,
1205,ビタミンはなぜ必要なの？,ビタミン,health,ja,必須,,未確認,,
1206,鉄分はなぜ必要なの？,鉄分,health,ja,必須,,未確認,,
1207,たんぱく質はなぜ必要なの？,たんぱく質,health,ja,必須,,未確認,,
1208,食物繊維はなぜ必要なの？,食物繊維,health,ja,,,未確認,,
1209,発酵食品はなぜ必要なの？,発酵食品,health,ja,必須,,未確認,,
1210,朝食を抜くことはなぜ必要なの？,朝食を抜くこと,health,ja,,,未確認,,
1211,間食はなぜ必要なの？,間食,health,ja,,,未確認,,
1212,夜食はなぜ必要なの？,夜食,health,ja,,,未確認,,
1213,食べる順番はなぜ必要なの？,食べる順番,health,ja,,,未確認,,
1214,よく噛むことはなぜ必要なの？,よく噛むこと,health,ja,,,未確認,,
1215,塩分はなぜ必要なの？,塩分,health,ja,必須,,未確認,,
1216,糖分はなぜ必要なの？,糖分,health,ja,必須,,未確認,,
1217,脂質はなぜ必要なの？,脂質,health,ja,必須,,未確認,,
1218,体重の測り方はなぜ必要なの？,体重の測り方,health,ja,,,未確認,,
1219,体温の測り方はなぜ必要なの？,体温の測り方,health,ja,必須,,未確認,,
1220,血圧の測り方はなぜ必要なの？,血圧の測り方,health,ja,必須,,未確認,,
1221,健康診断の受け方はなぜ必要なの？,健康診断の受け方,health,ja,必須,,未確認,,
1222,医療機関の選び方はなぜ必要なの？,医療機関の選び方,health,ja,必須,,未確認,,
1223,睡眠時間の目安はどれくらい？,睡眠時間,health,ja,必須,,未確認,,
1224,寝る時刻の目安はどれくらい？,寝る時刻,health,ja,,,未確認,,
1225,起きる時刻の目安はどれくらい？,起きる時刻,health,ja,,,未確認,,
1226,昼寝の目安はどれくらい？,昼寝,health,ja,,,未確認,,
1227,二度寝の目安はどれくらい？,二度寝,health,ja,,,未確認,,
1228,寝返りの目安はどれくらい？,寝返り,health,ja,,,未確認,,
1229,枕の高さの目安はどれくらい？,枕の高さ,health,ja,,,未確認,,
1230,マットレスの硬さの目安はどれくらい？,マットレスの硬さ,health,ja,,,未確認,,
1231,寝室の温度の目安はどれくらい？,寝室の温度,health,ja,,,未確認,,
1232,寝室の明るさの目安はどれくらい？,寝室の明るさ,health,ja,,,未確認,,
1233,寝る前のスマホの目安はどれくらい？,寝る前のスマホ,health,ja,,,未確認,,
1234,寝る前の食事の目安はどれくらい？,寝る前の食事,health,ja,,,未確認,,
1235,寝る前の入浴の目安はどれくらい？,寝る前の入浴,health,ja,,,未確認,,
1236,朝の光の目安はどれくらい？,朝の光,health,ja,,,未確認,,
1237,休日の寝だめの目安はどれくらい？,休日の寝だめ,health,ja,,,未確認,,
1238,水分補給の目安はどれくらい？,水分補給,health,ja,,,未確認,,
1239,朝の一杯の水の目安はどれくらい？,朝の一杯の水,health,ja,,,未確認,,
1240,カフェインの目安はどれくらい？,カフェイン,health,ja,必須,,未確認,,
1241,アルコールの目安はどれくらい？,アルコール,health,ja,必須,,未確認,,
1242,炭酸水の目安はどれくらい？,炭酸水,health,ja,,,未確認,,
1243,スポーツドリンクの目安はどれくらい？,スポーツドリンク,health,ja,,,未確認,,
1244,経口補水液の目安はどれくらい？,経口補水液,health,ja,,,未確認,,
1245,白湯の目安はどれくらい？,白湯,health,ja,,,未確認,,
1246,お茶の目安はどれくらい？,お茶,health,ja,,,未確認,,
1247,ハーブティーの目安はどれくらい？,ハーブティー,health,ja,,,未確認,,
1248,ウォーキングの目安はどれくらい？,ウォーキング,health,ja,,,未確認,,
1249,ストレッチの目安はどれくらい？,ストレッチ,health,ja,,,未確認,,
1250,ラジオ体操の目安はどれくらい？,ラジオ体操,health,ja,,,未確認,,
1251,階段の上り下りの目安はどれくらい？,階段の上り下り,health,ja,,,未確認,,
1252,デスクワークの姿勢の目安はどれくらい？,デスクワークの姿勢,health,ja,,,未確認,,
1253,立ち仕事の目安はどれくらい？,立ち仕事,health,ja,,,未確認,,
1254,入浴の温度の目安はどれくらい？,入浴の温度,health,ja,,,未確認,,
1255,入浴の時間の目安はどれくらい？,入浴の時間,health,ja,,,未確認,,
1256,湯船とシャワーの目安はどれくらい？,湯船とシャワー,health,ja,,,未確認,,
1257,半身浴の目安はどれくらい？,半身浴,health,ja,,,未確認,,
1258,サウナの目安はどれくらい？,サウナ,health,ja,,,未確認,,
1259,足湯の目安はどれくらい？,足湯,health,ja,,,未確認,,
1260,深呼吸の目安はどれくらい？,深呼吸,health,ja,,,未確認,,
1261,瞑想の目安はどれくらい？,瞑想,health,ja,,,未確認,,
1262,休憩の取り方の目安はどれくらい？,休憩の取り方,health,ja,,,未確認,,
1263,気分転換の目安はどれくらい？,気分転換,health,ja,,,未確認,,
1264,サプリメントの選び方の目安はどれくらい？,サプリメントの選び方,health,ja,必須,,未確認,,
1265,ビタミンの目安はどれくらい？,ビタミン,health,ja,必須,,未確認,,
1266,鉄分の目安はどれくらい？,鉄分,health,ja,必須,,未確認,,
1267,たんぱく質の目安はどれくらい？,たんぱく質,health,ja,必須,,未確認,,
1268,食物繊維の目安はどれくらい？,食物繊維,health,ja,,,未確認,,
1269,発酵食品の目安はどれくらい？,発酵食品,health,ja,必須,,未確認,,
1270,朝食を抜くことの目安はどれくらい？,朝食を抜くこと,health,ja,,,未確認,,
1271,間食の目安はどれくらい？,間食,health,ja,,,未確認,,
1272,夜食の目安はどれくらい？,夜食,health,ja,,,未確認,,
1273,食べる順番の目安はどれくらい？,食べる順番,health,ja,,,未確認,,
1274,よく噛むことの目安はどれくらい？,よく噛むこと,health,ja,,,未確認,,
1275,塩分の目安はどれくらい？,塩分,health,ja,必須,,未確認,,
1276,糖分の目安はどれくらい？,糖分,health,ja,必須,,未確認,,
1277,脂質の目安はどれくらい？,脂質,health,ja,必須,,未確認,,
1278,体重の測り方の目安はどれくらい？,体重の測り方,health,ja,,,未確認,,
1279,体温の測り方の目安はどれくらい？,体温の測り方,health,ja,必須,,未確認,,
1280,血圧の測り方の目安はどれくらい？,血圧の測り方,health,ja,必須,,未確認,,
1281,健康診断の受け方の目安はどれくらい？,健康診断の受け方,health,ja,必須,,未確認,,
1282,医療機関の選び方の目安はどれくらい？,医療機関の選び方,health,ja,必須,,未確認,,
1283,睡眠時間は季節で変えたほうがいいの？,睡眠時間,health,ja,必須,,未確認,,
1284,寝る時刻は季節で変えたほうがいいの？,寝る時刻,health,ja,,,未確認,,
1285,起きる時刻は季節で変えたほうがいいの？,起きる時刻,health,ja,,,未確認,,
1286,昼寝は季節で変えたほうがいいの？,昼寝,health,ja,,,未確認,,
1287,二度寝は季節で変えたほうがいいの？,二度寝,health,ja,,,未確認,,
1288,寝返りは季節で変えたほうがいいの？,寝返り,health,ja,,,未確認,,
1289,枕の高さは季節で変えたほうがいいの？,枕の高さ,health,ja,,,未確認,,
1290,マットレスの硬さは季節で変えたほうがいいの？,マットレスの硬さ,health,ja,,,未確認,,
1291,寝室の温度は季節で変えたほうがいいの？,寝室の温度,health,ja,,,未確認,,
1292,寝室の明るさは季節で変えたほうがいいの？,寝室の明るさ,health,ja,,,未確認,,
1293,寝る前のスマホは季節で変えたほうがいいの？,寝る前のスマホ,health,ja,,,未確認,,
1294,寝る前の食事は季節で変えたほうがいいの？,寝る前の食事,health,ja,,,未確認,,
1295,寝る前の入浴は季節で変えたほうがいいの？,寝る前の入浴,health,ja,,,未確認,,
1296,朝の光は季節で変えたほうがいいの？,朝の光,health,ja,,,未確認,,
1297,休日の寝だめは季節で変えたほうがいいの？,休日の寝だめ,health,ja,,,未確認,,
1298,水分補給は季節で変えたほうがいいの？,水分補給,health,ja,,,未確認,,
1299,朝の一杯の水は季節で変えたほうがいいの？,朝の一杯の水,health,ja,,,未確認,,
1300,カフェインは季節で変えたほうがいいの？,カフェイン,health,ja,必須,,未確認,,
1301,アルコールは季節で変えたほうがいいの？,アルコール,health,ja,必須,,未確認,,
1302,炭酸水は季節で変えたほうがいいの？,炭酸水,health,ja,,,未確認,,
1303,スポーツドリンクは季節で変えたほうがいいの？,スポーツドリンク,health,ja,,,未確認,,
1304,経口補水液は季節で変えたほうがいいの？,経口補水液,health,ja,,,未確認,,
1305,白湯は季節で変えたほうがいいの？,白湯,health,ja,,,未確認,,
1306,お茶は季節で変えたほうがいいの？,お茶,health,ja,,,未確認,,
1307,ハーブティーは季節で変えたほうがいいの？,ハーブティー,health,ja,,,未確認,,
1308,ウォーキングは季節で変えたほうがいいの？,ウォーキング,health,ja,,,未確認,,
1309,ストレッチは季節で変えたほうがいいの？,ストレッチ,health,ja,,,未確認,,
1310,ラジオ体操は季節で変えたほうがいいの？,ラジオ体操,health,ja,,,未確認,,
1311,階段の上り下りは季節で変えたほうがいいの？,階段の上り下り,health,ja,,,未確認,,
1312,デスクワークの姿勢は季節で変えたほうがいいの？,デスクワークの姿勢,health,ja,,,未確認,,
1313,立ち仕事は季節で変えたほうがいいの？,立ち仕事,health,ja,,,未確認,,
1314,入浴の温度は季節で変えたほうがいいの？,入浴の温度,health,ja,,,未確認,,
1315,入浴の時間は季節で変えたほうがいいの？,入浴の時間,health,ja,,,未確認,,
1316,湯船とシャワーは季節で変えたほうがいいの？,湯船とシャワー,health,ja,,,未確認,,
1317,半身浴は季節で変えたほうがいいの？,半身浴,health,ja,,,未確認,,
1318,サウナは季節で変えたほうがいいの？,サウナ,health,ja,,,未確認,,
1319,足湯は季節で変えたほうがいいの？,足湯,health,ja,,,未確認,,
1320,深呼吸は季節で変えたほうがいいの？,深呼吸,health,ja,,,未確認,,
1321,瞑想は季節で変えたほうがいいの？,瞑想,health,ja,,,未確認,,
1322,休憩の取り方は季節で変えたほうがいいの？,休憩の取り方,health,ja,,,未確認,,
1323,気分転換は季節で変えたほうがいいの？,気分転換,health,ja,,,未確認,,
1324,サプリメントの選び方は季節で変えたほうがいいの？,サプリメントの選び方,health,ja,必須,,未確認,,
1325,ビタミンは季節で変えたほうがいいの？,ビタミン,health,ja,必須,,未確認,,
1326,鉄分は季節で変えたほうがいいの？,鉄分,health,ja,必須,,未確認,,
1327,たんぱく質は季節で変えたほうがいいの？,たんぱく質,health,ja,必須,,未確認,,
1328,食物繊維は季節で変えたほうがいいの？,食物繊維,health,ja,,,未確認,,
1329,発酵食品は季節で変えたほうがいいの？,発酵食品,health,ja,必須,,未確認,,
1330,朝食を抜くことは季節で変えたほうがいいの？,朝食を抜くこと,health,ja,,,未確認,,
1331,間食は季節で変えたほうがいいの？,間食,health,ja,,,未確認,,
1332,夜食は季節で変えたほうがいいの？,夜食,health,ja,,,未確認,,
1333,食べる順番は季節で変えたほうがいいの？,食べる順番,health,ja,,,未確認,,
1334,よく噛むことは季節で変えたほうがいいの？,よく噛むこと,health,ja,,,未確認,,
1335,塩分は季節で変えたほうがいいの？,塩分,health,ja,必須,,未確認,,
1336,糖分は季節で変えたほうがいいの？,糖分,health,ja,必須,,未確認,,
1337,脂質は季節で変えたほうがいいの？,脂質,health,ja,必須,,未確認,,
1338,体重の測り方は季節で変えたほうがいいの？,体重の測り方,health,ja,,,未確認,,
1339,体温の測り方は季節で変えたほうがいいの？,体温の測り方,health,ja,必須,,未確認,,
1340,血圧の測り方は季節で変えたほうがいいの？,血圧の測り方,health,ja,必須,,未確認,,
1341,健康診断の受け方は季節で変えたほうがいいの？,健康診断の受け方,health,ja,必須,,未確認,,
1342,医療機関の選び方は季節で変えたほうがいいの？,医療機関の選び方,health,ja,必須,,未確認,,
1343,睡眠時間に決まりはあるの？,睡眠時間,health,ja,必須,,未確認,,
1344,寝る時刻に決まりはあるの？,寝る時刻,health,ja,,,未確認,,
1345,起きる時刻に決まりはあるの？,起きる時刻,health,ja,,,未確認,,
1346,昼寝に決まりはあるの？,昼寝,health,ja,,,未確認,,
1347,二度寝に決まりはあるの？,二度寝,health,ja,,,未確認,,
1348,寝返りに決まりはあるの？,寝返り,health,ja,,,未確認,,
1349,枕の高さに決まりはあるの？,枕の高さ,health,ja,,,未確認,,
1350,マットレスの硬さに決まりはあるの？,マットレスの硬さ,health,ja,,,未確認,,
1351,寝室の温度に決まりはあるの？,寝室の温度,health,ja,,,未確認,,
1352,寝室の明るさに決まりはあるの？,寝室の明るさ,health,ja,,,未確認,,
1353,寝る前のスマホに決まりはあるの？,寝る前のスマホ,health,ja,,,未確認,,
1354,寝る前の食事に決まりはあるの？,寝る前の食事,health,ja,,,未確認,,
1355,寝る前の入浴に決まりはあるの？,寝る前の入浴,health,ja,,,未確認,,
1356,朝の光に決まりはあるの？,朝の光,health,ja,,,未確認,,
1357,休日の寝だめに決まりはあるの？,休日の寝だめ,health,ja,,,未確認,,
1358,水分補給に決まりはあるの？,水分補給,health,ja,,,未確認,,
1359,朝の一杯の水に決まりはあるの？,朝の一杯の水,health,ja,,,未確認,,
1360,カフェインに決まりはあるの？,カフェイン,health,ja,必須,,未確認,,
1361,アルコールに決まりはあるの？,アルコール,health,ja,必須,,未確認,,
1362,炭酸水に決まりはあるの？,炭酸水,health,ja,,,未確認,,
1363,スポーツドリンクに決まりはあるの？,スポーツドリンク,health,ja,,,未確認,,
1364,経口補水液に決まりはあるの？,経口補水液,health,ja,,,未確認,,
1365,白湯に決まりはあるの？,白湯,health,ja,,,未確認,,
1366,お茶に決まりはあるの？,お茶,health,ja,,,未確認,,
1367,ハーブティーに決まりはあるの？,ハーブティー,health,ja,,,未確認,,
1368,ウォーキングに決まりはあるの？,ウォーキング,health,ja,,,未確認,,
1369,ストレッチに決まりはあるの？,ストレッチ,health,ja,,,未確認,,
1370,ラジオ体操に決まりはあるの？,ラジオ体操,health,ja,,,未確認,,
1371,階段の上り下りに決まりはあるの？,階段の上り下り,health,ja,,,未確認,,
1372,デスクワークの姿勢に決まりはあるの？,デスクワークの姿勢,health,ja,,,未確認,,
1373,立ち仕事に決まりはあるの？,立ち仕事,health,ja,,,未確認,,
1374,入浴の温度に決まりはあるの？,入浴の温度,health,ja,,,未確認,,
1375,入浴の時間に決まりはあるの？,入浴の時間,health,ja,,,未確認,,
1376,湯船とシャワーに決まりはあるの？,湯船とシャワー,health,ja,,,未確認,,
1377,半身浴に決まりはあるの？,半身浴,health,ja,,,未確認,,
1378,サウナに決まりはあるの？,サウナ,health,ja,,,未確認,,
1379,足湯に決まりはあるの？,足湯,health,ja,,,未確認,,
1380,深呼吸に決まりはあるの？,深呼吸,health,ja,,,未確認,,
1381,瞑想に決まりはあるの？,瞑想,health,ja,,,未確認,,
1382,休憩の取り方に決まりはあるの？,休憩の取り方,health,ja,,,未確認,,
1383,気分転換に決まりはあるの？,気分転換,health,ja,,,未確認,,
1384,サプリメントの選び方に決まりはあるの？,サプリメントの選び方,health,ja,必須,,未確認,,
1385,ビタミンに決まりはあるの？,ビタミン,health,ja,必須,,未確認,,
1386,鉄分に決まりはあるの？,鉄分,health,ja,必須,,未確認,,
1387,たんぱく質に決まりはあるの？,たんぱく質,health,ja,必須,,未確認,,
1388,食物繊維に決まりはあるの？,食物繊維,health,ja,,,未確認,,
1389,発酵食品に決まりはあるの？,発酵食品,health,ja,必須,,未確認,,
1390,朝食を抜くことに決まりはあるの？,朝食を抜くこと,health,ja,,,未確認,,
1391,間食に決まりはあるの？,間食,health,ja,,,未確認,,
1392,夜食に決まりはあるの？,夜食,health,ja,,,未確認,,
1393,食べる順番に決まりはあるの？,食べる順番,health,ja,,,未確認,,
1394,よく噛むことに決まりはあるの？,よく噛むこと,health,ja,,,未確認,,
1395,塩分に決まりはあるの？,塩分,health,ja,必須,,未確認,,
1396,糖分に決まりはあるの？,糖分,health,ja,必須,,未確認,,
1397,脂質に決まりはあるの？,脂質,health,ja,必須,,未確認,,
1398,体重の測り方に決まりはあるの？,体重の測り方,health,ja,,,未確認,,
1399,体温の測り方に決まりはあるの？,体温の測り方,health,ja,必須,,未確認,,
1400,血圧の測り方に決まりはあるの？,血圧の測り方,health,ja,必須,,未確認,,
1401,健康診断の受け方に決まりはあるの？,健康診断の受け方,health,ja,必須,,未確認,,
1402,医療機関の選び方に決まりはあるの？,医療機関の選び方,health,ja,必須,,未確認,,
1403,昼寝は毎日やったほうがいいの？,昼寝,health,ja,,,未確認,,
1404,二度寝は毎日やったほうがいいの？,二度寝,health,ja,,,未確認,,
1405,寝返りは毎日やったほうがいいの？,寝返り,health,ja,,,未確認,,
1406,休日の寝だめは毎日やったほうがいいの？,休日の寝だめ,health,ja,,,未確認,,
1407,水分補給は毎日やったほうがいいの？,水分補給,health,ja,,,未確認,,
1408,朝の一杯の水は毎日やったほうがいいの？,朝の一杯の水,health,ja,,,未確認,,
1409,ウォーキングは毎日やったほうがいいの？,ウォーキング,health,ja,,,未確認,,
1410,ストレッチは毎日やったほうがいいの？,ストレッチ,health,ja,,,未確認,,
1411,ラジオ体操は毎日やったほうがいいの？,ラジオ体操,health,ja,,,未確認,,
1412,階段の上り下りは毎日やったほうがいいの？,階段の上り下り,health,ja,,,未確認,,
1413,半身浴は毎日やったほうがいいの？,半身浴,health,ja,,,未確認,,
1414,サウナは毎日やったほうがいいの？,サウナ,health,ja,,,未確認,,
1415,足湯は毎日やったほうがいいの？,足湯,health,ja,,,未確認,,
1416,深呼吸は毎日やったほうがいいの？,深呼吸,health,ja,,,未確認,,
1417,瞑想は毎日やったほうがいいの？,瞑想,health,ja,,,未確認,,
1418,休憩の取り方は毎日やったほうがいいの？,休憩の取り方,health,ja,,,未確認,,
1419,気分転換は毎日やったほうがいいの？,気分転換,health,ja,,,未確認,,
1420,サプリメントの選び方は毎日やったほうがいいの？,サプリメントの選び方,health,ja,必須,,未確認,,
1421,朝食を抜くことは毎日やったほうがいいの？,朝食を抜くこと,health,ja,,,未確認,,
1422,間食は毎日やったほうがいいの？,間食,health,ja,,,未確認,,
1423,夜食は毎日やったほうがいいの？,夜食,health,ja,,,未確認,,
1424,食べる順番は毎日やったほうがいいの？,食べる順番,health,ja,,,未確認,,
1425,よく噛むことは毎日やったほうがいいの？,よく噛むこと,health,ja,,,未確認,,
1426,体重の測り方は毎日やったほうがいいの？,体重の測り方,health,ja,,,未確認,,
1427,体温の測り方は毎日やったほうがいいの？,体温の測り方,health,ja,必須,,未確認,,
1428,血圧の測り方は毎日やったほうがいいの？,血圧の測り方,health,ja,必須,,未確認,,
1429,健康診断の受け方は毎日やったほうがいいの？,健康診断の受け方,health,ja,必須,,未確認,,
1430,医療機関の選び方は毎日やったほうがいいの？,医療機関の選び方,health,ja,必須,,未確認,,
1431,昼寝はいつやるのがいいの？,昼寝,health,ja,,,未確認,,
1432,二度寝はいつやるのがいいの？,二度寝,health,ja,,,未確認,,
1433,寝返りはいつやるのがいいの？,寝返り,health,ja,,,未確認,,
1434,休日の寝だめはいつやるのがいいの？,休日の寝だめ,health,ja,,,未確認,,
1435,水分補給はいつやるのがいいの？,水分補給,health,ja,,,未確認,,
1436,朝の一杯の水はいつやるのがいいの？,朝の一杯の水,health,ja,,,未確認,,
1437,ウォーキングはいつやるのがいいの？,ウォーキング,health,ja,,,未確認,,
1438,ストレッチはいつやるのがいいの？,ストレッチ,health,ja,,,未確認,,
1439,ラジオ体操はいつやるのがいいの？,ラジオ体操,health,ja,,,未確認,,
1440,階段の上り下りはいつやるのがいいの？,階段の上り下り,health,ja,,,未確認,,
1441,半身浴はいつやるのがいいの？,半身浴,health,ja,,,未確認,,
1442,サウナはいつやるのがいいの？,サウナ,health,ja,,,未確認,,
1443,足湯はいつやるのがいいの？,足湯,health,ja,,,未確認,,
1444,深呼吸はいつやるのがいいの？,深呼吸,health,ja,,,未確認,,
1445,瞑想はいつやるのがいいの？,瞑想,health,ja,,,未確認,,
1446,休憩の取り方はいつやるのがいいの？,休憩の取り方,health,ja,,,未確認,,
1447,気分転換はいつやるのがいいの？,気分転換,health,ja,,,未確認,,
1448,サプリメントの選び方はいつやるのがいいの？,サプリメントの選び方,health,ja,必須,,未確認,,
1449,朝食を抜くことはいつやるのがいいの？,朝食を抜くこと,health,ja,,,未確認,,
1450,間食はいつやるのがいいの？,間食,health,ja,,,未確認,,
1451,夜食はいつやるのがいいの？,夜食,health,ja,,,未確認,,
1452,食べる順番はいつやるのがいいの？,食べる順番,health,ja,,,未確認,,
1453,よく噛むことはいつやるのがいいの？,よく噛むこと,health,ja,,,未確認,,
1454,体重の測り方はいつやるのがいいの？,体重の測り方,health,ja,,,未確認,,
1455,体温の測り方はいつやるのがいいの？,体温の測り方,health,ja,必須,,未確認,,
1456,血圧の測り方はいつやるのがいいの？,血圧の測り方,health,ja,必須,,未確認,,
1457,健康診断の受け方はいつやるのがいいの？,健康診断の受け方,health,ja,必須,,未確認,,
1458,医療機関の選び方はいつやるのがいいの？,医療機関の選び方,health,ja,必須,,未確認,,
1459,昼寝はやりすぎるとどうなるの？,昼寝,health,ja,,,未確認,,
1460,二度寝はやりすぎるとどうなるの？,二度寝,health,ja,,,未確認,,
1461,寝返りはやりすぎるとどうなるの？,寝返り,health,ja,,,未確認,,
1462,休日の寝だめはやりすぎるとどうなるの？,休日の寝だめ,health,ja,,,未確認,,
1463,水分補給はやりすぎるとどうなるの？,水分補給,health,ja,,,未確認,,
1464,朝の一杯の水はやりすぎるとどうなるの？,朝の一杯の水,health,ja,,,未確認,,
1465,ウォーキングはやりすぎるとどうなるの？,ウォーキング,health,ja,,,未確認,,
1466,ストレッチはやりすぎるとどうなるの？,ストレッチ,health,ja,,,未確認,,
1467,ラジオ体操はやりすぎるとどうなるの？,ラジオ体操,health,ja,,,未確認,,
1468,階段の上り下りはやりすぎるとどうなるの？,階段の上り下り,health,ja,,,未確認,,
1469,半身浴はやりすぎるとどうなるの？,半身浴,health,ja,,,未確認,,
1470,サウナはやりすぎるとどうなるの？,サウナ,health,ja,,,未確認,,
1471,足湯はやりすぎるとどうなるの？,足湯,health,ja,,,未確認,,
1472,深呼吸はやりすぎるとどうなるの？,深呼吸,health,ja,,,未確認,,
1473,瞑想はやりすぎるとどうなるの？,瞑想,health,ja,,,未確認,,
1474,休憩の取り方はやりすぎるとどうなるの？,休憩の取り方,health,ja,,,未確認,,
1475,気分転換はやりすぎるとどうなるの？,気分転換,health,ja,,,未確認,,
1476,サプリメントの選び方はやりすぎるとどうなるの？,サプリメントの選び方,health,ja,必須,,未確認,,
1477,朝食を抜くことはやりすぎるとどうなるの？,朝食を抜くこと,health,ja,,,未確認,,
1478,間食はやりすぎるとどうなるの？,間食,health,ja,,,未確認,,
1479,夜食はやりすぎるとどうなるの？,夜食,health,ja,,,未確認,,
1480,食べる順番はやりすぎるとどうなるの？,食べる順番,health,ja,,,未確認,,
1481,よく噛むことはやりすぎるとどうなるの？,よく噛むこと,health,ja,,,未確認,,
1482,体重の測り方はやりすぎるとどうなるの？,体重の測り方,health,ja,,,未確認,,
1483,体温の測り方はやりすぎるとどうなるの？,体温の測り方,health,ja,必須,,未確認,,
1484,血圧の測り方はやりすぎるとどうなるの？,血圧の測り方,health,ja,必須,,未確認,,
1485,健康診断の受け方はやりすぎるとどうなるの？,健康診断の受け方,health,ja,必須,,未確認,,
1486,医療機関の選び方はやりすぎるとどうなるの？,医療機関の選び方,health,ja,必須,,未確認,,
1487,昼寝をやめるとどうなるの？,昼寝,health,ja,,,未確認,,
1488,二度寝をやめるとどうなるの？,二度寝,health,ja,,,未確認,,
1489,寝返りをやめるとどうなるの？,寝返り,health,ja,,,未確認,,
1490,休日の寝だめをやめるとどうなるの？,休日の寝だめ,health,ja,,,未確認,,
1491,水分補給をやめるとどうなるの？,水分補給,health,ja,,,未確認,,
1492,朝の一杯の水をやめるとどうなるの？,朝の一杯の水,health,ja,,,未確認,,
1493,ウォーキングをやめるとどうなるの？,ウォーキング,health,ja,,,未確認,,
1494,ストレッチをやめるとどうなるの？,ストレッチ,health,ja,,,未確認,,
1495,ラジオ体操をやめるとどうなるの？,ラジオ体操,health,ja,,,未確認,,
1496,階段の上り下りをやめるとどうなるの？,階段の上り下り,health,ja,,,未確認,,
1497,半身浴をやめるとどうなるの？,半身浴,health,ja,,,未確認,,
1498,サウナをやめるとどうなるの？,サウナ,health,ja,,,未確認,,
1499,足湯をやめるとどうなるの？,足湯,health,ja,,,未確認,,
1500,深呼吸をやめるとどうなるの？,深呼吸,health,ja,,,未確認,,
1501,下ごしらえは、どの順番でやればいいの？,下ごしらえ,trend,ja,,,未確認,,
1502,献立の立て方は、どの順番でやればいいの？,献立の立て方,trend,ja,,,未確認,,
1503,米の保存について、よくある誤解は？,米の保存,trend,ja,,制度・安全,未確認,,
1504,パンの保存について、よくある誤解は？,パンの保存,trend,ja,,制度・安全,未確認,,
1505,野菜の保存について、よくある誤解は？,野菜の保存,trend,ja,,制度・安全,未確認,,
1506,果物の保存について、よくある誤解は？,果物の保存,trend,ja,,制度・安全,未確認,,
1507,肉の保存について、よくある誤解は？,肉の保存,trend,ja,,制度・安全,未確認,,
1508,魚の保存について、よくある誤解は？,魚の保存,trend,ja,,制度・安全,未確認,,
1509,卵の保存について、よくある誤解は？,卵の保存,trend,ja,,制度・安全,未確認,,
1510,冷凍のコツについて、よくある誤解は？,冷凍のコツ,trend,ja,,制度・安全,未確認,,
1511,解凍のコツについて、よくある誤解は？,解凍のコツ,trend,ja,,制度・安全,未確認,,
1512,作り置きについて、よくある誤解は？,作り置き,trend,ja,,,未確認,,
1513,下ごしらえについて、よくある誤解は？,下ごしらえ,trend,ja,,,未確認,,
1514,下味について、よくある誤解は？,下味,trend,ja,,,未確認,,
1515,冷蔵庫の使い方について、よくある誤解は？,冷蔵庫の使い方,trend,ja,,,未確認,,
1516,野菜室について、よくある誤解は？,野菜室,trend,ja,,,未確認,,
1517,チルド室について、よくある誤解は？,チルド室,trend,ja,,,未確認,,
1518,保存容器について、よくある誤解は？,保存容器,trend,ja,,制度・安全,未確認,,
1519,ラップの使い方について、よくある誤解は？,ラップの使い方,trend,ja,,,未確認,,
1520,アルミホイルの使い方について、よくある誤解は？,アルミホイルの使い方,trend,ja,,,未確認,,
1521,キッチンペーパーについて、よくある誤解は？,キッチンペーパー,trend,ja,,,未確認,,
1522,だしの取り方について、よくある誤解は？,だしの取り方,trend,ja,,,未確認,,
1523,味噌について、よくある誤解は？,味噌,trend,ja,,,未確認,,
1524,しょうゆについて、よくある誤解は？,しょうゆ,trend,ja,,,未確認,,
1525,みりんについて、よくある誤解は？,みりん,trend,ja,,,未確認,,
1526,酒について、よくある誤解は？,酒,trend,ja,,,未確認,,
1527,酢について、よくある誤解は？,酢,trend,ja,,,未確認,,
1528,塩について、よくある誤解は？,塩,trend,ja,,,未確認,,
1529,砂糖について、よくある誤解は？,砂糖,trend,ja,,,未確認,,
1530,油の選び方について、よくある誤解は？,油の選び方,trend,ja,,,未確認,,
1531,オリーブオイルについて、よくある誤解は？,オリーブオイル,trend,ja,,,未確認,,
1532,ごま油について、よくある誤解は？,ごま油,trend,ja,,,未確認,,
1533,スパイスについて、よくある誤解は？,スパイス,trend,ja,,,未確認,,
1534,ハーブについて、よくある誤解は？,ハーブ,trend,ja,,,未確認,,
1535,にんにくについて、よくある誤解は？,にんにく,trend,ja,,,未確認,,
1536,しょうがについて、よくある誤解は？,しょうが,trend,ja,,,未確認,,
1537,梅干しについて、よくある誤解は？,梅干し,trend,ja,,,未確認,,
1538,漬物について、よくある誤解は？,漬物,trend,ja,,,未確認,,
1539,発酵食品について、よくある誤解は？,発酵食品,trend,ja,必須,,未確認,,
1540,納豆について、よくある誤解は？,納豆,trend,ja,,,未確認,,
1541,ヨーグルトについて、よくある誤解は？,ヨーグルト,trend,ja,,,未確認,,
1542,チーズについて、よくある誤解は？,チーズ,trend,ja,,,未確認,,
1543,豆腐について、よくある誤解は？,豆腐,trend,ja,,,未確認,,
1544,納豆の食べ方について、よくある誤解は？,納豆の食べ方,trend,ja,,,未確認,,
1545,包丁の研ぎ方について、よくある誤解は？,包丁の研ぎ方,trend,ja,,制度・安全,未確認,,
1546,まな板の手入れについて、よくある誤解は？,まな板の手入れ,trend,ja,,,未確認,,
1547,フライパンの手入れについて、よくある誤解は？,フライパンの手入れ,trend,ja,,,未確認,,
1548,鍋の選び方について、よくある誤解は？,鍋の選び方,trend,ja,,,未確認,,
1549,土鍋について、よくある誤解は？,土鍋,trend,ja,,,未確認,,
1550,鉄鍋について、よくある誤解は？,鉄鍋,trend,ja,,,未確認,,
1551,炊飯について、よくある誤解は？,炊飯,trend,ja,,,未確認,,
1552,味噌汁について、よくある誤解は？,味噌汁,trend,ja,,,未確認,,
1553,煮物について、よくある誤解は？,煮物,trend,ja,,,未確認,,
1554,焼き物について、よくある誤解は？,焼き物,trend,ja,,,未確認,,
1555,蒸し物について、よくある誤解は？,蒸し物,trend,ja,,,未確認,,
1556,揚げ物について、よくある誤解は？,揚げ物,trend,ja,,制度・安全,未確認,,
1557,炒め物について、よくある誤解は？,炒め物,trend,ja,,,未確認,,
1558,電子レンジ活用について、よくある誤解は？,電子レンジ活用,trend,ja,,,未確認,,
1559,オーブンの使い方について、よくある誤解は？,オーブンの使い方,trend,ja,,,未確認,,
1560,トースターの使い方について、よくある誤解は？,トースターの使い方,trend,ja,,,未確認,,
1561,炊飯器の活用について、よくある誤解は？,炊飯器の活用,trend,ja,,,未確認,,
1562,保温調理について、よくある誤解は？,保温調理,trend,ja,,,未確認,,
1563,賞味期限について、よくある誤解は？,賞味期限,trend,ja,,制度・安全,未確認,,
1564,消費期限について、よくある誤解は？,消費期限,trend,ja,,制度・安全,未確認,,
1565,食品ロスについて、よくある誤解は？,食品ロス,trend,ja,,制度・安全,未確認,,
1566,買い物の頻度について、よくある誤解は？,買い物の頻度,trend,ja,,,未確認,,
1567,献立の立て方について、よくある誤解は？,献立の立て方,trend,ja,,,未確認,,
1568,一人分の調理について、よくある誤解は？,一人分の調理,trend,ja,,,未確認,,
1569,お弁当について、よくある誤解は？,お弁当,trend,ja,,,未確認,,
1570,水筒について、よくある誤解は？,水筒,trend,ja,,,未確認,,
1571,キャンプ飯について、よくある誤解は？,キャンプ飯,trend,ja,,,未確認,,
1572,旬の食材について、よくある誤解は？,旬の食材,trend,ja,,,未確認,,
1573,地域の特産品について、よくある誤解は？,地域の特産品,trend,ja,,,未確認,,
1574,郷土料理について、よくある誤解は？,郷土料理,trend,ja,,,未確認,,
1575,行事食について、よくある誤解は？,行事食,trend,ja,,,未確認,,
1576,おせちについて、よくある誤解は？,おせち,trend,ja,,,未確認,,
1577,コーヒーの淹れ方について、よくある誤解は？,コーヒーの淹れ方,trend,ja,,,未確認,,
1578,紅茶の淹れ方について、よくある誤解は？,紅茶の淹れ方,trend,ja,,,未確認,,
1579,緑茶の淹れ方について、よくある誤解は？,緑茶の淹れ方,trend,ja,,,未確認,,
1580,水出しについて、よくある誤解は？,水出し,trend,ja,,,未確認,,
1581,氷の作り方について、よくある誤解は？,氷の作り方,trend,ja,,,未確認,,
1582,米の保存は人によって違うの？,米の保存,trend,ja,,制度・安全,未確認,,
1583,パンの保存は人によって違うの？,パンの保存,trend,ja,,制度・安全,未確認,,
1584,野菜の保存は人によって違うの？,野菜の保存,trend,ja,,制度・安全,未確認,,
1585,果物の保存は人によって違うの？,果物の保存,trend,ja,,制度・安全,未確認,,
1586,肉の保存は人によって違うの？,肉の保存,trend,ja,,制度・安全,未確認,,
1587,魚の保存は人によって違うの？,魚の保存,trend,ja,,制度・安全,未確認,,
1588,卵の保存は人によって違うの？,卵の保存,trend,ja,,制度・安全,未確認,,
1589,冷凍のコツは人によって違うの？,冷凍のコツ,trend,ja,,制度・安全,未確認,,
1590,解凍のコツは人によって違うの？,解凍のコツ,trend,ja,,制度・安全,未確認,,
1591,作り置きは人によって違うの？,作り置き,trend,ja,,,未確認,,
1592,下ごしらえは人によって違うの？,下ごしらえ,trend,ja,,,未確認,,
1593,下味は人によって違うの？,下味,trend,ja,,,未確認,,
1594,冷蔵庫の使い方は人によって違うの？,冷蔵庫の使い方,trend,ja,,,未確認,,
1595,野菜室は人によって違うの？,野菜室,trend,ja,,,未確認,,
1596,チルド室は人によって違うの？,チルド室,trend,ja,,,未確認,,
1597,保存容器は人によって違うの？,保存容器,trend,ja,,制度・安全,未確認,,
1598,ラップの使い方は人によって違うの？,ラップの使い方,trend,ja,,,未確認,,
1599,アルミホイルの使い方は人によって違うの？,アルミホイルの使い方,trend,ja,,,未確認,,
1600,キッチンペーパーは人によって違うの？,キッチンペーパー,trend,ja,,,未確認,,
1601,だしの取り方は人によって違うの？,だしの取り方,trend,ja,,,未確認,,
1602,味噌は人によって違うの？,味噌,trend,ja,,,未確認,,
1603,しょうゆは人によって違うの？,しょうゆ,trend,ja,,,未確認,,
1604,みりんは人によって違うの？,みりん,trend,ja,,,未確認,,
1605,酒は人によって違うの？,酒,trend,ja,,,未確認,,
1606,酢は人によって違うの？,酢,trend,ja,,,未確認,,
1607,塩は人によって違うの？,塩,trend,ja,,,未確認,,
1608,砂糖は人によって違うの？,砂糖,trend,ja,,,未確認,,
1609,油の選び方は人によって違うの？,油の選び方,trend,ja,,,未確認,,
1610,オリーブオイルは人によって違うの？,オリーブオイル,trend,ja,,,未確認,,
1611,ごま油は人によって違うの？,ごま油,trend,ja,,,未確認,,
1612,スパイスは人によって違うの？,スパイス,trend,ja,,,未確認,,
1613,ハーブは人によって違うの？,ハーブ,trend,ja,,,未確認,,
1614,にんにくは人によって違うの？,にんにく,trend,ja,,,未確認,,
1615,しょうがは人によって違うの？,しょうが,trend,ja,,,未確認,,
1616,梅干しは人によって違うの？,梅干し,trend,ja,,,未確認,,
1617,漬物は人によって違うの？,漬物,trend,ja,,,未確認,,
1618,発酵食品は人によって違うの？,発酵食品,trend,ja,必須,,未確認,,
1619,納豆は人によって違うの？,納豆,trend,ja,,,未確認,,
1620,ヨーグルトは人によって違うの？,ヨーグルト,trend,ja,,,未確認,,
1621,チーズは人によって違うの？,チーズ,trend,ja,,,未確認,,
1622,豆腐は人によって違うの？,豆腐,trend,ja,,,未確認,,
1623,納豆の食べ方は人によって違うの？,納豆の食べ方,trend,ja,,,未確認,,
1624,包丁の研ぎ方は人によって違うの？,包丁の研ぎ方,trend,ja,,制度・安全,未確認,,
1625,まな板の手入れは人によって違うの？,まな板の手入れ,trend,ja,,,未確認,,
1626,フライパンの手入れは人によって違うの？,フライパンの手入れ,trend,ja,,,未確認,,
1627,鍋の選び方は人によって違うの？,鍋の選び方,trend,ja,,,未確認,,
1628,土鍋は人によって違うの？,土鍋,trend,ja,,,未確認,,
1629,鉄鍋は人によって違うの？,鉄鍋,trend,ja,,,未確認,,
1630,炊飯は人によって違うの？,炊飯,trend,ja,,,未確認,,
1631,味噌汁は人によって違うの？,味噌汁,trend,ja,,,未確認,,
1632,煮物は人によって違うの？,煮物,trend,ja,,,未確認,,
1633,焼き物は人によって違うの？,焼き物,trend,ja,,,未確認,,
1634,蒸し物は人によって違うの？,蒸し物,trend,ja,,,未確認,,
1635,揚げ物は人によって違うの？,揚げ物,trend,ja,,制度・安全,未確認,,
1636,炒め物は人によって違うの？,炒め物,trend,ja,,,未確認,,
1637,電子レンジ活用は人によって違うの？,電子レンジ活用,trend,ja,,,未確認,,
1638,オーブンの使い方は人によって違うの？,オーブンの使い方,trend,ja,,,未確認,,
1639,トースターの使い方は人によって違うの？,トースターの使い方,trend,ja,,,未確認,,
1640,炊飯器の活用は人によって違うの？,炊飯器の活用,trend,ja,,,未確認,,
1641,保温調理は人によって違うの？,保温調理,trend,ja,,,未確認,,
1642,賞味期限は人によって違うの？,賞味期限,trend,ja,,制度・安全,未確認,,
1643,消費期限は人によって違うの？,消費期限,trend,ja,,制度・安全,未確認,,
1644,食品ロスは人によって違うの？,食品ロス,trend,ja,,制度・安全,未確認,,
1645,買い物の頻度は人によって違うの？,買い物の頻度,trend,ja,,,未確認,,
1646,献立の立て方は人によって違うの？,献立の立て方,trend,ja,,,未確認,,
1647,一人分の調理は人によって違うの？,一人分の調理,trend,ja,,,未確認,,
1648,お弁当は人によって違うの？,お弁当,trend,ja,,,未確認,,
1649,水筒は人によって違うの？,水筒,trend,ja,,,未確認,,
1650,キャンプ飯は人によって違うの？,キャンプ飯,trend,ja,,,未確認,,
1651,旬の食材は人によって違うの？,旬の食材,trend,ja,,,未確認,,
1652,地域の特産品は人によって違うの？,地域の特産品,trend,ja,,,未確認,,
1653,郷土料理は人によって違うの？,郷土料理,trend,ja,,,未確認,,
1654,行事食は人によって違うの？,行事食,trend,ja,,,未確認,,
1655,おせちは人によって違うの？,おせち,trend,ja,,,未確認,,
1656,コーヒーの淹れ方は人によって違うの？,コーヒーの淹れ方,trend,ja,,,未確認,,
1657,紅茶の淹れ方は人によって違うの？,紅茶の淹れ方,trend,ja,,,未確認,,
1658,緑茶の淹れ方は人によって違うの？,緑茶の淹れ方,trend,ja,,,未確認,,
1659,水出しは人によって違うの？,水出し,trend,ja,,,未確認,,
1660,氷の作り方は人によって違うの？,氷の作り方,trend,ja,,,未確認,,
1661,米の保存はなぜ必要なの？,米の保存,trend,ja,,制度・安全,未確認,,
1662,パンの保存はなぜ必要なの？,パンの保存,trend,ja,,制度・安全,未確認,,
1663,野菜の保存はなぜ必要なの？,野菜の保存,trend,ja,,制度・安全,未確認,,
1664,果物の保存はなぜ必要なの？,果物の保存,trend,ja,,制度・安全,未確認,,
1665,肉の保存はなぜ必要なの？,肉の保存,trend,ja,,制度・安全,未確認,,
1666,魚の保存はなぜ必要なの？,魚の保存,trend,ja,,制度・安全,未確認,,
1667,卵の保存はなぜ必要なの？,卵の保存,trend,ja,,制度・安全,未確認,,
1668,冷凍のコツはなぜ必要なの？,冷凍のコツ,trend,ja,,制度・安全,未確認,,
1669,解凍のコツはなぜ必要なの？,解凍のコツ,trend,ja,,制度・安全,未確認,,
1670,作り置きはなぜ必要なの？,作り置き,trend,ja,,,未確認,,
1671,下ごしらえはなぜ必要なの？,下ごしらえ,trend,ja,,,未確認,,
1672,下味はなぜ必要なの？,下味,trend,ja,,,未確認,,
1673,冷蔵庫の使い方はなぜ必要なの？,冷蔵庫の使い方,trend,ja,,,未確認,,
1674,野菜室はなぜ必要なの？,野菜室,trend,ja,,,未確認,,
1675,チルド室はなぜ必要なの？,チルド室,trend,ja,,,未確認,,
1676,保存容器はなぜ必要なの？,保存容器,trend,ja,,制度・安全,未確認,,
1677,ラップの使い方はなぜ必要なの？,ラップの使い方,trend,ja,,,未確認,,
1678,アルミホイルの使い方はなぜ必要なの？,アルミホイルの使い方,trend,ja,,,未確認,,
1679,キッチンペーパーはなぜ必要なの？,キッチンペーパー,trend,ja,,,未確認,,
1680,だしの取り方はなぜ必要なの？,だしの取り方,trend,ja,,,未確認,,
1681,味噌はなぜ必要なの？,味噌,trend,ja,,,未確認,,
1682,しょうゆはなぜ必要なの？,しょうゆ,trend,ja,,,未確認,,
1683,みりんはなぜ必要なの？,みりん,trend,ja,,,未確認,,
1684,酒はなぜ必要なの？,酒,trend,ja,,,未確認,,
1685,酢はなぜ必要なの？,酢,trend,ja,,,未確認,,
1686,塩はなぜ必要なの？,塩,trend,ja,,,未確認,,
1687,砂糖はなぜ必要なの？,砂糖,trend,ja,,,未確認,,
1688,油の選び方はなぜ必要なの？,油の選び方,trend,ja,,,未確認,,
1689,オリーブオイルはなぜ必要なの？,オリーブオイル,trend,ja,,,未確認,,
1690,ごま油はなぜ必要なの？,ごま油,trend,ja,,,未確認,,
1691,スパイスはなぜ必要なの？,スパイス,trend,ja,,,未確認,,
1692,ハーブはなぜ必要なの？,ハーブ,trend,ja,,,未確認,,
1693,にんにくはなぜ必要なの？,にんにく,trend,ja,,,未確認,,
1694,しょうがはなぜ必要なの？,しょうが,trend,ja,,,未確認,,
1695,梅干しはなぜ必要なの？,梅干し,trend,ja,,,未確認,,
1696,漬物はなぜ必要なの？,漬物,trend,ja,,,未確認,,
1697,発酵食品はなぜ必要なの？,発酵食品,trend,ja,必須,,未確認,,
1698,納豆はなぜ必要なの？,納豆,trend,ja,,,未確認,,
1699,ヨーグルトはなぜ必要なの？,ヨーグルト,trend,ja,,,未確認,,
1700,チーズはなぜ必要なの？,チーズ,trend,ja,,,未確認,,
1701,豆腐はなぜ必要なの？,豆腐,trend,ja,,,未確認,,
1702,納豆の食べ方はなぜ必要なの？,納豆の食べ方,trend,ja,,,未確認,,
1703,包丁の研ぎ方はなぜ必要なの？,包丁の研ぎ方,trend,ja,,制度・安全,未確認,,
1704,まな板の手入れはなぜ必要なの？,まな板の手入れ,trend,ja,,,未確認,,
1705,フライパンの手入れはなぜ必要なの？,フライパンの手入れ,trend,ja,,,未確認,,
1706,鍋の選び方はなぜ必要なの？,鍋の選び方,trend,ja,,,未確認,,
1707,土鍋はなぜ必要なの？,土鍋,trend,ja,,,未確認,,
1708,鉄鍋はなぜ必要なの？,鉄鍋,trend,ja,,,未確認,,
1709,炊飯はなぜ必要なの？,炊飯,trend,ja,,,未確認,,
1710,味噌汁はなぜ必要なの？,味噌汁,trend,ja,,,未確認,,
1711,煮物はなぜ必要なの？,煮物,trend,ja,,,未確認,,
1712,焼き物はなぜ必要なの？,焼き物,trend,ja,,,未確認,,
1713,蒸し物はなぜ必要なの？,蒸し物,trend,ja,,,未確認,,
1714,揚げ物はなぜ必要なの？,揚げ物,trend,ja,,制度・安全,未確認,,
1715,炒め物はなぜ必要なの？,炒め物,trend,ja,,,未確認,,
1716,電子レンジ活用はなぜ必要なの？,電子レンジ活用,trend,ja,,,未確認,,
1717,オーブンの使い方はなぜ必要なの？,オーブンの使い方,trend,ja,,,未確認,,
1718,トースターの使い方はなぜ必要なの？,トースターの使い方,trend,ja,,,未確認,,
1719,炊飯器の活用はなぜ必要なの？,炊飯器の活用,trend,ja,,,未確認,,
1720,保温調理はなぜ必要なの？,保温調理,trend,ja,,,未確認,,
1721,賞味期限はなぜ必要なの？,賞味期限,trend,ja,,制度・安全,未確認,,
1722,消費期限はなぜ必要なの？,消費期限,trend,ja,,制度・安全,未確認,,
1723,買い物の頻度はなぜ必要なの？,買い物の頻度,trend,ja,,,未確認,,
1724,献立の立て方はなぜ必要なの？,献立の立て方,trend,ja,,,未確認,,
1725,一人分の調理はなぜ必要なの？,一人分の調理,trend,ja,,,未確認,,
1726,お弁当はなぜ必要なの？,お弁当,trend,ja,,,未確認,,
1727,水筒はなぜ必要なの？,水筒,trend,ja,,,未確認,,
1728,キャンプ飯はなぜ必要なの？,キャンプ飯,trend,ja,,,未確認,,
1729,旬の食材はなぜ必要なの？,旬の食材,trend,ja,,,未確認,,
1730,地域の特産品はなぜ必要なの？,地域の特産品,trend,ja,,,未確認,,
1731,郷土料理はなぜ必要なの？,郷土料理,trend,ja,,,未確認,,
1732,行事食はなぜ必要なの？,行事食,trend,ja,,,未確認,,
1733,おせちはなぜ必要なの？,おせち,trend,ja,,,未確認,,
1734,コーヒーの淹れ方はなぜ必要なの？,コーヒーの淹れ方,trend,ja,,,未確認,,
1735,紅茶の淹れ方はなぜ必要なの？,紅茶の淹れ方,trend,ja,,,未確認,,
1736,緑茶の淹れ方はなぜ必要なの？,緑茶の淹れ方,trend,ja,,,未確認,,
1737,水出しはなぜ必要なの？,水出し,trend,ja,,,未確認,,
1738,氷の作り方はなぜ必要なの？,氷の作り方,trend,ja,,,未確認,,
1739,米の保存の目安はどれくらい？,米の保存,trend,ja,,制度・安全,未確認,,
1740,パンの保存の目安はどれくらい？,パンの保存,trend,ja,,制度・安全,未確認,,
1741,野菜の保存の目安はどれくらい？,野菜の保存,trend,ja,,制度・安全,未確認,,
1742,果物の保存の目安はどれくらい？,果物の保存,trend,ja,,制度・安全,未確認,,
1743,肉の保存の目安はどれくらい？,肉の保存,trend,ja,,制度・安全,未確認,,
1744,魚の保存の目安はどれくらい？,魚の保存,trend,ja,,制度・安全,未確認,,
1745,卵の保存の目安はどれくらい？,卵の保存,trend,ja,,制度・安全,未確認,,
1746,冷凍のコツの目安はどれくらい？,冷凍のコツ,trend,ja,,制度・安全,未確認,,
1747,解凍のコツの目安はどれくらい？,解凍のコツ,trend,ja,,制度・安全,未確認,,
1748,作り置きの目安はどれくらい？,作り置き,trend,ja,,,未確認,,
1749,下ごしらえの目安はどれくらい？,下ごしらえ,trend,ja,,,未確認,,
1750,下味の目安はどれくらい？,下味,trend,ja,,,未確認,,
1751,冷蔵庫の使い方の目安はどれくらい？,冷蔵庫の使い方,trend,ja,,,未確認,,
1752,野菜室の目安はどれくらい？,野菜室,trend,ja,,,未確認,,
1753,チルド室の目安はどれくらい？,チルド室,trend,ja,,,未確認,,
1754,保存容器の目安はどれくらい？,保存容器,trend,ja,,制度・安全,未確認,,
1755,ラップの使い方の目安はどれくらい？,ラップの使い方,trend,ja,,,未確認,,
1756,アルミホイルの使い方の目安はどれくらい？,アルミホイルの使い方,trend,ja,,,未確認,,
1757,キッチンペーパーの目安はどれくらい？,キッチンペーパー,trend,ja,,,未確認,,
1758,だしの取り方の目安はどれくらい？,だしの取り方,trend,ja,,,未確認,,
1759,味噌の目安はどれくらい？,味噌,trend,ja,,,未確認,,
1760,しょうゆの目安はどれくらい？,しょうゆ,trend,ja,,,未確認,,
1761,みりんの目安はどれくらい？,みりん,trend,ja,,,未確認,,
1762,酒の目安はどれくらい？,酒,trend,ja,,,未確認,,
1763,酢の目安はどれくらい？,酢,trend,ja,,,未確認,,
1764,塩の目安はどれくらい？,塩,trend,ja,,,未確認,,
1765,砂糖の目安はどれくらい？,砂糖,trend,ja,,,未確認,,
1766,油の選び方の目安はどれくらい？,油の選び方,trend,ja,,,未確認,,
1767,オリーブオイルの目安はどれくらい？,オリーブオイル,trend,ja,,,未確認,,
1768,ごま油の目安はどれくらい？,ごま油,trend,ja,,,未確認,,
1769,スパイスの目安はどれくらい？,スパイス,trend,ja,,,未確認,,
1770,ハーブの目安はどれくらい？,ハーブ,trend,ja,,,未確認,,
1771,にんにくの目安はどれくらい？,にんにく,trend,ja,,,未確認,,
1772,しょうがの目安はどれくらい？,しょうが,trend,ja,,,未確認,,
1773,梅干しの目安はどれくらい？,梅干し,trend,ja,,,未確認,,
1774,漬物の目安はどれくらい？,漬物,trend,ja,,,未確認,,
1775,発酵食品の目安はどれくらい？,発酵食品,trend,ja,必須,,未確認,,
1776,納豆の目安はどれくらい？,納豆,trend,ja,,,未確認,,
1777,ヨーグルトの目安はどれくらい？,ヨーグルト,trend,ja,,,未確認,,
1778,チーズの目安はどれくらい？,チーズ,trend,ja,,,未確認,,
1779,豆腐の目安はどれくらい？,豆腐,trend,ja,,,未確認,,
1780,納豆の食べ方の目安はどれくらい？,納豆の食べ方,trend,ja,,,未確認,,
1781,包丁の研ぎ方の目安はどれくらい？,包丁の研ぎ方,trend,ja,,制度・安全,未確認,,
1782,まな板の手入れの目安はどれくらい？,まな板の手入れ,trend,ja,,,未確認,,
1783,フライパンの手入れの目安はどれくらい？,フライパンの手入れ,trend,ja,,,未確認,,
1784,鍋の選び方の目安はどれくらい？,鍋の選び方,trend,ja,,,未確認,,
1785,土鍋の目安はどれくらい？,土鍋,trend,ja,,,未確認,,
1786,鉄鍋の目安はどれくらい？,鉄鍋,trend,ja,,,未確認,,
1787,炊飯の目安はどれくらい？,炊飯,trend,ja,,,未確認,,
1788,味噌汁の目安はどれくらい？,味噌汁,trend,ja,,,未確認,,
1789,煮物の目安はどれくらい？,煮物,trend,ja,,,未確認,,
1790,焼き物の目安はどれくらい？,焼き物,trend,ja,,,未確認,,
1791,蒸し物の目安はどれくらい？,蒸し物,trend,ja,,,未確認,,
1792,揚げ物の目安はどれくらい？,揚げ物,trend,ja,,制度・安全,未確認,,
1793,炒め物の目安はどれくらい？,炒め物,trend,ja,,,未確認,,
1794,電子レンジ活用の目安はどれくらい？,電子レンジ活用,trend,ja,,,未確認,,
1795,オーブンの使い方の目安はどれくらい？,オーブンの使い方,trend,ja,,,未確認,,
1796,トースターの使い方の目安はどれくらい？,トースターの使い方,trend,ja,,,未確認,,
1797,炊飯器の活用の目安はどれくらい？,炊飯器の活用,trend,ja,,,未確認,,
1798,保温調理の目安はどれくらい？,保温調理,trend,ja,,,未確認,,
1799,賞味期限の目安はどれくらい？,賞味期限,trend,ja,,制度・安全,未確認,,
1800,消費期限の目安はどれくらい？,消費期限,trend,ja,,制度・安全,未確認,,
1801,買い物の頻度の目安はどれくらい？,買い物の頻度,trend,ja,,,未確認,,
1802,献立の立て方の目安はどれくらい？,献立の立て方,trend,ja,,,未確認,,
1803,一人分の調理の目安はどれくらい？,一人分の調理,trend,ja,,,未確認,,
1804,お弁当の目安はどれくらい？,お弁当,trend,ja,,,未確認,,
1805,水筒の目安はどれくらい？,水筒,trend,ja,,,未確認,,
1806,キャンプ飯の目安はどれくらい？,キャンプ飯,trend,ja,,,未確認,,
1807,旬の食材の目安はどれくらい？,旬の食材,trend,ja,,,未確認,,
1808,地域の特産品の目安はどれくらい？,地域の特産品,trend,ja,,,未確認,,
1809,郷土料理の目安はどれくらい？,郷土料理,trend,ja,,,未確認,,
1810,行事食の目安はどれくらい？,行事食,trend,ja,,,未確認,,
1811,おせちの目安はどれくらい？,おせち,trend,ja,,,未確認,,
1812,コーヒーの淹れ方の目安はどれくらい？,コーヒーの淹れ方,trend,ja,,,未確認,,
1813,紅茶の淹れ方の目安はどれくらい？,紅茶の淹れ方,trend,ja,,,未確認,,
1814,緑茶の淹れ方の目安はどれくらい？,緑茶の淹れ方,trend,ja,,,未確認,,
1815,水出しの目安はどれくらい？,水出し,trend,ja,,,未確認,,
1816,氷の作り方の目安はどれくらい？,氷の作り方,trend,ja,,,未確認,,
1817,米の保存は季節で変えたほうがいいの？,米の保存,trend,ja,,制度・安全,未確認,,
1818,パンの保存は季節で変えたほうがいいの？,パンの保存,trend,ja,,制度・安全,未確認,,
1819,野菜の保存は季節で変えたほうがいいの？,野菜の保存,trend,ja,,制度・安全,未確認,,
1820,果物の保存は季節で変えたほうがいいの？,果物の保存,trend,ja,,制度・安全,未確認,,
1821,肉の保存は季節で変えたほうがいいの？,肉の保存,trend,ja,,制度・安全,未確認,,
1822,魚の保存は季節で変えたほうがいいの？,魚の保存,trend,ja,,制度・安全,未確認,,
1823,卵の保存は季節で変えたほうがいいの？,卵の保存,trend,ja,,制度・安全,未確認,,
1824,冷凍のコツは季節で変えたほうがいいの？,冷凍のコツ,trend,ja,,制度・安全,未確認,,
1825,解凍のコツは季節で変えたほうがいいの？,解凍のコツ,trend,ja,,制度・安全,未確認,,
1826,作り置きは季節で変えたほうがいいの？,作り置き,trend,ja,,,未確認,,
1827,下ごしらえは季節で変えたほうがいいの？,下ごしらえ,trend,ja,,,未確認,,
1828,下味は季節で変えたほうがいいの？,下味,trend,ja,,,未確認,,
1829,冷蔵庫の使い方は季節で変えたほうがいいの？,冷蔵庫の使い方,trend,ja,,,未確認,,
1830,野菜室は季節で変えたほうがいいの？,野菜室,trend,ja,,,未確認,,
1831,チルド室は季節で変えたほうがいいの？,チルド室,trend,ja,,,未確認,,
1832,保存容器は季節で変えたほうがいいの？,保存容器,trend,ja,,制度・安全,未確認,,
1833,ラップの使い方は季節で変えたほうがいいの？,ラップの使い方,trend,ja,,,未確認,,
1834,アルミホイルの使い方は季節で変えたほうがいいの？,アルミホイルの使い方,trend,ja,,,未確認,,
1835,キッチンペーパーは季節で変えたほうがいいの？,キッチンペーパー,trend,ja,,,未確認,,
1836,だしの取り方は季節で変えたほうがいいの？,だしの取り方,trend,ja,,,未確認,,
1837,味噌は季節で変えたほうがいいの？,味噌,trend,ja,,,未確認,,
1838,しょうゆは季節で変えたほうがいいの？,しょうゆ,trend,ja,,,未確認,,
1839,みりんは季節で変えたほうがいいの？,みりん,trend,ja,,,未確認,,
1840,酒は季節で変えたほうがいいの？,酒,trend,ja,,,未確認,,
1841,酢は季節で変えたほうがいいの？,酢,trend,ja,,,未確認,,
1842,塩は季節で変えたほうがいいの？,塩,trend,ja,,,未確認,,
1843,砂糖は季節で変えたほうがいいの？,砂糖,trend,ja,,,未確認,,
1844,油の選び方は季節で変えたほうがいいの？,油の選び方,trend,ja,,,未確認,,
1845,オリーブオイルは季節で変えたほうがいいの？,オリーブオイル,trend,ja,,,未確認,,
1846,ごま油は季節で変えたほうがいいの？,ごま油,trend,ja,,,未確認,,
1847,スパイスは季節で変えたほうがいいの？,スパイス,trend,ja,,,未確認,,
1848,ハーブは季節で変えたほうがいいの？,ハーブ,trend,ja,,,未確認,,
1849,にんにくは季節で変えたほうがいいの？,にんにく,trend,ja,,,未確認,,
1850,しょうがは季節で変えたほうがいいの？,しょうが,trend,ja,,,未確認,,
1851,梅干しは季節で変えたほうがいいの？,梅干し,trend,ja,,,未確認,,
1852,漬物は季節で変えたほうがいいの？,漬物,trend,ja,,,未確認,,
1853,発酵食品は季節で変えたほうがいいの？,発酵食品,trend,ja,必須,,未確認,,
1854,納豆は季節で変えたほうがいいの？,納豆,trend,ja,,,未確認,,
1855,ヨーグルトは季節で変えたほうがいいの？,ヨーグルト,trend,ja,,,未確認,,
1856,チーズは季節で変えたほうがいいの？,チーズ,trend,ja,,,未確認,,
1857,豆腐は季節で変えたほうがいいの？,豆腐,trend,ja,,,未確認,,
1858,納豆の食べ方は季節で変えたほうがいいの？,納豆の食べ方,trend,ja,,,未確認,,
1859,包丁の研ぎ方は季節で変えたほうがいいの？,包丁の研ぎ方,trend,ja,,制度・安全,未確認,,
1860,まな板の手入れは季節で変えたほうがいいの？,まな板の手入れ,trend,ja,,,未確認,,
1861,フライパンの手入れは季節で変えたほうがいいの？,フライパンの手入れ,trend,ja,,,未確認,,
1862,鍋の選び方は季節で変えたほうがいいの？,鍋の選び方,trend,ja,,,未確認,,
1863,土鍋は季節で変えたほうがいいの？,土鍋,trend,ja,,,未確認,,
1864,鉄鍋は季節で変えたほうがいいの？,鉄鍋,trend,ja,,,未確認,,
1865,炊飯は季節で変えたほうがいいの？,炊飯,trend,ja,,,未確認,,
1866,味噌汁は季節で変えたほうがいいの？,味噌汁,trend,ja,,,未確認,,
1867,煮物は季節で変えたほうがいいの？,煮物,trend,ja,,,未確認,,
1868,焼き物は季節で変えたほうがいいの？,焼き物,trend,ja,,,未確認,,
1869,蒸し物は季節で変えたほうがいいの？,蒸し物,trend,ja,,,未確認,,
1870,揚げ物は季節で変えたほうがいいの？,揚げ物,trend,ja,,制度・安全,未確認,,
1871,炒め物は季節で変えたほうがいいの？,炒め物,trend,ja,,,未確認,,
1872,電子レンジ活用は季節で変えたほうがいいの？,電子レンジ活用,trend,ja,,,未確認,,
1873,オーブンの使い方は季節で変えたほうがいいの？,オーブンの使い方,trend,ja,,,未確認,,
1874,トースターの使い方は季節で変えたほうがいいの？,トースターの使い方,trend,ja,,,未確認,,
1875,炊飯器の活用は季節で変えたほうがいいの？,炊飯器の活用,trend,ja,,,未確認,,
1876,保温調理は季節で変えたほうがいいの？,保温調理,trend,ja,,,未確認,,
1877,賞味期限は季節で変えたほうがいいの？,賞味期限,trend,ja,,制度・安全,未確認,,
1878,消費期限は季節で変えたほうがいいの？,消費期限,trend,ja,,制度・安全,未確認,,
1879,買い物の頻度は季節で変えたほうがいいの？,買い物の頻度,trend,ja,,,未確認,,
1880,献立の立て方は季節で変えたほうがいいの？,献立の立て方,trend,ja,,,未確認,,
1881,一人分の調理は季節で変えたほうがいいの？,一人分の調理,trend,ja,,,未確認,,
1882,お弁当は季節で変えたほうがいいの？,お弁当,trend,ja,,,未確認,,
1883,水筒は季節で変えたほうがいいの？,水筒,trend,ja,,,未確認,,
1884,キャンプ飯は季節で変えたほうがいいの？,キャンプ飯,trend,ja,,,未確認,,
1885,旬の食材は季節で変えたほうがいいの？,旬の食材,trend,ja,,,未確認,,
1886,地域の特産品は季節で変えたほうがいいの？,地域の特産品,trend,ja,,,未確認,,
1887,郷土料理は季節で変えたほうがいいの？,郷土料理,trend,ja,,,未確認,,
1888,行事食は季節で変えたほうがいいの？,行事食,trend,ja,,,未確認,,
1889,おせちは季節で変えたほうがいいの？,おせち,trend,ja,,,未確認,,
1890,コーヒーの淹れ方は季節で変えたほうがいいの？,コーヒーの淹れ方,trend,ja,,,未確認,,
1891,紅茶の淹れ方は季節で変えたほうがいいの？,紅茶の淹れ方,trend,ja,,,未確認,,
1892,緑茶の淹れ方は季節で変えたほうがいいの？,緑茶の淹れ方,trend,ja,,,未確認,,
1893,水出しは季節で変えたほうがいいの？,水出し,trend,ja,,,未確認,,
1894,氷の作り方は季節で変えたほうがいいの？,氷の作り方,trend,ja,,,未確認,,
1895,米の保存に決まりはあるの？,米の保存,trend,ja,,制度・安全,未確認,,
1896,パンの保存に決まりはあるの？,パンの保存,trend,ja,,制度・安全,未確認,,
1897,野菜の保存に決まりはあるの？,野菜の保存,trend,ja,,制度・安全,未確認,,
1898,果物の保存に決まりはあるの？,果物の保存,trend,ja,,制度・安全,未確認,,
1899,肉の保存に決まりはあるの？,肉の保存,trend,ja,,制度・安全,未確認,,
1900,魚の保存に決まりはあるの？,魚の保存,trend,ja,,制度・安全,未確認,,
1901,卵の保存に決まりはあるの？,卵の保存,trend,ja,,制度・安全,未確認,,
1902,冷凍のコツに決まりはあるの？,冷凍のコツ,trend,ja,,制度・安全,未確認,,
1903,解凍のコツに決まりはあるの？,解凍のコツ,trend,ja,,制度・安全,未確認,,
1904,作り置きに決まりはあるの？,作り置き,trend,ja,,,未確認,,
1905,下ごしらえに決まりはあるの？,下ごしらえ,trend,ja,,,未確認,,
1906,下味に決まりはあるの？,下味,trend,ja,,,未確認,,
1907,冷蔵庫の使い方に決まりはあるの？,冷蔵庫の使い方,trend,ja,,,未確認,,
1908,野菜室に決まりはあるの？,野菜室,trend,ja,,,未確認,,
1909,チルド室に決まりはあるの？,チルド室,trend,ja,,,未確認,,
1910,保存容器に決まりはあるの？,保存容器,trend,ja,,制度・安全,未確認,,
1911,ラップの使い方に決まりはあるの？,ラップの使い方,trend,ja,,,未確認,,
1912,アルミホイルの使い方に決まりはあるの？,アルミホイルの使い方,trend,ja,,,未確認,,
1913,キッチンペーパーに決まりはあるの？,キッチンペーパー,trend,ja,,,未確認,,
1914,だしの取り方に決まりはあるの？,だしの取り方,trend,ja,,,未確認,,
1915,味噌に決まりはあるの？,味噌,trend,ja,,,未確認,,
1916,しょうゆに決まりはあるの？,しょうゆ,trend,ja,,,未確認,,
1917,みりんに決まりはあるの？,みりん,trend,ja,,,未確認,,
1918,酒に決まりはあるの？,酒,trend,ja,,,未確認,,
1919,酢に決まりはあるの？,酢,trend,ja,,,未確認,,
1920,塩に決まりはあるの？,塩,trend,ja,,,未確認,,
1921,砂糖に決まりはあるの？,砂糖,trend,ja,,,未確認,,
1922,油の選び方に決まりはあるの？,油の選び方,trend,ja,,,未確認,,
1923,オリーブオイルに決まりはあるの？,オリーブオイル,trend,ja,,,未確認,,
1924,ごま油に決まりはあるの？,ごま油,trend,ja,,,未確認,,
1925,スパイスに決まりはあるの？,スパイス,trend,ja,,,未確認,,
1926,ハーブに決まりはあるの？,ハーブ,trend,ja,,,未確認,,
1927,にんにくに決まりはあるの？,にんにく,trend,ja,,,未確認,,
1928,しょうがに決まりはあるの？,しょうが,trend,ja,,,未確認,,
1929,梅干しに決まりはあるの？,梅干し,trend,ja,,,未確認,,
1930,漬物に決まりはあるの？,漬物,trend,ja,,,未確認,,
1931,発酵食品に決まりはあるの？,発酵食品,trend,ja,必須,,未確認,,
1932,納豆に決まりはあるの？,納豆,trend,ja,,,未確認,,
1933,ヨーグルトに決まりはあるの？,ヨーグルト,trend,ja,,,未確認,,
1934,チーズに決まりはあるの？,チーズ,trend,ja,,,未確認,,
1935,豆腐に決まりはあるの？,豆腐,trend,ja,,,未確認,,
1936,納豆の食べ方に決まりはあるの？,納豆の食べ方,trend,ja,,,未確認,,
1937,包丁の研ぎ方に決まりはあるの？,包丁の研ぎ方,trend,ja,,制度・安全,未確認,,
1938,まな板の手入れに決まりはあるの？,まな板の手入れ,trend,ja,,,未確認,,
1939,フライパンの手入れに決まりはあるの？,フライパンの手入れ,trend,ja,,,未確認,,
1940,鍋の選び方に決まりはあるの？,鍋の選び方,trend,ja,,,未確認,,
1941,土鍋に決まりはあるの？,土鍋,trend,ja,,,未確認,,
1942,鉄鍋に決まりはあるの？,鉄鍋,trend,ja,,,未確認,,
1943,炊飯に決まりはあるの？,炊飯,trend,ja,,,未確認,,
1944,味噌汁に決まりはあるの？,味噌汁,trend,ja,,,未確認,,
1945,煮物に決まりはあるの？,煮物,trend,ja,,,未確認,,
1946,焼き物に決まりはあるの？,焼き物,trend,ja,,,未確認,,
1947,蒸し物に決まりはあるの？,蒸し物,trend,ja,,,未確認,,
1948,揚げ物に決まりはあるの？,揚げ物,trend,ja,,制度・安全,未確認,,
1949,炒め物に決まりはあるの？,炒め物,trend,ja,,,未確認,,
1950,電子レンジ活用に決まりはあるの？,電子レンジ活用,trend,ja,,,未確認,,
1951,オーブンの使い方に決まりはあるの？,オーブンの使い方,trend,ja,,,未確認,,
1952,トースターの使い方に決まりはあるの？,トースターの使い方,trend,ja,,,未確認,,
1953,炊飯器の活用に決まりはあるの？,炊飯器の活用,trend,ja,,,未確認,,
1954,保温調理に決まりはあるの？,保温調理,trend,ja,,,未確認,,
1955,賞味期限に決まりはあるの？,賞味期限,trend,ja,,制度・安全,未確認,,
1956,消費期限に決まりはあるの？,消費期限,trend,ja,,制度・安全,未確認,,
1957,買い物の頻度に決まりはあるの？,買い物の頻度,trend,ja,,,未確認,,
1958,献立の立て方に決まりはあるの？,献立の立て方,trend,ja,,,未確認,,
1959,一人分の調理に決まりはあるの？,一人分の調理,trend,ja,,,未確認,,
1960,お弁当に決まりはあるの？,お弁当,trend,ja,,,未確認,,
1961,水筒に決まりはあるの？,水筒,trend,ja,,,未確認,,
1962,キャンプ飯に決まりはあるの？,キャンプ飯,trend,ja,,,未確認,,
1963,旬の食材に決まりはあるの？,旬の食材,trend,ja,,,未確認,,
1964,地域の特産品に決まりはあるの？,地域の特産品,trend,ja,,,未確認,,
1965,郷土料理に決まりはあるの？,郷土料理,trend,ja,,,未確認,,
1966,行事食に決まりはあるの？,行事食,trend,ja,,,未確認,,
1967,おせちに決まりはあるの？,おせち,trend,ja,,,未確認,,
1968,コーヒーの淹れ方に決まりはあるの？,コーヒーの淹れ方,trend,ja,,,未確認,,
1969,紅茶の淹れ方に決まりはあるの？,紅茶の淹れ方,trend,ja,,,未確認,,
1970,緑茶の淹れ方に決まりはあるの？,緑茶の淹れ方,trend,ja,,,未確認,,
1971,水出しに決まりはあるの？,水出し,trend,ja,,,未確認,,
1972,氷の作り方に決まりはあるの？,氷の作り方,trend,ja,,,未確認,,
1973,米の保存は毎日やったほうがいいの？,米の保存,trend,ja,,制度・安全,未確認,,
1974,パンの保存は毎日やったほうがいいの？,パンの保存,trend,ja,,制度・安全,未確認,,
1975,野菜の保存は毎日やったほうがいいの？,野菜の保存,trend,ja,,制度・安全,未確認,,
1976,果物の保存は毎日やったほうがいいの？,果物の保存,trend,ja,,制度・安全,未確認,,
1977,肉の保存は毎日やったほうがいいの？,肉の保存,trend,ja,,制度・安全,未確認,,
1978,魚の保存は毎日やったほうがいいの？,魚の保存,trend,ja,,制度・安全,未確認,,
1979,卵の保存は毎日やったほうがいいの？,卵の保存,trend,ja,,制度・安全,未確認,,
1980,冷凍のコツは毎日やったほうがいいの？,冷凍のコツ,trend,ja,,制度・安全,未確認,,
1981,解凍のコツは毎日やったほうがいいの？,解凍のコツ,trend,ja,,制度・安全,未確認,,
1982,作り置きは毎日やったほうがいいの？,作り置き,trend,ja,,,未確認,,
1983,下ごしらえは毎日やったほうがいいの？,下ごしらえ,trend,ja,,,未確認,,
1984,下味は毎日やったほうがいいの？,下味,trend,ja,,,未確認,,
1985,冷蔵庫の使い方は毎日やったほうがいいの？,冷蔵庫の使い方,trend,ja,,,未確認,,
1986,ラップの使い方は毎日やったほうがいいの？,ラップの使い方,trend,ja,,,未確認,,
1987,アルミホイルの使い方は毎日やったほうがいいの？,アルミホイルの使い方,trend,ja,,,未確認,,
1988,だしの取り方は毎日やったほうがいいの？,だしの取り方,trend,ja,,,未確認,,
1989,油の選び方は毎日やったほうがいいの？,油の選び方,trend,ja,,,未確認,,
1990,包丁の研ぎ方は毎日やったほうがいいの？,包丁の研ぎ方,trend,ja,,制度・安全,未確認,,
1991,まな板の手入れは毎日やったほうがいいの？,まな板の手入れ,trend,ja,,,未確認,,
1992,フライパンの手入れは毎日やったほうがいいの？,フライパンの手入れ,trend,ja,,,未確認,,
1993,鍋の選び方は毎日やったほうがいいの？,鍋の選び方,trend,ja,,,未確認,,
1994,炊飯は毎日やったほうがいいの？,炊飯,trend,ja,,,未確認,,
1995,煮物は毎日やったほうがいいの？,煮物,trend,ja,,,未確認,,
1996,焼き物は毎日やったほうがいいの？,焼き物,trend,ja,,,未確認,,
1997,蒸し物は毎日やったほうがいいの？,蒸し物,trend,ja,,,未確認,,
1998,揚げ物は毎日やったほうがいいの？,揚げ物,trend,ja,,制度・安全,未確認,,
1999,炒め物は毎日やったほうがいいの？,炒め物,trend,ja,,,未確認,,
2000,電子レンジ活用は毎日やったほうがいいの？,電子レンジ活用,trend,ja,,,未確認,,
2001,What should I know about drugstores in Japan?,drugstores,inbound,en,,,未確認,,
2002,What should I know about convenience stores in Japan?,convenience stores,inbound,en,,,未確認,,
2003,What should I know about supermarkets in Japan?,supermarkets,inbound,en,,,未確認,,
2004,What should I know about department stores in Japan?,department stores,inbound,en,,,未確認,,
2005,What should I know about 100-yen shops in Japan?,100-yen shops,inbound,en,,,未確認,,
2006,What should I know about home centres in Japan?,home centres,inbound,en,,,未確認,,
2007,What should I know about tax-free shopping in Japan?,tax-free shopping,inbound,en,,制度・安全,未確認,,
2008,What should I know about consumption tax in Japan?,consumption tax,inbound,en,,制度・安全,未確認,,
2009,What should I know about cash and cards in Japan?,cash and cards,inbound,en,,,未確認,,
2010,What should I know about IC cards in Japan?,IC cards,inbound,en,,,未確認,,
2011,What should I know about coin lockers in Japan?,coin lockers,inbound,en,,,未確認,,
2012,What should I know about luggage forwarding in Japan?,luggage forwarding,inbound,en,,,未確認,,
2013,What should I know about carry-on rules in Japan?,carry-on rules,inbound,en,,,未確認,,
2014,What should I know about customs on the way home in Japan?,customs on the way home,inbound,en,,制度・安全,未確認,,
2015,What should I know about bringing food home in Japan?,bringing food home,inbound,en,,,未確認,,
2016,What should I know about bringing medicine in Japan?,bringing medicine,inbound,en,必須,制度・安全,未確認,,
2017,What should I know about packing for summer in Japan?,packing for summer,inbound,en,,,未確認,,
2018,What should I know about packing for winter in Japan?,packing for winter,inbound,en,,,未確認,,
2019,What should I know about packing for the rainy season in Japan?,packing for the rainy season,inbound,en,,,未確認,,
2020,What should I know about humidity in Japan?,humidity,inbound,en,,,未確認,,
2021,What should I know about the heat in August in Japan?,the heat in August,inbound,en,,,未確認,,
2022,What should I know about pollen season in Japan?,pollen season,inbound,en,,,未確認,,
2023,What should I know about UV levels in Japan?,UV levels,inbound,en,,,未確認,,
2024,What should I know about sunscreen labels in Japan?,sunscreen labels,inbound,en,必須,,未確認,,
2025,What should I know about SPF and PA in Japan?,SPF and PA,inbound,en,必須,,未確認,,
2026,What should I know about cosmetics labels in Japan?,cosmetics labels,inbound,en,必須,,未確認,,
2027,What should I know about ingredient lists in Japan?,ingredient lists,inbound,en,必須,,未確認,,
2028,What should I know about expiry dates on cosmetics in Japan?,expiry dates on cosmetics,inbound,en,必須,,未確認,,
2029,What should I know about skincare product names in Japan?,skincare product names,inbound,en,必須,,未確認,,
2030,What should I know about face masks in Japan?,face masks,inbound,en,,,未確認,,
2031,What should I know about hand soap in Japan?,hand soap,inbound,en,,,未確認,,
2032,What should I know about toiletries you can buy locally in Japan?,toiletries you can buy locally,inbound,en,,,未確認,,
2033,What should I know about laundry while travelling in Japan?,laundry while travelling,inbound,en,,,未確認,,
2034,What should I know about coin laundries in Japan?,coin laundries,inbound,en,,,未確認,,
2035,What should I know about hotel amenities in Japan?,hotel amenities,inbound,en,,,未確認,,
2036,What should I know about slippers and shoes indoors in Japan?,slippers and shoes indoors,inbound,en,,,未確認,,
2037,What should I know about public baths in Japan?,public baths,inbound,en,,,未確認,,
2038,What should I know about onsen etiquette in Japan?,onsen etiquette,inbound,en,,,未確認,,
2039,What should I know about tattoos and bathing in Japan?,tattoos and bathing,inbound,en,,,未確認,,
2040,What should I know about towels in Japan?,towels,inbound,en,,,未確認,,
2041,What should I know about tap water in Japan?,tap water,inbound,en,,,未確認,,
2042,What should I know about vending machines in Japan?,vending machines,inbound,en,,,未確認,,
2043,What should I know about bottle recycling in Japan?,bottle recycling,inbound,en,,,未確認,,
2044,What should I know about rubbish bins in Japan?,rubbish bins,inbound,en,,制度・安全,未確認,,
2045,What should I know about sorting rubbish in Japan?,sorting rubbish,inbound,en,,制度・安全,未確認,,
2046,What should I know about eating while walking in Japan?,eating while walking,inbound,en,,,未確認,,
2047,What should I know about convenience-store food in Japan?,convenience-store food,inbound,en,,,未確認,,
2048,What should I know about onigiri in Japan?,onigiri,inbound,en,,,未確認,,
2049,What should I know about bento in Japan?,bento,inbound,en,,,未確認,,
2050,What should I know about instant noodles in Japan?,instant noodles,inbound,en,,,未確認,,
2051,What should I know about matcha products in Japan?,matcha products,inbound,en,,,未確認,,
2052,What should I know about wagashi in Japan?,wagashi,inbound,en,,,未確認,,
2053,What should I know about seasonal sweets in Japan?,seasonal sweets,inbound,en,,,未確認,,
2054,What should I know about allergy labelling in Japan?,allergy labelling,inbound,en,必須,制度・安全,未確認,,
2055,What should I know about vegetarian options in Japan?,vegetarian options,inbound,en,必須,,未確認,,
2056,What should I know about halal options in Japan?,halal options,inbound,en,必須,,未確認,,
2057,What should I know about reading a menu in Japan?,reading a menu,inbound,en,,,未確認,,
2058,What should I know about restaurant etiquette in Japan?,restaurant etiquette,inbound,en,,,未確認,,
2059,What should I know about tipping in Japan?,tipping,inbound,en,,,未確認,,
2060,What should I know about queueing in Japan?,queueing,inbound,en,,,未確認,,
2061,What should I know about reservations in Japan?,reservations,inbound,en,,,未確認,,
2062,What should I know about English-speaking staff in Japan?,English-speaking staff,inbound,en,,,未確認,,
2063,What should I know about translation apps in Japan?,translation apps,inbound,en,,,未確認,,
2064,What should I know about pharmacy staff in Japan?,pharmacy staff,inbound,en,必須,,未確認,,
2065,What should I know about over-the-counter medicine in Japan?,over-the-counter medicine,inbound,en,必須,制度・安全,未確認,,
2066,What should I know about first aid supplies in Japan?,first aid supplies,inbound,en,必須,,未確認,,
2067,What should I know about power plugs in Japan?,power plugs,inbound,en,,,未確認,,
2068,What should I know about SIM and eSIM in Japan?,SIM and eSIM,inbound,en,,,未確認,,
2069,What should I know about pocket wifi in Japan?,pocket wifi,inbound,en,,,未確認,,
2070,What should I know about postal services in Japan?,postal services,inbound,en,,,未確認,,
2071,What should I know about souvenir choices in Japan?,souvenir choices,inbound,en,,,未確認,,
2072,What should I know about gift wrapping in Japan?,gift wrapping,inbound,en,,,未確認,,
2073,What should I know about seasonal shopping in Japan?,seasonal shopping,inbound,en,,,未確認,,
2074,What should I know about sales seasons in Japan?,sales seasons,inbound,en,,,未確認,,
2075,What should I know about sizing differences in Japan?,sizing differences,inbound,en,,,未確認,,
2076,What should I know about shoe sizes in Japan?,shoe sizes,inbound,en,,,未確認,,
2077,What do people get wrong about drugstores in Japan?,drugstores,inbound,en,,,未確認,,
2078,What do people get wrong about convenience stores in Japan?,convenience stores,inbound,en,,,未確認,,
2079,What do people get wrong about supermarkets in Japan?,supermarkets,inbound,en,,,未確認,,
2080,What do people get wrong about department stores in Japan?,department stores,inbound,en,,,未確認,,
2081,What do people get wrong about 100-yen shops in Japan?,100-yen shops,inbound,en,,,未確認,,
2082,What do people get wrong about home centres in Japan?,home centres,inbound,en,,,未確認,,
2083,What do people get wrong about tax-free shopping in Japan?,tax-free shopping,inbound,en,,制度・安全,未確認,,
2084,What do people get wrong about consumption tax in Japan?,consumption tax,inbound,en,,制度・安全,未確認,,
2085,What do people get wrong about cash and cards in Japan?,cash and cards,inbound,en,,,未確認,,
2086,What do people get wrong about IC cards in Japan?,IC cards,inbound,en,,,未確認,,
2087,What do people get wrong about coin lockers in Japan?,coin lockers,inbound,en,,,未確認,,
2088,What do people get wrong about luggage forwarding in Japan?,luggage forwarding,inbound,en,,,未確認,,
2089,What do people get wrong about carry-on rules in Japan?,carry-on rules,inbound,en,,,未確認,,
2090,What do people get wrong about customs on the way home in Japan?,customs on the way home,inbound,en,,制度・安全,未確認,,
2091,What do people get wrong about bringing food home in Japan?,bringing food home,inbound,en,,,未確認,,
2092,What do people get wrong about bringing medicine in Japan?,bringing medicine,inbound,en,必須,制度・安全,未確認,,
2093,What do people get wrong about packing for summer in Japan?,packing for summer,inbound,en,,,未確認,,
2094,What do people get wrong about packing for winter in Japan?,packing for winter,inbound,en,,,未確認,,
2095,What do people get wrong about packing for the rainy season in Japan?,packing for the rainy season,inbound,en,,,未確認,,
2096,What do people get wrong about humidity in Japan?,humidity,inbound,en,,,未確認,,
2097,What do people get wrong about the heat in August in Japan?,the heat in August,inbound,en,,,未確認,,
2098,What do people get wrong about pollen season in Japan?,pollen season,inbound,en,,,未確認,,
2099,What do people get wrong about UV levels in Japan?,UV levels,inbound,en,,,未確認,,
2100,What do people get wrong about sunscreen labels in Japan?,sunscreen labels,inbound,en,必須,,未確認,,
2101,What do people get wrong about SPF and PA in Japan?,SPF and PA,inbound,en,必須,,未確認,,
2102,What do people get wrong about cosmetics labels in Japan?,cosmetics labels,inbound,en,必須,,未確認,,
2103,What do people get wrong about ingredient lists in Japan?,ingredient lists,inbound,en,必須,,未確認,,
2104,What do people get wrong about expiry dates on cosmetics in Japan?,expiry dates on cosmetics,inbound,en,必須,,未確認,,
2105,What do people get wrong about skincare product names in Japan?,skincare product names,inbound,en,必須,,未確認,,
2106,What do people get wrong about face masks in Japan?,face masks,inbound,en,,,未確認,,
2107,What do people get wrong about hand soap in Japan?,hand soap,inbound,en,,,未確認,,
2108,What do people get wrong about toiletries you can buy locally in Japan?,toiletries you can buy locally,inbound,en,,,未確認,,
2109,What do people get wrong about laundry while travelling in Japan?,laundry while travelling,inbound,en,,,未確認,,
2110,What do people get wrong about coin laundries in Japan?,coin laundries,inbound,en,,,未確認,,
2111,What do people get wrong about hotel amenities in Japan?,hotel amenities,inbound,en,,,未確認,,
2112,What do people get wrong about slippers and shoes indoors in Japan?,slippers and shoes indoors,inbound,en,,,未確認,,
2113,What do people get wrong about public baths in Japan?,public baths,inbound,en,,,未確認,,
2114,What do people get wrong about onsen etiquette in Japan?,onsen etiquette,inbound,en,,,未確認,,
2115,What do people get wrong about tattoos and bathing in Japan?,tattoos and bathing,inbound,en,,,未確認,,
2116,What do people get wrong about towels in Japan?,towels,inbound,en,,,未確認,,
2117,What do people get wrong about tap water in Japan?,tap water,inbound,en,,,未確認,,
2118,What do people get wrong about vending machines in Japan?,vending machines,inbound,en,,,未確認,,
2119,What do people get wrong about bottle recycling in Japan?,bottle recycling,inbound,en,,,未確認,,
2120,What do people get wrong about rubbish bins in Japan?,rubbish bins,inbound,en,,制度・安全,未確認,,
2121,What do people get wrong about sorting rubbish in Japan?,sorting rubbish,inbound,en,,制度・安全,未確認,,
2122,What do people get wrong about eating while walking in Japan?,eating while walking,inbound,en,,,未確認,,
2123,What do people get wrong about convenience-store food in Japan?,convenience-store food,inbound,en,,,未確認,,
2124,What do people get wrong about onigiri in Japan?,onigiri,inbound,en,,,未確認,,
2125,What do people get wrong about bento in Japan?,bento,inbound,en,,,未確認,,
2126,What do people get wrong about instant noodles in Japan?,instant noodles,inbound,en,,,未確認,,
2127,What do people get wrong about matcha products in Japan?,matcha products,inbound,en,,,未確認,,
2128,What do people get wrong about wagashi in Japan?,wagashi,inbound,en,,,未確認,,
2129,What do people get wrong about seasonal sweets in Japan?,seasonal sweets,inbound,en,,,未確認,,
2130,What do people get wrong about allergy labelling in Japan?,allergy labelling,inbound,en,必須,制度・安全,未確認,,
2131,What do people get wrong about vegetarian options in Japan?,vegetarian options,inbound,en,必須,,未確認,,
2132,What do people get wrong about halal options in Japan?,halal options,inbound,en,必須,,未確認,,
2133,What do people get wrong about reading a menu in Japan?,reading a menu,inbound,en,,,未確認,,
2134,What do people get wrong about restaurant etiquette in Japan?,restaurant etiquette,inbound,en,,,未確認,,
2135,What do people get wrong about tipping in Japan?,tipping,inbound,en,,,未確認,,
2136,What do people get wrong about queueing in Japan?,queueing,inbound,en,,,未確認,,
2137,What do people get wrong about reservations in Japan?,reservations,inbound,en,,,未確認,,
2138,What do people get wrong about English-speaking staff in Japan?,English-speaking staff,inbound,en,,,未確認,,
2139,What do people get wrong about translation apps in Japan?,translation apps,inbound,en,,,未確認,,
2140,What do people get wrong about pharmacy staff in Japan?,pharmacy staff,inbound,en,必須,,未確認,,
2141,What do people get wrong about over-the-counter medicine in Japan?,over-the-counter medicine,inbound,en,必須,制度・安全,未確認,,
2142,What do people get wrong about first aid supplies in Japan?,first aid supplies,inbound,en,必須,,未確認,,
2143,What do people get wrong about power plugs in Japan?,power plugs,inbound,en,,,未確認,,
2144,What do people get wrong about SIM and eSIM in Japan?,SIM and eSIM,inbound,en,,,未確認,,
2145,What do people get wrong about pocket wifi in Japan?,pocket wifi,inbound,en,,,未確認,,
2146,What do people get wrong about postal services in Japan?,postal services,inbound,en,,,未確認,,
2147,What do people get wrong about souvenir choices in Japan?,souvenir choices,inbound,en,,,未確認,,
2148,What do people get wrong about gift wrapping in Japan?,gift wrapping,inbound,en,,,未確認,,
2149,What do people get wrong about seasonal shopping in Japan?,seasonal shopping,inbound,en,,,未確認,,
2150,What do people get wrong about sales seasons in Japan?,sales seasons,inbound,en,,,未確認,,
2151,What do people get wrong about sizing differences in Japan?,sizing differences,inbound,en,,,未確認,,
2152,What do people get wrong about shoe sizes in Japan?,shoe sizes,inbound,en,,,未確認,,
2153,What surprises visitors about drugstores in Japan?,drugstores,inbound,en,,,未確認,,
2154,What surprises visitors about convenience stores in Japan?,convenience stores,inbound,en,,,未確認,,
2155,What surprises visitors about supermarkets in Japan?,supermarkets,inbound,en,,,未確認,,
2156,What surprises visitors about department stores in Japan?,department stores,inbound,en,,,未確認,,
2157,What surprises visitors about 100-yen shops in Japan?,100-yen shops,inbound,en,,,未確認,,
2158,What surprises visitors about home centres in Japan?,home centres,inbound,en,,,未確認,,
2159,What surprises visitors about tax-free shopping in Japan?,tax-free shopping,inbound,en,,制度・安全,未確認,,
2160,What surprises visitors about consumption tax in Japan?,consumption tax,inbound,en,,制度・安全,未確認,,
2161,What surprises visitors about cash and cards in Japan?,cash and cards,inbound,en,,,未確認,,
2162,What surprises visitors about IC cards in Japan?,IC cards,inbound,en,,,未確認,,
2163,What surprises visitors about coin lockers in Japan?,coin lockers,inbound,en,,,未確認,,
2164,What surprises visitors about luggage forwarding in Japan?,luggage forwarding,inbound,en,,,未確認,,
2165,What surprises visitors about carry-on rules in Japan?,carry-on rules,inbound,en,,,未確認,,
2166,What surprises visitors about customs on the way home in Japan?,customs on the way home,inbound,en,,制度・安全,未確認,,
2167,What surprises visitors about bringing food home in Japan?,bringing food home,inbound,en,,,未確認,,
2168,What surprises visitors about bringing medicine in Japan?,bringing medicine,inbound,en,必須,制度・安全,未確認,,
2169,What surprises visitors about packing for summer in Japan?,packing for summer,inbound,en,,,未確認,,
2170,What surprises visitors about packing for winter in Japan?,packing for winter,inbound,en,,,未確認,,
2171,What surprises visitors about packing for the rainy season in Japan?,packing for the rainy season,inbound,en,,,未確認,,
2172,What surprises visitors about humidity in Japan?,humidity,inbound,en,,,未確認,,
2173,What surprises visitors about the heat in August in Japan?,the heat in August,inbound,en,,,未確認,,
2174,What surprises visitors about pollen season in Japan?,pollen season,inbound,en,,,未確認,,
2175,What surprises visitors about UV levels in Japan?,UV levels,inbound,en,,,未確認,,
2176,What surprises visitors about sunscreen labels in Japan?,sunscreen labels,inbound,en,必須,,未確認,,
2177,What surprises visitors about SPF and PA in Japan?,SPF and PA,inbound,en,必須,,未確認,,
2178,What surprises visitors about cosmetics labels in Japan?,cosmetics labels,inbound,en,必須,,未確認,,
2179,What surprises visitors about ingredient lists in Japan?,ingredient lists,inbound,en,必須,,未確認,,
2180,What surprises visitors about expiry dates on cosmetics in Japan?,expiry dates on cosmetics,inbound,en,必須,,未確認,,
2181,What surprises visitors about skincare product names in Japan?,skincare product names,inbound,en,必須,,未確認,,
2182,What surprises visitors about face masks in Japan?,face masks,inbound,en,,,未確認,,
2183,What surprises visitors about hand soap in Japan?,hand soap,inbound,en,,,未確認,,
2184,What surprises visitors about toiletries you can buy locally in Japan?,toiletries you can buy locally,inbound,en,,,未確認,,
2185,What surprises visitors about laundry while travelling in Japan?,laundry while travelling,inbound,en,,,未確認,,
2186,What surprises visitors about coin laundries in Japan?,coin laundries,inbound,en,,,未確認,,
2187,What surprises visitors about hotel amenities in Japan?,hotel amenities,inbound,en,,,未確認,,
2188,What surprises visitors about slippers and shoes indoors in Japan?,slippers and shoes indoors,inbound,en,,,未確認,,
2189,What surprises visitors about public baths in Japan?,public baths,inbound,en,,,未確認,,
2190,What surprises visitors about onsen etiquette in Japan?,onsen etiquette,inbound,en,,,未確認,,
2191,What surprises visitors about tattoos and bathing in Japan?,tattoos and bathing,inbound,en,,,未確認,,
2192,What surprises visitors about towels in Japan?,towels,inbound,en,,,未確認,,
2193,What surprises visitors about tap water in Japan?,tap water,inbound,en,,,未確認,,
2194,What surprises visitors about vending machines in Japan?,vending machines,inbound,en,,,未確認,,
2195,What surprises visitors about bottle recycling in Japan?,bottle recycling,inbound,en,,,未確認,,
2196,What surprises visitors about rubbish bins in Japan?,rubbish bins,inbound,en,,制度・安全,未確認,,
2197,What surprises visitors about sorting rubbish in Japan?,sorting rubbish,inbound,en,,制度・安全,未確認,,
2198,What surprises visitors about eating while walking in Japan?,eating while walking,inbound,en,,,未確認,,
2199,What surprises visitors about convenience-store food in Japan?,convenience-store food,inbound,en,,,未確認,,
2200,What surprises visitors about onigiri in Japan?,onigiri,inbound,en,,,未確認,,
2201,What surprises visitors about bento in Japan?,bento,inbound,en,,,未確認,,
2202,What surprises visitors about instant noodles in Japan?,instant noodles,inbound,en,,,未確認,,
2203,What surprises visitors about matcha products in Japan?,matcha products,inbound,en,,,未確認,,
2204,What surprises visitors about wagashi in Japan?,wagashi,inbound,en,,,未確認,,
2205,What surprises visitors about seasonal sweets in Japan?,seasonal sweets,inbound,en,,,未確認,,
2206,What surprises visitors about allergy labelling in Japan?,allergy labelling,inbound,en,必須,制度・安全,未確認,,
2207,What surprises visitors about vegetarian options in Japan?,vegetarian options,inbound,en,必須,,未確認,,
2208,What surprises visitors about halal options in Japan?,halal options,inbound,en,必須,,未確認,,
2209,What surprises visitors about reading a menu in Japan?,reading a menu,inbound,en,,,未確認,,
2210,What surprises visitors about restaurant etiquette in Japan?,restaurant etiquette,inbound,en,,,未確認,,
2211,What surprises visitors about tipping in Japan?,tipping,inbound,en,,,未確認,,
2212,What surprises visitors about queueing in Japan?,queueing,inbound,en,,,未確認,,
2213,What surprises visitors about reservations in Japan?,reservations,inbound,en,,,未確認,,
2214,What surprises visitors about English-speaking staff in Japan?,English-speaking staff,inbound,en,,,未確認,,
2215,What surprises visitors about translation apps in Japan?,translation apps,inbound,en,,,未確認,,
2216,What surprises visitors about pharmacy staff in Japan?,pharmacy staff,inbound,en,必須,,未確認,,
2217,What surprises visitors about over-the-counter medicine in Japan?,over-the-counter medicine,inbound,en,必須,制度・安全,未確認,,
2218,What surprises visitors about first aid supplies in Japan?,first aid supplies,inbound,en,必須,,未確認,,
2219,What surprises visitors about power plugs in Japan?,power plugs,inbound,en,,,未確認,,
2220,What surprises visitors about SIM and eSIM in Japan?,SIM and eSIM,inbound,en,,,未確認,,
2221,What surprises visitors about pocket wifi in Japan?,pocket wifi,inbound,en,,,未確認,,
2222,What surprises visitors about postal services in Japan?,postal services,inbound,en,,,未確認,,
2223,What surprises visitors about souvenir choices in Japan?,souvenir choices,inbound,en,,,未確認,,
2224,What surprises visitors about gift wrapping in Japan?,gift wrapping,inbound,en,,,未確認,,
2225,What surprises visitors about seasonal shopping in Japan?,seasonal shopping,inbound,en,,,未確認,,
2226,What surprises visitors about sales seasons in Japan?,sales seasons,inbound,en,,,未確認,,
2227,What surprises visitors about sizing differences in Japan?,sizing differences,inbound,en,,,未確認,,
2228,What surprises visitors about shoe sizes in Japan?,shoe sizes,inbound,en,,,未確認,,
2229,Why are things different in Japan when it comes to drugstores?,drugstores,inbound,en,,,未確認,,
2230,Why are things different in Japan when it comes to convenience stores?,convenience stores,inbound,en,,,未確認,,
2231,Why are things different in Japan when it comes to supermarkets?,supermarkets,inbound,en,,,未確認,,
2232,Why are things different in Japan when it comes to department stores?,department stores,inbound,en,,,未確認,,
2233,Why are things different in Japan when it comes to 100-yen shops?,100-yen shops,inbound,en,,,未確認,,
2234,Why are things different in Japan when it comes to home centres?,home centres,inbound,en,,,未確認,,
2235,Why are things different in Japan when it comes to tax-free shopping?,tax-free shopping,inbound,en,,制度・安全,未確認,,
2236,Why are things different in Japan when it comes to consumption tax?,consumption tax,inbound,en,,制度・安全,未確認,,
2237,Why are things different in Japan when it comes to cash and cards?,cash and cards,inbound,en,,,未確認,,
2238,Why are things different in Japan when it comes to IC cards?,IC cards,inbound,en,,,未確認,,
2239,Why are things different in Japan when it comes to coin lockers?,coin lockers,inbound,en,,,未確認,,
2240,Why are things different in Japan when it comes to luggage forwarding?,luggage forwarding,inbound,en,,,未確認,,
2241,Why are things different in Japan when it comes to carry-on rules?,carry-on rules,inbound,en,,,未確認,,
2242,Why are things different in Japan when it comes to customs on the way home?,customs on the way home,inbound,en,,制度・安全,未確認,,
2243,Why are things different in Japan when it comes to bringing food home?,bringing food home,inbound,en,,,未確認,,
2244,Why are things different in Japan when it comes to bringing medicine?,bringing medicine,inbound,en,必須,制度・安全,未確認,,
2245,Why are things different in Japan when it comes to packing for summer?,packing for summer,inbound,en,,,未確認,,
2246,Why are things different in Japan when it comes to packing for winter?,packing for winter,inbound,en,,,未確認,,
2247,Why are things different in Japan when it comes to packing for the rainy season?,packing for the rainy season,inbound,en,,,未確認,,
2248,Why are things different in Japan when it comes to humidity?,humidity,inbound,en,,,未確認,,
2249,Why are things different in Japan when it comes to the heat in August?,the heat in August,inbound,en,,,未確認,,
2250,Why are things different in Japan when it comes to pollen season?,pollen season,inbound,en,,,未確認,,
2251,Why are things different in Japan when it comes to UV levels?,UV levels,inbound,en,,,未確認,,
2252,Why are things different in Japan when it comes to sunscreen labels?,sunscreen labels,inbound,en,必須,,未確認,,
2253,Why are things different in Japan when it comes to SPF and PA?,SPF and PA,inbound,en,必須,,未確認,,
2254,Why are things different in Japan when it comes to cosmetics labels?,cosmetics labels,inbound,en,必須,,未確認,,
2255,Why are things different in Japan when it comes to ingredient lists?,ingredient lists,inbound,en,必須,,未確認,,
2256,Why are things different in Japan when it comes to expiry dates on cosmetics?,expiry dates on cosmetics,inbound,en,必須,,未確認,,
2257,Why are things different in Japan when it comes to skincare product names?,skincare product names,inbound,en,必須,,未確認,,
2258,Why are things different in Japan when it comes to face masks?,face masks,inbound,en,,,未確認,,
2259,Why are things different in Japan when it comes to hand soap?,hand soap,inbound,en,,,未確認,,
2260,Why are things different in Japan when it comes to toiletries you can buy locally?,toiletries you can buy locally,inbound,en,,,未確認,,
2261,Why are things different in Japan when it comes to laundry while travelling?,laundry while travelling,inbound,en,,,未確認,,
2262,Why are things different in Japan when it comes to coin laundries?,coin laundries,inbound,en,,,未確認,,
2263,Why are things different in Japan when it comes to hotel amenities?,hotel amenities,inbound,en,,,未確認,,
2264,Why are things different in Japan when it comes to slippers and shoes indoors?,slippers and shoes indoors,inbound,en,,,未確認,,
2265,Why are things different in Japan when it comes to public baths?,public baths,inbound,en,,,未確認,,
2266,Why are things different in Japan when it comes to onsen etiquette?,onsen etiquette,inbound,en,,,未確認,,
2267,Why are things different in Japan when it comes to tattoos and bathing?,tattoos and bathing,inbound,en,,,未確認,,
2268,Why are things different in Japan when it comes to towels?,towels,inbound,en,,,未確認,,
2269,Why are things different in Japan when it comes to tap water?,tap water,inbound,en,,,未確認,,
2270,Why are things different in Japan when it comes to vending machines?,vending machines,inbound,en,,,未確認,,
2271,Why are things different in Japan when it comes to bottle recycling?,bottle recycling,inbound,en,,,未確認,,
2272,Why are things different in Japan when it comes to rubbish bins?,rubbish bins,inbound,en,,制度・安全,未確認,,
2273,Why are things different in Japan when it comes to sorting rubbish?,sorting rubbish,inbound,en,,制度・安全,未確認,,
2274,Why are things different in Japan when it comes to eating while walking?,eating while walking,inbound,en,,,未確認,,
2275,Why are things different in Japan when it comes to convenience-store food?,convenience-store food,inbound,en,,,未確認,,
2276,Why are things different in Japan when it comes to onigiri?,onigiri,inbound,en,,,未確認,,
2277,Why are things different in Japan when it comes to bento?,bento,inbound,en,,,未確認,,
2278,Why are things different in Japan when it comes to instant noodles?,instant noodles,inbound,en,,,未確認,,
2279,Why are things different in Japan when it comes to matcha products?,matcha products,inbound,en,,,未確認,,
2280,Why are things different in Japan when it comes to wagashi?,wagashi,inbound,en,,,未確認,,
2281,Why are things different in Japan when it comes to seasonal sweets?,seasonal sweets,inbound,en,,,未確認,,
2282,Why are things different in Japan when it comes to allergy labelling?,allergy labelling,inbound,en,必須,制度・安全,未確認,,
2283,Why are things different in Japan when it comes to vegetarian options?,vegetarian options,inbound,en,必須,,未確認,,
2284,Why are things different in Japan when it comes to halal options?,halal options,inbound,en,必須,,未確認,,
2285,Why are things different in Japan when it comes to reading a menu?,reading a menu,inbound,en,,,未確認,,
2286,Why are things different in Japan when it comes to restaurant etiquette?,restaurant etiquette,inbound,en,,,未確認,,
2287,Why are things different in Japan when it comes to tipping?,tipping,inbound,en,,,未確認,,
2288,Why are things different in Japan when it comes to queueing?,queueing,inbound,en,,,未確認,,
2289,Why are things different in Japan when it comes to reservations?,reservations,inbound,en,,,未確認,,
2290,Why are things different in Japan when it comes to English-speaking staff?,English-speaking staff,inbound,en,,,未確認,,
2291,Why are things different in Japan when it comes to translation apps?,translation apps,inbound,en,,,未確認,,
2292,Why are things different in Japan when it comes to pharmacy staff?,pharmacy staff,inbound,en,必須,,未確認,,
2293,Why are things different in Japan when it comes to over-the-counter medicine?,over-the-counter medicine,inbound,en,必須,制度・安全,未確認,,
2294,Why are things different in Japan when it comes to first aid supplies?,first aid supplies,inbound,en,必須,,未確認,,
2295,Why are things different in Japan when it comes to power plugs?,power plugs,inbound,en,,,未確認,,
2296,Why are things different in Japan when it comes to SIM and eSIM?,SIM and eSIM,inbound,en,,,未確認,,
2297,Why are things different in Japan when it comes to pocket wifi?,pocket wifi,inbound,en,,,未確認,,
2298,Why are things different in Japan when it comes to postal services?,postal services,inbound,en,,,未確認,,
2299,Why are things different in Japan when it comes to souvenir choices?,souvenir choices,inbound,en,,,未確認,,
2300,Why are things different in Japan when it comes to gift wrapping?,gift wrapping,inbound,en,,,未確認,,
2301,Why are things different in Japan when it comes to seasonal shopping?,seasonal shopping,inbound,en,,,未確認,,
2302,Why are things different in Japan when it comes to sales seasons?,sales seasons,inbound,en,,,未確認,,
2303,Why are things different in Japan when it comes to sizing differences?,sizing differences,inbound,en,,,未確認,,
2304,Why are things different in Japan when it comes to shoe sizes?,shoe sizes,inbound,en,,,未確認,,
2305,What do people in Japan actually do about drugstores?,drugstores,inbound,en,,,未確認,,
2306,What do people in Japan actually do about convenience stores?,convenience stores,inbound,en,,,未確認,,
2307,What do people in Japan actually do about supermarkets?,supermarkets,inbound,en,,,未確認,,
2308,What do people in Japan actually do about department stores?,department stores,inbound,en,,,未確認,,
2309,What do people in Japan actually do about 100-yen shops?,100-yen shops,inbound,en,,,未確認,,
2310,What do people in Japan actually do about home centres?,home centres,inbound,en,,,未確認,,
2311,What do people in Japan actually do about tax-free shopping?,tax-free shopping,inbound,en,,制度・安全,未確認,,
2312,What do people in Japan actually do about consumption tax?,consumption tax,inbound,en,,制度・安全,未確認,,
2313,What do people in Japan actually do about cash and cards?,cash and cards,inbound,en,,,未確認,,
2314,What do people in Japan actually do about IC cards?,IC cards,inbound,en,,,未確認,,
2315,What do people in Japan actually do about coin lockers?,coin lockers,inbound,en,,,未確認,,
2316,What do people in Japan actually do about luggage forwarding?,luggage forwarding,inbound,en,,,未確認,,
2317,What do people in Japan actually do about carry-on rules?,carry-on rules,inbound,en,,,未確認,,
2318,What do people in Japan actually do about customs on the way home?,customs on the way home,inbound,en,,制度・安全,未確認,,
2319,What do people in Japan actually do about bringing food home?,bringing food home,inbound,en,,,未確認,,
2320,What do people in Japan actually do about bringing medicine?,bringing medicine,inbound,en,必須,制度・安全,未確認,,
2321,What do people in Japan actually do about packing for summer?,packing for summer,inbound,en,,,未確認,,
2322,What do people in Japan actually do about packing for winter?,packing for winter,inbound,en,,,未確認,,
2323,What do people in Japan actually do about packing for the rainy season?,packing for the rainy season,inbound,en,,,未確認,,
2324,What do people in Japan actually do about humidity?,humidity,inbound,en,,,未確認,,
2325,What do people in Japan actually do about the heat in August?,the heat in August,inbound,en,,,未確認,,
2326,What do people in Japan actually do about pollen season?,pollen season,inbound,en,,,未確認,,
2327,What do people in Japan actually do about UV levels?,UV levels,inbound,en,,,未確認,,
2328,What do people in Japan actually do about sunscreen labels?,sunscreen labels,inbound,en,必須,,未確認,,
2329,What do people in Japan actually do about SPF and PA?,SPF and PA,inbound,en,必須,,未確認,,
2330,What do people in Japan actually do about cosmetics labels?,cosmetics labels,inbound,en,必須,,未確認,,
2331,What do people in Japan actually do about ingredient lists?,ingredient lists,inbound,en,必須,,未確認,,
2332,What do people in Japan actually do about expiry dates on cosmetics?,expiry dates on cosmetics,inbound,en,必須,,未確認,,
2333,What do people in Japan actually do about skincare product names?,skincare product names,inbound,en,必須,,未確認,,
2334,What do people in Japan actually do about face masks?,face masks,inbound,en,,,未確認,,
2335,What do people in Japan actually do about hand soap?,hand soap,inbound,en,,,未確認,,
2336,What do people in Japan actually do about toiletries you can buy locally?,toiletries you can buy locally,inbound,en,,,未確認,,
2337,What do people in Japan actually do about laundry while travelling?,laundry while travelling,inbound,en,,,未確認,,
2338,What do people in Japan actually do about coin laundries?,coin laundries,inbound,en,,,未確認,,
2339,What do people in Japan actually do about hotel amenities?,hotel amenities,inbound,en,,,未確認,,
2340,What do people in Japan actually do about slippers and shoes indoors?,slippers and shoes indoors,inbound,en,,,未確認,,
2341,What do people in Japan actually do about public baths?,public baths,inbound,en,,,未確認,,
2342,What do people in Japan actually do about onsen etiquette?,onsen etiquette,inbound,en,,,未確認,,
2343,What do people in Japan actually do about tattoos and bathing?,tattoos and bathing,inbound,en,,,未確認,,
2344,What do people in Japan actually do about towels?,towels,inbound,en,,,未確認,,
2345,What do people in Japan actually do about tap water?,tap water,inbound,en,,,未確認,,
2346,What do people in Japan actually do about vending machines?,vending machines,inbound,en,,,未確認,,
2347,What do people in Japan actually do about bottle recycling?,bottle recycling,inbound,en,,,未確認,,
2348,What do people in Japan actually do about rubbish bins?,rubbish bins,inbound,en,,制度・安全,未確認,,
2349,What do people in Japan actually do about sorting rubbish?,sorting rubbish,inbound,en,,制度・安全,未確認,,
2350,What do people in Japan actually do about eating while walking?,eating while walking,inbound,en,,,未確認,,
2351,What do people in Japan actually do about convenience-store food?,convenience-store food,inbound,en,,,未確認,,
2352,What do people in Japan actually do about onigiri?,onigiri,inbound,en,,,未確認,,
2353,What do people in Japan actually do about bento?,bento,inbound,en,,,未確認,,
2354,What do people in Japan actually do about instant noodles?,instant noodles,inbound,en,,,未確認,,
2355,What do people in Japan actually do about matcha products?,matcha products,inbound,en,,,未確認,,
2356,What do people in Japan actually do about wagashi?,wagashi,inbound,en,,,未確認,,
2357,What do people in Japan actually do about seasonal sweets?,seasonal sweets,inbound,en,,,未確認,,
2358,What do people in Japan actually do about allergy labelling?,allergy labelling,inbound,en,必須,制度・安全,未確認,,
2359,What do people in Japan actually do about vegetarian options?,vegetarian options,inbound,en,必須,,未確認,,
2360,What do people in Japan actually do about halal options?,halal options,inbound,en,必須,,未確認,,
2361,What do people in Japan actually do about reading a menu?,reading a menu,inbound,en,,,未確認,,
2362,What do people in Japan actually do about restaurant etiquette?,restaurant etiquette,inbound,en,,,未確認,,
2363,What do people in Japan actually do about tipping?,tipping,inbound,en,,,未確認,,
2364,What do people in Japan actually do about queueing?,queueing,inbound,en,,,未確認,,
2365,What do people in Japan actually do about reservations?,reservations,inbound,en,,,未確認,,
2366,What do people in Japan actually do about English-speaking staff?,English-speaking staff,inbound,en,,,未確認,,
2367,What do people in Japan actually do about translation apps?,translation apps,inbound,en,,,未確認,,
2368,What do people in Japan actually do about pharmacy staff?,pharmacy staff,inbound,en,必須,,未確認,,
2369,What do people in Japan actually do about over-the-counter medicine?,over-the-counter medicine,inbound,en,必須,制度・安全,未確認,,
2370,What do people in Japan actually do about first aid supplies?,first aid supplies,inbound,en,必須,,未確認,,
2371,What do people in Japan actually do about power plugs?,power plugs,inbound,en,,,未確認,,
2372,What do people in Japan actually do about SIM and eSIM?,SIM and eSIM,inbound,en,,,未確認,,
2373,What do people in Japan actually do about pocket wifi?,pocket wifi,inbound,en,,,未確認,,
2374,What do people in Japan actually do about postal services?,postal services,inbound,en,,,未確認,,
2375,What do people in Japan actually do about souvenir choices?,souvenir choices,inbound,en,,,未確認,,
2376,What do people in Japan actually do about gift wrapping?,gift wrapping,inbound,en,,,未確認,,
2377,What do people in Japan actually do about seasonal shopping?,seasonal shopping,inbound,en,,,未確認,,
2378,What do people in Japan actually do about sales seasons?,sales seasons,inbound,en,,,未確認,,
2379,What do people in Japan actually do about sizing differences?,sizing differences,inbound,en,,,未確認,,
2380,What do people in Japan actually do about shoe sizes?,shoe sizes,inbound,en,,,未確認,,
2381,What is the etiquette around drugstores in Japan?,drugstores,inbound,en,,,未確認,,
2382,What is the etiquette around convenience stores in Japan?,convenience stores,inbound,en,,,未確認,,
2383,What is the etiquette around supermarkets in Japan?,supermarkets,inbound,en,,,未確認,,
2384,What is the etiquette around department stores in Japan?,department stores,inbound,en,,,未確認,,
2385,What is the etiquette around 100-yen shops in Japan?,100-yen shops,inbound,en,,,未確認,,
2386,What is the etiquette around home centres in Japan?,home centres,inbound,en,,,未確認,,
2387,What is the etiquette around tax-free shopping in Japan?,tax-free shopping,inbound,en,,制度・安全,未確認,,
2388,What is the etiquette around consumption tax in Japan?,consumption tax,inbound,en,,制度・安全,未確認,,
2389,What is the etiquette around cash and cards in Japan?,cash and cards,inbound,en,,,未確認,,
2390,What is the etiquette around IC cards in Japan?,IC cards,inbound,en,,,未確認,,
2391,What is the etiquette around coin lockers in Japan?,coin lockers,inbound,en,,,未確認,,
2392,What is the etiquette around luggage forwarding in Japan?,luggage forwarding,inbound,en,,,未確認,,
2393,What is the etiquette around carry-on rules in Japan?,carry-on rules,inbound,en,,,未確認,,
2394,What is the etiquette around customs on the way home in Japan?,customs on the way home,inbound,en,,制度・安全,未確認,,
2395,What is the etiquette around bringing food home in Japan?,bringing food home,inbound,en,,,未確認,,
2396,What is the etiquette around bringing medicine in Japan?,bringing medicine,inbound,en,必須,制度・安全,未確認,,
2397,What is the etiquette around packing for summer in Japan?,packing for summer,inbound,en,,,未確認,,
2398,What is the etiquette around packing for winter in Japan?,packing for winter,inbound,en,,,未確認,,
2399,What is the etiquette around packing for the rainy season in Japan?,packing for the rainy season,inbound,en,,,未確認,,
2400,What is the etiquette around humidity in Japan?,humidity,inbound,en,,,未確認,,
2401,What is the etiquette around the heat in August in Japan?,the heat in August,inbound,en,,,未確認,,
2402,What is the etiquette around pollen season in Japan?,pollen season,inbound,en,,,未確認,,
2403,What is the etiquette around UV levels in Japan?,UV levels,inbound,en,,,未確認,,
2404,What is the etiquette around sunscreen labels in Japan?,sunscreen labels,inbound,en,必須,,未確認,,
2405,What is the etiquette around SPF and PA in Japan?,SPF and PA,inbound,en,必須,,未確認,,
2406,What is the etiquette around cosmetics labels in Japan?,cosmetics labels,inbound,en,必須,,未確認,,
2407,What is the etiquette around ingredient lists in Japan?,ingredient lists,inbound,en,必須,,未確認,,
2408,What is the etiquette around expiry dates on cosmetics in Japan?,expiry dates on cosmetics,inbound,en,必須,,未確認,,
2409,What is the etiquette around skincare product names in Japan?,skincare product names,inbound,en,必須,,未確認,,
2410,What is the etiquette around face masks in Japan?,face masks,inbound,en,,,未確認,,
2411,What is the etiquette around hand soap in Japan?,hand soap,inbound,en,,,未確認,,
2412,What is the etiquette around toiletries you can buy locally in Japan?,toiletries you can buy locally,inbound,en,,,未確認,,
2413,What is the etiquette around laundry while travelling in Japan?,laundry while travelling,inbound,en,,,未確認,,
2414,What is the etiquette around coin laundries in Japan?,coin laundries,inbound,en,,,未確認,,
2415,What is the etiquette around hotel amenities in Japan?,hotel amenities,inbound,en,,,未確認,,
2416,What is the etiquette around slippers and shoes indoors in Japan?,slippers and shoes indoors,inbound,en,,,未確認,,
2417,What is the etiquette around public baths in Japan?,public baths,inbound,en,,,未確認,,
2418,What is the etiquette around onsen etiquette in Japan?,onsen etiquette,inbound,en,,,未確認,,
2419,What is the etiquette around tattoos and bathing in Japan?,tattoos and bathing,inbound,en,,,未確認,,
2420,What is the etiquette around towels in Japan?,towels,inbound,en,,,未確認,,
2421,What is the etiquette around tap water in Japan?,tap water,inbound,en,,,未確認,,
2422,What is the etiquette around vending machines in Japan?,vending machines,inbound,en,,,未確認,,
2423,What is the etiquette around bottle recycling in Japan?,bottle recycling,inbound,en,,,未確認,,
2424,What is the etiquette around rubbish bins in Japan?,rubbish bins,inbound,en,,制度・安全,未確認,,
2425,What is the etiquette around sorting rubbish in Japan?,sorting rubbish,inbound,en,,制度・安全,未確認,,
2426,What is the etiquette around eating while walking in Japan?,eating while walking,inbound,en,,,未確認,,
2427,What is the etiquette around convenience-store food in Japan?,convenience-store food,inbound,en,,,未確認,,
2428,What is the etiquette around onigiri in Japan?,onigiri,inbound,en,,,未確認,,
2429,What is the etiquette around bento in Japan?,bento,inbound,en,,,未確認,,
2430,What is the etiquette around instant noodles in Japan?,instant noodles,inbound,en,,,未確認,,
2431,What is the etiquette around matcha products in Japan?,matcha products,inbound,en,,,未確認,,
2432,What is the etiquette around wagashi in Japan?,wagashi,inbound,en,,,未確認,,
2433,What is the etiquette around seasonal sweets in Japan?,seasonal sweets,inbound,en,,,未確認,,
2434,What is the etiquette around allergy labelling in Japan?,allergy labelling,inbound,en,必須,制度・安全,未確認,,
2435,What is the etiquette around vegetarian options in Japan?,vegetarian options,inbound,en,必須,,未確認,,
2436,What is the etiquette around halal options in Japan?,halal options,inbound,en,必須,,未確認,,
2437,What is the etiquette around reading a menu in Japan?,reading a menu,inbound,en,,,未確認,,
2438,What is the etiquette around restaurant etiquette in Japan?,restaurant etiquette,inbound,en,,,未確認,,
2439,What is the etiquette around tipping in Japan?,tipping,inbound,en,,,未確認,,
2440,What is the etiquette around queueing in Japan?,queueing,inbound,en,,,未確認,,
2441,What is the etiquette around reservations in Japan?,reservations,inbound,en,,,未確認,,
2442,What is the etiquette around English-speaking staff in Japan?,English-speaking staff,inbound,en,,,未確認,,
2443,What is the etiquette around translation apps in Japan?,translation apps,inbound,en,,,未確認,,
2444,What is the etiquette around pharmacy staff in Japan?,pharmacy staff,inbound,en,必須,,未確認,,
2445,What is the etiquette around over-the-counter medicine in Japan?,over-the-counter medicine,inbound,en,必須,制度・安全,未確認,,
2446,What is the etiquette around first aid supplies in Japan?,first aid supplies,inbound,en,必須,,未確認,,
2447,What is the etiquette around power plugs in Japan?,power plugs,inbound,en,,,未確認,,
2448,What is the etiquette around SIM and eSIM in Japan?,SIM and eSIM,inbound,en,,,未確認,,
2449,What is the etiquette around pocket wifi in Japan?,pocket wifi,inbound,en,,,未確認,,
2450,What is the etiquette around postal services in Japan?,postal services,inbound,en,,,未確認,,
2451,What is the etiquette around souvenir choices in Japan?,souvenir choices,inbound,en,,,未確認,,
2452,What is the etiquette around gift wrapping in Japan?,gift wrapping,inbound,en,,,未確認,,
2453,What is the etiquette around seasonal shopping in Japan?,seasonal shopping,inbound,en,,,未確認,,
2454,What is the etiquette around sales seasons in Japan?,sales seasons,inbound,en,,,未確認,,
2455,What is the etiquette around sizing differences in Japan?,sizing differences,inbound,en,,,未確認,,
2456,What is the etiquette around shoe sizes in Japan?,shoe sizes,inbound,en,,,未確認,,
2457,How do I deal with drugstores in Japan?,drugstores,inbound,en,,,未確認,,
2458,How do I deal with convenience stores in Japan?,convenience stores,inbound,en,,,未確認,,
2459,How do I deal with supermarkets in Japan?,supermarkets,inbound,en,,,未確認,,
2460,How do I deal with department stores in Japan?,department stores,inbound,en,,,未確認,,
2461,How do I deal with 100-yen shops in Japan?,100-yen shops,inbound,en,,,未確認,,
2462,How do I deal with home centres in Japan?,home centres,inbound,en,,,未確認,,
2463,How do I deal with tax-free shopping in Japan?,tax-free shopping,inbound,en,,制度・安全,未確認,,
2464,How do I deal with consumption tax in Japan?,consumption tax,inbound,en,,制度・安全,未確認,,
2465,How do I deal with cash and cards in Japan?,cash and cards,inbound,en,,,未確認,,
2466,How do I deal with IC cards in Japan?,IC cards,inbound,en,,,未確認,,
2467,How do I deal with coin lockers in Japan?,coin lockers,inbound,en,,,未確認,,
2468,How do I deal with luggage forwarding in Japan?,luggage forwarding,inbound,en,,,未確認,,
2469,How do I deal with carry-on rules in Japan?,carry-on rules,inbound,en,,,未確認,,
2470,How do I deal with customs on the way home in Japan?,customs on the way home,inbound,en,,制度・安全,未確認,,
2471,How do I deal with bringing food home in Japan?,bringing food home,inbound,en,,,未確認,,
2472,How do I deal with bringing medicine in Japan?,bringing medicine,inbound,en,必須,制度・安全,未確認,,
2473,How do I deal with packing for summer in Japan?,packing for summer,inbound,en,,,未確認,,
2474,How do I deal with packing for winter in Japan?,packing for winter,inbound,en,,,未確認,,
2475,How do I deal with packing for the rainy season in Japan?,packing for the rainy season,inbound,en,,,未確認,,
2476,How do I deal with humidity in Japan?,humidity,inbound,en,,,未確認,,
2477,How do I deal with the heat in August in Japan?,the heat in August,inbound,en,,,未確認,,
2478,How do I deal with pollen season in Japan?,pollen season,inbound,en,,,未確認,,
2479,How do I deal with UV levels in Japan?,UV levels,inbound,en,,,未確認,,
2480,How do I deal with sunscreen labels in Japan?,sunscreen labels,inbound,en,必須,,未確認,,
2481,How do I deal with SPF and PA in Japan?,SPF and PA,inbound,en,必須,,未確認,,
2482,How do I deal with cosmetics labels in Japan?,cosmetics labels,inbound,en,必須,,未確認,,
2483,How do I deal with ingredient lists in Japan?,ingredient lists,inbound,en,必須,,未確認,,
2484,How do I deal with expiry dates on cosmetics in Japan?,expiry dates on cosmetics,inbound,en,必須,,未確認,,
2485,How do I deal with skincare product names in Japan?,skincare product names,inbound,en,必須,,未確認,,
2486,How do I deal with face masks in Japan?,face masks,inbound,en,,,未確認,,
2487,How do I deal with hand soap in Japan?,hand soap,inbound,en,,,未確認,,
2488,How do I deal with toiletries you can buy locally in Japan?,toiletries you can buy locally,inbound,en,,,未確認,,
2489,How do I deal with laundry while travelling in Japan?,laundry while travelling,inbound,en,,,未確認,,
2490,How do I deal with coin laundries in Japan?,coin laundries,inbound,en,,,未確認,,
2491,How do I deal with hotel amenities in Japan?,hotel amenities,inbound,en,,,未確認,,
2492,How do I deal with slippers and shoes indoors in Japan?,slippers and shoes indoors,inbound,en,,,未確認,,
2493,How do I deal with public baths in Japan?,public baths,inbound,en,,,未確認,,
2494,How do I deal with onsen etiquette in Japan?,onsen etiquette,inbound,en,,,未確認,,
2495,How do I deal with tattoos and bathing in Japan?,tattoos and bathing,inbound,en,,,未確認,,
2496,How do I deal with towels in Japan?,towels,inbound,en,,,未確認,,
2497,How do I deal with tap water in Japan?,tap water,inbound,en,,,未確認,,
2498,How do I deal with vending machines in Japan?,vending machines,inbound,en,,,未確認,,
2499,How do I deal with bottle recycling in Japan?,bottle recycling,inbound,en,,,未確認,,
2500,How do I deal with rubbish bins in Japan?,rubbish bins,inbound,en,,制度・安全,未確認,,
2501,What should I know about taking shoes off indoors in Japan?,taking shoes off indoors,wisdom,en,,,未確認,,
2502,What should I know about the genkan in Japan?,the genkan,wisdom,en,,,未確認,,
2503,What should I know about tatami in Japan?,tatami,wisdom,en,,,未確認,,
2504,What should I know about futon airing in Japan?,futon airing,wisdom,en,,,未確認,,
2505,What should I know about seasonal bedding in Japan?,seasonal bedding,wisdom,en,,,未確認,,
2506,What should I know about sliding doors in Japan?,sliding doors,wisdom,en,,,未確認,,
2507,What should I know about small apartments in Japan?,small apartments,wisdom,en,,,未確認,,
2508,What should I know about storage in narrow spaces in Japan?,storage in narrow spaces,wisdom,en,,,未確認,,
2509,What should I know about under-bed storage in Japan?,under-bed storage,wisdom,en,,,未確認,,
2510,What should I know about the gap beside the fridge in Japan?,the gap beside the fridge,wisdom,en,,,未確認,,
2511,What should I know about vertical storage in Japan?,vertical storage,wisdom,en,,,未確認,,
2512,What should I know about seasonal clothing rotation in Japan?,seasonal clothing rotation,wisdom,en,,,未確認,,
2513,What should I know about refill packs in Japan?,refill packs,wisdom,en,,,未確認,,
2514,What should I know about reusable cloth in Japan?,reusable cloth,wisdom,en,,,未確認,,
2515,What should I know about furoshiki in Japan?,furoshiki,wisdom,en,,,未確認,,
2516,What should I know about tenugui in Japan?,tenugui,wisdom,en,,,未確認,,
2517,What should I know about bento boxes in Japan?,bento boxes,wisdom,en,,,未確認,,
2518,What should I know about chopstick rests in Japan?,chopstick rests,wisdom,en,,,未確認,,
2519,What should I know about single-purpose kitchen tools in Japan?,single-purpose kitchen tools,wisdom,en,,,未確認,,
2520,What should I know about drying racks in Japan?,drying racks,wisdom,en,,,未確認,,
2521,What should I know about laundry poles in Japan?,laundry poles,wisdom,en,,,未確認,,
2522,What should I know about indoor drying in Japan?,indoor drying,wisdom,en,,,未確認,,
2523,What should I know about dehumidifiers in Japan?,dehumidifiers,wisdom,en,,,未確認,,
2524,What should I know about the rainy season in Japan?,the rainy season,wisdom,en,,,未確認,,
2525,What should I know about mould prevention in Japan?,mould prevention,wisdom,en,,制度・安全,未確認,,
2526,What should I know about ventilation habits in Japan?,ventilation habits,wisdom,en,,,未確認,,
2527,What should I know about cleaning order in Japan?,cleaning order,wisdom,en,,制度・安全,未確認,,
2528,What should I know about cleaning cloths in Japan?,cleaning cloths,wisdom,en,,制度・安全,未確認,,
2529,What should I know about newspaper for windows in Japan?,newspaper for windows,wisdom,en,,,未確認,,
2530,What should I know about baking soda in Japan?,baking soda,wisdom,en,,,未確認,,
2531,What should I know about citric acid in Japan?,citric acid,wisdom,en,,,未確認,,
2532,What should I know about the year-end clean in Japan?,the year-end clean,wisdom,en,,,未確認,,
2533,What should I know about daily tidying in Japan?,daily tidying,wisdom,en,,,未確認,,
2534,What should I know about the entrance mat in Japan?,the entrance mat,wisdom,en,,,未確認,,
2535,What should I know about shoe cabinets in Japan?,shoe cabinets,wisdom,en,,,未確認,,
2536,What should I know about umbrella care in Japan?,umbrella care,wisdom,en,,,未確認,,
2537,What should I know about seasonal food in Japan?,seasonal food,wisdom,en,,,未確認,,
2538,What should I know about the concept of shun in Japan?,the concept of shun,wisdom,en,,,未確認,,
2539,What should I know about dashi in Japan?,dashi,wisdom,en,,,未確認,,
2540,What should I know about fermentation in Japan?,fermentation,wisdom,en,,,未確認,,
2541,What should I know about pickling in Japan?,pickling,wisdom,en,,,未確認,,
2542,What should I know about rice storage in Japan?,rice storage,wisdom,en,,,未確認,,
2543,What should I know about tea culture in Japan?,tea culture,wisdom,en,,,未確認,,
2544,What should I know about hot and cold drinks by season in Japan?,hot and cold drinks by season,wisdom,en,,,未確認,,
2545,What should I know about hand towels in Japan?,hand towels,wisdom,en,,,未確認,,
2546,What should I know about wet towels at restaurants in Japan?,wet towels at restaurants,wisdom,en,,,未確認,,
2547,What should I know about gift-giving customs in Japan?,gift-giving customs,wisdom,en,,制度・安全,未確認,,
2548,What should I know about packaging in Japan?,packaging,wisdom,en,,,未確認,,
2549,What should I know about seasonal greetings in Japan?,seasonal greetings,wisdom,en,,,未確認,,
2550,What should I know about the new year in Japan?,the new year,wisdom,en,,,未確認,,
2551,What should I know about festivals in Japan?,festivals,wisdom,en,,,未確認,,
2552,What should I know about kotatsu in Japan?,kotatsu,wisdom,en,,,未確認,,
2553,What should I know about heated carpets in Japan?,heated carpets,wisdom,en,,,未確認,,
2554,What should I know about hot water bottles in Japan?,hot water bottles,wisdom,en,,,未確認,,
2555,What should I know about layering clothes in Japan?,layering clothes,wisdom,en,,,未確認,,
2556,What should I know about cooling towels in Japan?,cooling towels,wisdom,en,,,未確認,,
2557,What should I know about summer heat habits in Japan?,summer heat habits,wisdom,en,,,未確認,,
2558,What should I know about insect prevention in Japan?,insect prevention,wisdom,en,,制度・安全,未確認,,
2559,What should I know about plants indoors in Japan?,plants indoors,wisdom,en,,,未確認,,
2560,What should I know about balcony gardening in Japan?,balcony gardening,wisdom,en,,,未確認,,
2561,What should I know about waste separation in Japan?,waste separation,wisdom,en,,制度・安全,未確認,,
2562,What should I know about local rules in Japan?,local rules,wisdom,en,,,未確認,,
2563,What should I know about community boards in Japan?,community boards,wisdom,en,,,未確認,,
2564,What should I know about neighbourhood etiquette in Japan?,neighbourhood etiquette,wisdom,en,,,未確認,,
2565,What should I know about noise consideration in Japan?,noise consideration,wisdom,en,,,未確認,,
2566,What should I know about earthquake preparation in Japan?,earthquake preparation,wisdom,en,,制度・安全,未確認,,
2567,What should I know about emergency bags in Japan?,emergency bags,wisdom,en,,制度・安全,未確認,,
2568,What should I know about water storage in Japan?,water storage,wisdom,en,,,未確認,,
2569,What should I know about torches and radios in Japan?,torches and radios,wisdom,en,,,未確認,,
2570,What should I know about first aid at home in Japan?,first aid at home,wisdom,en,必須,,未確認,,
2571,What should I know about stockpiling food in Japan?,stockpiling food,wisdom,en,,,未確認,,
2572,What should I know about rotating supplies in Japan?,rotating supplies,wisdom,en,,,未確認,,
2573,What should I know about reading a Japanese label in Japan?,reading a Japanese label,wisdom,en,,,未確認,,
2574,What should I know about product lot numbers in Japan?,product lot numbers,wisdom,en,,,未確認,,
2575,What should I know about warranty culture in Japan?,warranty culture,wisdom,en,,,未確認,,
2576,What should I know about repair over replace in Japan?,repair over replace,wisdom,en,,,未確認,,
2577,What do people get wrong about taking shoes off indoors in Japan?,taking shoes off indoors,wisdom,en,,,未確認,,
2578,What do people get wrong about the genkan in Japan?,the genkan,wisdom,en,,,未確認,,
2579,What do people get wrong about tatami in Japan?,tatami,wisdom,en,,,未確認,,
2580,What do people get wrong about futon airing in Japan?,futon airing,wisdom,en,,,未確認,,
2581,What do people get wrong about seasonal bedding in Japan?,seasonal bedding,wisdom,en,,,未確認,,
2582,What do people get wrong about sliding doors in Japan?,sliding doors,wisdom,en,,,未確認,,
2583,What do people get wrong about small apartments in Japan?,small apartments,wisdom,en,,,未確認,,
2584,What do people get wrong about storage in narrow spaces in Japan?,storage in narrow spaces,wisdom,en,,,未確認,,
2585,What do people get wrong about under-bed storage in Japan?,under-bed storage,wisdom,en,,,未確認,,
2586,What do people get wrong about the gap beside the fridge in Japan?,the gap beside the fridge,wisdom,en,,,未確認,,
2587,What do people get wrong about vertical storage in Japan?,vertical storage,wisdom,en,,,未確認,,
2588,What do people get wrong about seasonal clothing rotation in Japan?,seasonal clothing rotation,wisdom,en,,,未確認,,
2589,What do people get wrong about refill packs in Japan?,refill packs,wisdom,en,,,未確認,,
2590,What do people get wrong about reusable cloth in Japan?,reusable cloth,wisdom,en,,,未確認,,
2591,What do people get wrong about furoshiki in Japan?,furoshiki,wisdom,en,,,未確認,,
2592,What do people get wrong about tenugui in Japan?,tenugui,wisdom,en,,,未確認,,
2593,What do people get wrong about bento boxes in Japan?,bento boxes,wisdom,en,,,未確認,,
2594,What do people get wrong about chopstick rests in Japan?,chopstick rests,wisdom,en,,,未確認,,
2595,What do people get wrong about single-purpose kitchen tools in Japan?,single-purpose kitchen tools,wisdom,en,,,未確認,,
2596,What do people get wrong about drying racks in Japan?,drying racks,wisdom,en,,,未確認,,
2597,What do people get wrong about laundry poles in Japan?,laundry poles,wisdom,en,,,未確認,,
2598,What do people get wrong about indoor drying in Japan?,indoor drying,wisdom,en,,,未確認,,
2599,What do people get wrong about dehumidifiers in Japan?,dehumidifiers,wisdom,en,,,未確認,,
2600,What do people get wrong about the rainy season in Japan?,the rainy season,wisdom,en,,,未確認,,
2601,What do people get wrong about mould prevention in Japan?,mould prevention,wisdom,en,,制度・安全,未確認,,
2602,What do people get wrong about ventilation habits in Japan?,ventilation habits,wisdom,en,,,未確認,,
2603,What do people get wrong about cleaning order in Japan?,cleaning order,wisdom,en,,制度・安全,未確認,,
2604,What do people get wrong about cleaning cloths in Japan?,cleaning cloths,wisdom,en,,制度・安全,未確認,,
2605,What do people get wrong about newspaper for windows in Japan?,newspaper for windows,wisdom,en,,,未確認,,
2606,What do people get wrong about baking soda in Japan?,baking soda,wisdom,en,,,未確認,,
2607,What do people get wrong about citric acid in Japan?,citric acid,wisdom,en,,,未確認,,
2608,What do people get wrong about the year-end clean in Japan?,the year-end clean,wisdom,en,,,未確認,,
2609,What do people get wrong about daily tidying in Japan?,daily tidying,wisdom,en,,,未確認,,
2610,What do people get wrong about the entrance mat in Japan?,the entrance mat,wisdom,en,,,未確認,,
2611,What do people get wrong about shoe cabinets in Japan?,shoe cabinets,wisdom,en,,,未確認,,
2612,What do people get wrong about umbrella care in Japan?,umbrella care,wisdom,en,,,未確認,,
2613,What do people get wrong about seasonal food in Japan?,seasonal food,wisdom,en,,,未確認,,
2614,What do people get wrong about the concept of shun in Japan?,the concept of shun,wisdom,en,,,未確認,,
2615,What do people get wrong about dashi in Japan?,dashi,wisdom,en,,,未確認,,
2616,What do people get wrong about fermentation in Japan?,fermentation,wisdom,en,,,未確認,,
2617,What do people get wrong about pickling in Japan?,pickling,wisdom,en,,,未確認,,
2618,What do people get wrong about rice storage in Japan?,rice storage,wisdom,en,,,未確認,,
2619,What do people get wrong about tea culture in Japan?,tea culture,wisdom,en,,,未確認,,
2620,What do people get wrong about hot and cold drinks by season in Japan?,hot and cold drinks by season,wisdom,en,,,未確認,,
2621,What do people get wrong about hand towels in Japan?,hand towels,wisdom,en,,,未確認,,
2622,What do people get wrong about wet towels at restaurants in Japan?,wet towels at restaurants,wisdom,en,,,未確認,,
2623,What do people get wrong about gift-giving customs in Japan?,gift-giving customs,wisdom,en,,制度・安全,未確認,,
2624,What do people get wrong about packaging in Japan?,packaging,wisdom,en,,,未確認,,
2625,What do people get wrong about seasonal greetings in Japan?,seasonal greetings,wisdom,en,,,未確認,,
2626,What do people get wrong about the new year in Japan?,the new year,wisdom,en,,,未確認,,
2627,What do people get wrong about festivals in Japan?,festivals,wisdom,en,,,未確認,,
2628,What do people get wrong about kotatsu in Japan?,kotatsu,wisdom,en,,,未確認,,
2629,What do people get wrong about heated carpets in Japan?,heated carpets,wisdom,en,,,未確認,,
2630,What do people get wrong about hot water bottles in Japan?,hot water bottles,wisdom,en,,,未確認,,
2631,What do people get wrong about layering clothes in Japan?,layering clothes,wisdom,en,,,未確認,,
2632,What do people get wrong about cooling towels in Japan?,cooling towels,wisdom,en,,,未確認,,
2633,What do people get wrong about summer heat habits in Japan?,summer heat habits,wisdom,en,,,未確認,,
2634,What do people get wrong about insect prevention in Japan?,insect prevention,wisdom,en,,制度・安全,未確認,,
2635,What do people get wrong about plants indoors in Japan?,plants indoors,wisdom,en,,,未確認,,
2636,What do people get wrong about balcony gardening in Japan?,balcony gardening,wisdom,en,,,未確認,,
2637,What do people get wrong about waste separation in Japan?,waste separation,wisdom,en,,制度・安全,未確認,,
2638,What do people get wrong about local rules in Japan?,local rules,wisdom,en,,,未確認,,
2639,What do people get wrong about community boards in Japan?,community boards,wisdom,en,,,未確認,,
2640,What do people get wrong about neighbourhood etiquette in Japan?,neighbourhood etiquette,wisdom,en,,,未確認,,
2641,What do people get wrong about noise consideration in Japan?,noise consideration,wisdom,en,,,未確認,,
2642,What do people get wrong about earthquake preparation in Japan?,earthquake preparation,wisdom,en,,制度・安全,未確認,,
2643,What do people get wrong about emergency bags in Japan?,emergency bags,wisdom,en,,制度・安全,未確認,,
2644,What do people get wrong about water storage in Japan?,water storage,wisdom,en,,,未確認,,
2645,What do people get wrong about torches and radios in Japan?,torches and radios,wisdom,en,,,未確認,,
2646,What do people get wrong about first aid at home in Japan?,first aid at home,wisdom,en,必須,,未確認,,
2647,What do people get wrong about stockpiling food in Japan?,stockpiling food,wisdom,en,,,未確認,,
2648,What do people get wrong about rotating supplies in Japan?,rotating supplies,wisdom,en,,,未確認,,
2649,What do people get wrong about reading a Japanese label in Japan?,reading a Japanese label,wisdom,en,,,未確認,,
2650,What do people get wrong about product lot numbers in Japan?,product lot numbers,wisdom,en,,,未確認,,
2651,What do people get wrong about warranty culture in Japan?,warranty culture,wisdom,en,,,未確認,,
2652,What do people get wrong about repair over replace in Japan?,repair over replace,wisdom,en,,,未確認,,
2653,What surprises visitors about taking shoes off indoors in Japan?,taking shoes off indoors,wisdom,en,,,未確認,,
2654,What surprises visitors about the genkan in Japan?,the genkan,wisdom,en,,,未確認,,
2655,What surprises visitors about tatami in Japan?,tatami,wisdom,en,,,未確認,,
2656,What surprises visitors about futon airing in Japan?,futon airing,wisdom,en,,,未確認,,
2657,What surprises visitors about seasonal bedding in Japan?,seasonal bedding,wisdom,en,,,未確認,,
2658,What surprises visitors about sliding doors in Japan?,sliding doors,wisdom,en,,,未確認,,
2659,What surprises visitors about small apartments in Japan?,small apartments,wisdom,en,,,未確認,,
2660,What surprises visitors about storage in narrow spaces in Japan?,storage in narrow spaces,wisdom,en,,,未確認,,
2661,What surprises visitors about under-bed storage in Japan?,under-bed storage,wisdom,en,,,未確認,,
2662,What surprises visitors about the gap beside the fridge in Japan?,the gap beside the fridge,wisdom,en,,,未確認,,
2663,What surprises visitors about vertical storage in Japan?,vertical storage,wisdom,en,,,未確認,,
2664,What surprises visitors about seasonal clothing rotation in Japan?,seasonal clothing rotation,wisdom,en,,,未確認,,
2665,What surprises visitors about refill packs in Japan?,refill packs,wisdom,en,,,未確認,,
2666,What surprises visitors about reusable cloth in Japan?,reusable cloth,wisdom,en,,,未確認,,
2667,What surprises visitors about furoshiki in Japan?,furoshiki,wisdom,en,,,未確認,,
2668,What surprises visitors about tenugui in Japan?,tenugui,wisdom,en,,,未確認,,
2669,What surprises visitors about bento boxes in Japan?,bento boxes,wisdom,en,,,未確認,,
2670,What surprises visitors about chopstick rests in Japan?,chopstick rests,wisdom,en,,,未確認,,
2671,What surprises visitors about single-purpose kitchen tools in Japan?,single-purpose kitchen tools,wisdom,en,,,未確認,,
2672,What surprises visitors about drying racks in Japan?,drying racks,wisdom,en,,,未確認,,
2673,What surprises visitors about laundry poles in Japan?,laundry poles,wisdom,en,,,未確認,,
2674,What surprises visitors about indoor drying in Japan?,indoor drying,wisdom,en,,,未確認,,
2675,What surprises visitors about dehumidifiers in Japan?,dehumidifiers,wisdom,en,,,未確認,,
2676,What surprises visitors about the rainy season in Japan?,the rainy season,wisdom,en,,,未確認,,
2677,What surprises visitors about mould prevention in Japan?,mould prevention,wisdom,en,,制度・安全,未確認,,
2678,What surprises visitors about ventilation habits in Japan?,ventilation habits,wisdom,en,,,未確認,,
2679,What surprises visitors about cleaning order in Japan?,cleaning order,wisdom,en,,制度・安全,未確認,,
2680,What surprises visitors about cleaning cloths in Japan?,cleaning cloths,wisdom,en,,制度・安全,未確認,,
2681,What surprises visitors about newspaper for windows in Japan?,newspaper for windows,wisdom,en,,,未確認,,
2682,What surprises visitors about baking soda in Japan?,baking soda,wisdom,en,,,未確認,,
2683,What surprises visitors about citric acid in Japan?,citric acid,wisdom,en,,,未確認,,
2684,What surprises visitors about the year-end clean in Japan?,the year-end clean,wisdom,en,,,未確認,,
2685,What surprises visitors about daily tidying in Japan?,daily tidying,wisdom,en,,,未確認,,
2686,What surprises visitors about the entrance mat in Japan?,the entrance mat,wisdom,en,,,未確認,,
2687,What surprises visitors about shoe cabinets in Japan?,shoe cabinets,wisdom,en,,,未確認,,
2688,What surprises visitors about umbrella care in Japan?,umbrella care,wisdom,en,,,未確認,,
2689,What surprises visitors about seasonal food in Japan?,seasonal food,wisdom,en,,,未確認,,
2690,What surprises visitors about the concept of shun in Japan?,the concept of shun,wisdom,en,,,未確認,,
2691,What surprises visitors about dashi in Japan?,dashi,wisdom,en,,,未確認,,
2692,What surprises visitors about fermentation in Japan?,fermentation,wisdom,en,,,未確認,,
2693,What surprises visitors about pickling in Japan?,pickling,wisdom,en,,,未確認,,
2694,What surprises visitors about rice storage in Japan?,rice storage,wisdom,en,,,未確認,,
2695,What surprises visitors about tea culture in Japan?,tea culture,wisdom,en,,,未確認,,
2696,What surprises visitors about hot and cold drinks by season in Japan?,hot and cold drinks by season,wisdom,en,,,未確認,,
2697,What surprises visitors about hand towels in Japan?,hand towels,wisdom,en,,,未確認,,
2698,What surprises visitors about wet towels at restaurants in Japan?,wet towels at restaurants,wisdom,en,,,未確認,,
2699,What surprises visitors about gift-giving customs in Japan?,gift-giving customs,wisdom,en,,制度・安全,未確認,,
2700,What surprises visitors about packaging in Japan?,packaging,wisdom,en,,,未確認,,
2701,What surprises visitors about seasonal greetings in Japan?,seasonal greetings,wisdom,en,,,未確認,,
2702,What surprises visitors about the new year in Japan?,the new year,wisdom,en,,,未確認,,
2703,What surprises visitors about festivals in Japan?,festivals,wisdom,en,,,未確認,,
2704,What surprises visitors about kotatsu in Japan?,kotatsu,wisdom,en,,,未確認,,
2705,What surprises visitors about heated carpets in Japan?,heated carpets,wisdom,en,,,未確認,,
2706,What surprises visitors about hot water bottles in Japan?,hot water bottles,wisdom,en,,,未確認,,
2707,What surprises visitors about layering clothes in Japan?,layering clothes,wisdom,en,,,未確認,,
2708,What surprises visitors about cooling towels in Japan?,cooling towels,wisdom,en,,,未確認,,
2709,What surprises visitors about summer heat habits in Japan?,summer heat habits,wisdom,en,,,未確認,,
2710,What surprises visitors about insect prevention in Japan?,insect prevention,wisdom,en,,制度・安全,未確認,,
2711,What surprises visitors about plants indoors in Japan?,plants indoors,wisdom,en,,,未確認,,
2712,What surprises visitors about balcony gardening in Japan?,balcony gardening,wisdom,en,,,未確認,,
2713,What surprises visitors about waste separation in Japan?,waste separation,wisdom,en,,制度・安全,未確認,,
2714,What surprises visitors about local rules in Japan?,local rules,wisdom,en,,,未確認,,
2715,What surprises visitors about community boards in Japan?,community boards,wisdom,en,,,未確認,,
2716,What surprises visitors about neighbourhood etiquette in Japan?,neighbourhood etiquette,wisdom,en,,,未確認,,
2717,What surprises visitors about noise consideration in Japan?,noise consideration,wisdom,en,,,未確認,,
2718,What surprises visitors about earthquake preparation in Japan?,earthquake preparation,wisdom,en,,制度・安全,未確認,,
2719,What surprises visitors about emergency bags in Japan?,emergency bags,wisdom,en,,制度・安全,未確認,,
2720,What surprises visitors about water storage in Japan?,water storage,wisdom,en,,,未確認,,
2721,What surprises visitors about torches and radios in Japan?,torches and radios,wisdom,en,,,未確認,,
2722,What surprises visitors about first aid at home in Japan?,first aid at home,wisdom,en,必須,,未確認,,
2723,What surprises visitors about stockpiling food in Japan?,stockpiling food,wisdom,en,,,未確認,,
2724,What surprises visitors about rotating supplies in Japan?,rotating supplies,wisdom,en,,,未確認,,
2725,What surprises visitors about reading a Japanese label in Japan?,reading a Japanese label,wisdom,en,,,未確認,,
2726,What surprises visitors about product lot numbers in Japan?,product lot numbers,wisdom,en,,,未確認,,
2727,What surprises visitors about warranty culture in Japan?,warranty culture,wisdom,en,,,未確認,,
2728,What surprises visitors about repair over replace in Japan?,repair over replace,wisdom,en,,,未確認,,
2729,Why are things different in Japan when it comes to taking shoes off indoors?,taking shoes off indoors,wisdom,en,,,未確認,,
2730,Why are things different in Japan when it comes to the genkan?,the genkan,wisdom,en,,,未確認,,
2731,Why are things different in Japan when it comes to tatami?,tatami,wisdom,en,,,未確認,,
2732,Why are things different in Japan when it comes to futon airing?,futon airing,wisdom,en,,,未確認,,
2733,Why are things different in Japan when it comes to seasonal bedding?,seasonal bedding,wisdom,en,,,未確認,,
2734,Why are things different in Japan when it comes to sliding doors?,sliding doors,wisdom,en,,,未確認,,
2735,Why are things different in Japan when it comes to small apartments?,small apartments,wisdom,en,,,未確認,,
2736,Why are things different in Japan when it comes to storage in narrow spaces?,storage in narrow spaces,wisdom,en,,,未確認,,
2737,Why are things different in Japan when it comes to under-bed storage?,under-bed storage,wisdom,en,,,未確認,,
2738,Why are things different in Japan when it comes to the gap beside the fridge?,the gap beside the fridge,wisdom,en,,,未確認,,
2739,Why are things different in Japan when it comes to vertical storage?,vertical storage,wisdom,en,,,未確認,,
2740,Why are things different in Japan when it comes to seasonal clothing rotation?,seasonal clothing rotation,wisdom,en,,,未確認,,
2741,Why are things different in Japan when it comes to refill packs?,refill packs,wisdom,en,,,未確認,,
2742,Why are things different in Japan when it comes to reusable cloth?,reusable cloth,wisdom,en,,,未確認,,
2743,Why are things different in Japan when it comes to furoshiki?,furoshiki,wisdom,en,,,未確認,,
2744,Why are things different in Japan when it comes to tenugui?,tenugui,wisdom,en,,,未確認,,
2745,Why are things different in Japan when it comes to bento boxes?,bento boxes,wisdom,en,,,未確認,,
2746,Why are things different in Japan when it comes to chopstick rests?,chopstick rests,wisdom,en,,,未確認,,
2747,Why are things different in Japan when it comes to single-purpose kitchen tools?,single-purpose kitchen tools,wisdom,en,,,未確認,,
2748,Why are things different in Japan when it comes to drying racks?,drying racks,wisdom,en,,,未確認,,
2749,Why are things different in Japan when it comes to laundry poles?,laundry poles,wisdom,en,,,未確認,,
2750,Why are things different in Japan when it comes to indoor drying?,indoor drying,wisdom,en,,,未確認,,
2751,Why are things different in Japan when it comes to dehumidifiers?,dehumidifiers,wisdom,en,,,未確認,,
2752,Why are things different in Japan when it comes to the rainy season?,the rainy season,wisdom,en,,,未確認,,
2753,Why are things different in Japan when it comes to mould prevention?,mould prevention,wisdom,en,,制度・安全,未確認,,
2754,Why are things different in Japan when it comes to ventilation habits?,ventilation habits,wisdom,en,,,未確認,,
2755,Why are things different in Japan when it comes to cleaning order?,cleaning order,wisdom,en,,制度・安全,未確認,,
2756,Why are things different in Japan when it comes to cleaning cloths?,cleaning cloths,wisdom,en,,制度・安全,未確認,,
2757,Why are things different in Japan when it comes to newspaper for windows?,newspaper for windows,wisdom,en,,,未確認,,
2758,Why are things different in Japan when it comes to baking soda?,baking soda,wisdom,en,,,未確認,,
2759,Why are things different in Japan when it comes to citric acid?,citric acid,wisdom,en,,,未確認,,
2760,Why are things different in Japan when it comes to the year-end clean?,the year-end clean,wisdom,en,,,未確認,,
2761,Why are things different in Japan when it comes to daily tidying?,daily tidying,wisdom,en,,,未確認,,
2762,Why are things different in Japan when it comes to the entrance mat?,the entrance mat,wisdom,en,,,未確認,,
2763,Why are things different in Japan when it comes to shoe cabinets?,shoe cabinets,wisdom,en,,,未確認,,
2764,Why are things different in Japan when it comes to umbrella care?,umbrella care,wisdom,en,,,未確認,,
2765,Why are things different in Japan when it comes to seasonal food?,seasonal food,wisdom,en,,,未確認,,
2766,Why are things different in Japan when it comes to the concept of shun?,the concept of shun,wisdom,en,,,未確認,,
2767,Why are things different in Japan when it comes to dashi?,dashi,wisdom,en,,,未確認,,
2768,Why are things different in Japan when it comes to fermentation?,fermentation,wisdom,en,,,未確認,,
2769,Why are things different in Japan when it comes to pickling?,pickling,wisdom,en,,,未確認,,
2770,Why are things different in Japan when it comes to rice storage?,rice storage,wisdom,en,,,未確認,,
2771,Why are things different in Japan when it comes to tea culture?,tea culture,wisdom,en,,,未確認,,
2772,Why are things different in Japan when it comes to hot and cold drinks by season?,hot and cold drinks by season,wisdom,en,,,未確認,,
2773,Why are things different in Japan when it comes to hand towels?,hand towels,wisdom,en,,,未確認,,
2774,Why are things different in Japan when it comes to wet towels at restaurants?,wet towels at restaurants,wisdom,en,,,未確認,,
2775,Why are things different in Japan when it comes to gift-giving customs?,gift-giving customs,wisdom,en,,制度・安全,未確認,,
2776,Why are things different in Japan when it comes to packaging?,packaging,wisdom,en,,,未確認,,
2777,Why are things different in Japan when it comes to seasonal greetings?,seasonal greetings,wisdom,en,,,未確認,,
2778,Why are things different in Japan when it comes to the new year?,the new year,wisdom,en,,,未確認,,
2779,Why are things different in Japan when it comes to festivals?,festivals,wisdom,en,,,未確認,,
2780,Why are things different in Japan when it comes to kotatsu?,kotatsu,wisdom,en,,,未確認,,
2781,Why are things different in Japan when it comes to heated carpets?,heated carpets,wisdom,en,,,未確認,,
2782,Why are things different in Japan when it comes to hot water bottles?,hot water bottles,wisdom,en,,,未確認,,
2783,Why are things different in Japan when it comes to layering clothes?,layering clothes,wisdom,en,,,未確認,,
2784,Why are things different in Japan when it comes to cooling towels?,cooling towels,wisdom,en,,,未確認,,
2785,Why are things different in Japan when it comes to summer heat habits?,summer heat habits,wisdom,en,,,未確認,,
2786,Why are things different in Japan when it comes to insect prevention?,insect prevention,wisdom,en,,制度・安全,未確認,,
2787,Why are things different in Japan when it comes to plants indoors?,plants indoors,wisdom,en,,,未確認,,
2788,Why are things different in Japan when it comes to balcony gardening?,balcony gardening,wisdom,en,,,未確認,,
2789,Why are things different in Japan when it comes to waste separation?,waste separation,wisdom,en,,制度・安全,未確認,,
2790,Why are things different in Japan when it comes to local rules?,local rules,wisdom,en,,,未確認,,
2791,Why are things different in Japan when it comes to community boards?,community boards,wisdom,en,,,未確認,,
2792,Why are things different in Japan when it comes to neighbourhood etiquette?,neighbourhood etiquette,wisdom,en,,,未確認,,
2793,Why are things different in Japan when it comes to noise consideration?,noise consideration,wisdom,en,,,未確認,,
2794,Why are things different in Japan when it comes to earthquake preparation?,earthquake preparation,wisdom,en,,制度・安全,未確認,,
2795,Why are things different in Japan when it comes to emergency bags?,emergency bags,wisdom,en,,制度・安全,未確認,,
2796,Why are things different in Japan when it comes to water storage?,water storage,wisdom,en,,,未確認,,
2797,Why are things different in Japan when it comes to torches and radios?,torches and radios,wisdom,en,,,未確認,,
2798,Why are things different in Japan when it comes to first aid at home?,first aid at home,wisdom,en,必須,,未確認,,
2799,Why are things different in Japan when it comes to stockpiling food?,stockpiling food,wisdom,en,,,未確認,,
2800,Why are things different in Japan when it comes to rotating supplies?,rotating supplies,wisdom,en,,,未確認,,
2801,Why are things different in Japan when it comes to reading a Japanese label?,reading a Japanese label,wisdom,en,,,未確認,,
2802,Why are things different in Japan when it comes to product lot numbers?,product lot numbers,wisdom,en,,,未確認,,
2803,Why are things different in Japan when it comes to warranty culture?,warranty culture,wisdom,en,,,未確認,,
2804,Why are things different in Japan when it comes to repair over replace?,repair over replace,wisdom,en,,,未確認,,
2805,What do people in Japan actually do about taking shoes off indoors?,taking shoes off indoors,wisdom,en,,,未確認,,
2806,What do people in Japan actually do about the genkan?,the genkan,wisdom,en,,,未確認,,
2807,What do people in Japan actually do about tatami?,tatami,wisdom,en,,,未確認,,
2808,What do people in Japan actually do about futon airing?,futon airing,wisdom,en,,,未確認,,
2809,What do people in Japan actually do about seasonal bedding?,seasonal bedding,wisdom,en,,,未確認,,
2810,What do people in Japan actually do about sliding doors?,sliding doors,wisdom,en,,,未確認,,
2811,What do people in Japan actually do about small apartments?,small apartments,wisdom,en,,,未確認,,
2812,What do people in Japan actually do about storage in narrow spaces?,storage in narrow spaces,wisdom,en,,,未確認,,
2813,What do people in Japan actually do about under-bed storage?,under-bed storage,wisdom,en,,,未確認,,
2814,What do people in Japan actually do about the gap beside the fridge?,the gap beside the fridge,wisdom,en,,,未確認,,
2815,What do people in Japan actually do about vertical storage?,vertical storage,wisdom,en,,,未確認,,
2816,What do people in Japan actually do about seasonal clothing rotation?,seasonal clothing rotation,wisdom,en,,,未確認,,
2817,What do people in Japan actually do about refill packs?,refill packs,wisdom,en,,,未確認,,
2818,What do people in Japan actually do about reusable cloth?,reusable cloth,wisdom,en,,,未確認,,
2819,What do people in Japan actually do about furoshiki?,furoshiki,wisdom,en,,,未確認,,
2820,What do people in Japan actually do about tenugui?,tenugui,wisdom,en,,,未確認,,
2821,What do people in Japan actually do about bento boxes?,bento boxes,wisdom,en,,,未確認,,
2822,What do people in Japan actually do about chopstick rests?,chopstick rests,wisdom,en,,,未確認,,
2823,What do people in Japan actually do about single-purpose kitchen tools?,single-purpose kitchen tools,wisdom,en,,,未確認,,
2824,What do people in Japan actually do about drying racks?,drying racks,wisdom,en,,,未確認,,
2825,What do people in Japan actually do about laundry poles?,laundry poles,wisdom,en,,,未確認,,
2826,What do people in Japan actually do about indoor drying?,indoor drying,wisdom,en,,,未確認,,
2827,What do people in Japan actually do about dehumidifiers?,dehumidifiers,wisdom,en,,,未確認,,
2828,What do people in Japan actually do about the rainy season?,the rainy season,wisdom,en,,,未確認,,
2829,What do people in Japan actually do about mould prevention?,mould prevention,wisdom,en,,制度・安全,未確認,,
2830,What do people in Japan actually do about ventilation habits?,ventilation habits,wisdom,en,,,未確認,,
2831,What do people in Japan actually do about cleaning order?,cleaning order,wisdom,en,,制度・安全,未確認,,
2832,What do people in Japan actually do about cleaning cloths?,cleaning cloths,wisdom,en,,制度・安全,未確認,,
2833,What do people in Japan actually do about newspaper for windows?,newspaper for windows,wisdom,en,,,未確認,,
2834,What do people in Japan actually do about baking soda?,baking soda,wisdom,en,,,未確認,,
2835,What do people in Japan actually do about citric acid?,citric acid,wisdom,en,,,未確認,,
2836,What do people in Japan actually do about the year-end clean?,the year-end clean,wisdom,en,,,未確認,,
2837,What do people in Japan actually do about daily tidying?,daily tidying,wisdom,en,,,未確認,,
2838,What do people in Japan actually do about the entrance mat?,the entrance mat,wisdom,en,,,未確認,,
2839,What do people in Japan actually do about shoe cabinets?,shoe cabinets,wisdom,en,,,未確認,,
2840,What do people in Japan actually do about umbrella care?,umbrella care,wisdom,en,,,未確認,,
2841,What do people in Japan actually do about seasonal food?,seasonal food,wisdom,en,,,未確認,,
2842,What do people in Japan actually do about the concept of shun?,the concept of shun,wisdom,en,,,未確認,,
2843,What do people in Japan actually do about dashi?,dashi,wisdom,en,,,未確認,,
2844,What do people in Japan actually do about fermentation?,fermentation,wisdom,en,,,未確認,,
2845,What do people in Japan actually do about pickling?,pickling,wisdom,en,,,未確認,,
2846,What do people in Japan actually do about rice storage?,rice storage,wisdom,en,,,未確認,,
2847,What do people in Japan actually do about tea culture?,tea culture,wisdom,en,,,未確認,,
2848,What do people in Japan actually do about hot and cold drinks by season?,hot and cold drinks by season,wisdom,en,,,未確認,,
2849,What do people in Japan actually do about hand towels?,hand towels,wisdom,en,,,未確認,,
2850,What do people in Japan actually do about wet towels at restaurants?,wet towels at restaurants,wisdom,en,,,未確認,,
2851,What do people in Japan actually do about gift-giving customs?,gift-giving customs,wisdom,en,,制度・安全,未確認,,
2852,What do people in Japan actually do about packaging?,packaging,wisdom,en,,,未確認,,
2853,What do people in Japan actually do about seasonal greetings?,seasonal greetings,wisdom,en,,,未確認,,
2854,What do people in Japan actually do about the new year?,the new year,wisdom,en,,,未確認,,
2855,What do people in Japan actually do about festivals?,festivals,wisdom,en,,,未確認,,
2856,What do people in Japan actually do about kotatsu?,kotatsu,wisdom,en,,,未確認,,
2857,What do people in Japan actually do about heated carpets?,heated carpets,wisdom,en,,,未確認,,
2858,What do people in Japan actually do about hot water bottles?,hot water bottles,wisdom,en,,,未確認,,
2859,What do people in Japan actually do about layering clothes?,layering clothes,wisdom,en,,,未確認,,
2860,What do people in Japan actually do about cooling towels?,cooling towels,wisdom,en,,,未確認,,
2861,What do people in Japan actually do about summer heat habits?,summer heat habits,wisdom,en,,,未確認,,
2862,What do people in Japan actually do about insect prevention?,insect prevention,wisdom,en,,制度・安全,未確認,,
2863,What do people in Japan actually do about plants indoors?,plants indoors,wisdom,en,,,未確認,,
2864,What do people in Japan actually do about balcony gardening?,balcony gardening,wisdom,en,,,未確認,,
2865,What do people in Japan actually do about waste separation?,waste separation,wisdom,en,,制度・安全,未確認,,
2866,What do people in Japan actually do about local rules?,local rules,wisdom,en,,,未確認,,
2867,What do people in Japan actually do about community boards?,community boards,wisdom,en,,,未確認,,
2868,What do people in Japan actually do about neighbourhood etiquette?,neighbourhood etiquette,wisdom,en,,,未確認,,
2869,What do people in Japan actually do about noise consideration?,noise consideration,wisdom,en,,,未確認,,
2870,What do people in Japan actually do about earthquake preparation?,earthquake preparation,wisdom,en,,制度・安全,未確認,,
2871,What do people in Japan actually do about emergency bags?,emergency bags,wisdom,en,,制度・安全,未確認,,
2872,What do people in Japan actually do about water storage?,water storage,wisdom,en,,,未確認,,
2873,What do people in Japan actually do about torches and radios?,torches and radios,wisdom,en,,,未確認,,
2874,What do people in Japan actually do about first aid at home?,first aid at home,wisdom,en,必須,,未確認,,
2875,What do people in Japan actually do about stockpiling food?,stockpiling food,wisdom,en,,,未確認,,
2876,What do people in Japan actually do about rotating supplies?,rotating supplies,wisdom,en,,,未確認,,
2877,What do people in Japan actually do about reading a Japanese label?,reading a Japanese label,wisdom,en,,,未確認,,
2878,What do people in Japan actually do about product lot numbers?,product lot numbers,wisdom,en,,,未確認,,
2879,What do people in Japan actually do about warranty culture?,warranty culture,wisdom,en,,,未確認,,
2880,What do people in Japan actually do about repair over replace?,repair over replace,wisdom,en,,,未確認,,
2881,What is the etiquette around taking shoes off indoors in Japan?,taking shoes off indoors,wisdom,en,,,未確認,,
2882,What is the etiquette around the genkan in Japan?,the genkan,wisdom,en,,,未確認,,
2883,What is the etiquette around tatami in Japan?,tatami,wisdom,en,,,未確認,,
2884,What is the etiquette around futon airing in Japan?,futon airing,wisdom,en,,,未確認,,
2885,What is the etiquette around seasonal bedding in Japan?,seasonal bedding,wisdom,en,,,未確認,,
2886,What is the etiquette around sliding doors in Japan?,sliding doors,wisdom,en,,,未確認,,
2887,What is the etiquette around small apartments in Japan?,small apartments,wisdom,en,,,未確認,,
2888,What is the etiquette around storage in narrow spaces in Japan?,storage in narrow spaces,wisdom,en,,,未確認,,
2889,What is the etiquette around under-bed storage in Japan?,under-bed storage,wisdom,en,,,未確認,,
2890,What is the etiquette around the gap beside the fridge in Japan?,the gap beside the fridge,wisdom,en,,,未確認,,
2891,What is the etiquette around vertical storage in Japan?,vertical storage,wisdom,en,,,未確認,,
2892,What is the etiquette around seasonal clothing rotation in Japan?,seasonal clothing rotation,wisdom,en,,,未確認,,
2893,What is the etiquette around refill packs in Japan?,refill packs,wisdom,en,,,未確認,,
2894,What is the etiquette around reusable cloth in Japan?,reusable cloth,wisdom,en,,,未確認,,
2895,What is the etiquette around furoshiki in Japan?,furoshiki,wisdom,en,,,未確認,,
2896,What is the etiquette around tenugui in Japan?,tenugui,wisdom,en,,,未確認,,
2897,What is the etiquette around bento boxes in Japan?,bento boxes,wisdom,en,,,未確認,,
2898,What is the etiquette around chopstick rests in Japan?,chopstick rests,wisdom,en,,,未確認,,
2899,What is the etiquette around single-purpose kitchen tools in Japan?,single-purpose kitchen tools,wisdom,en,,,未確認,,
2900,What is the etiquette around drying racks in Japan?,drying racks,wisdom,en,,,未確認,,
2901,What is the etiquette around laundry poles in Japan?,laundry poles,wisdom,en,,,未確認,,
2902,What is the etiquette around indoor drying in Japan?,indoor drying,wisdom,en,,,未確認,,
2903,What is the etiquette around dehumidifiers in Japan?,dehumidifiers,wisdom,en,,,未確認,,
2904,What is the etiquette around the rainy season in Japan?,the rainy season,wisdom,en,,,未確認,,
2905,What is the etiquette around mould prevention in Japan?,mould prevention,wisdom,en,,制度・安全,未確認,,
2906,What is the etiquette around ventilation habits in Japan?,ventilation habits,wisdom,en,,,未確認,,
2907,What is the etiquette around cleaning order in Japan?,cleaning order,wisdom,en,,制度・安全,未確認,,
2908,What is the etiquette around cleaning cloths in Japan?,cleaning cloths,wisdom,en,,制度・安全,未確認,,
2909,What is the etiquette around newspaper for windows in Japan?,newspaper for windows,wisdom,en,,,未確認,,
2910,What is the etiquette around baking soda in Japan?,baking soda,wisdom,en,,,未確認,,
2911,What is the etiquette around citric acid in Japan?,citric acid,wisdom,en,,,未確認,,
2912,What is the etiquette around the year-end clean in Japan?,the year-end clean,wisdom,en,,,未確認,,
2913,What is the etiquette around daily tidying in Japan?,daily tidying,wisdom,en,,,未確認,,
2914,What is the etiquette around the entrance mat in Japan?,the entrance mat,wisdom,en,,,未確認,,
2915,What is the etiquette around shoe cabinets in Japan?,shoe cabinets,wisdom,en,,,未確認,,
2916,What is the etiquette around umbrella care in Japan?,umbrella care,wisdom,en,,,未確認,,
2917,What is the etiquette around seasonal food in Japan?,seasonal food,wisdom,en,,,未確認,,
2918,What is the etiquette around the concept of shun in Japan?,the concept of shun,wisdom,en,,,未確認,,
2919,What is the etiquette around dashi in Japan?,dashi,wisdom,en,,,未確認,,
2920,What is the etiquette around fermentation in Japan?,fermentation,wisdom,en,,,未確認,,
2921,What is the etiquette around pickling in Japan?,pickling,wisdom,en,,,未確認,,
2922,What is the etiquette around rice storage in Japan?,rice storage,wisdom,en,,,未確認,,
2923,What is the etiquette around tea culture in Japan?,tea culture,wisdom,en,,,未確認,,
2924,What is the etiquette around hot and cold drinks by season in Japan?,hot and cold drinks by season,wisdom,en,,,未確認,,
2925,What is the etiquette around hand towels in Japan?,hand towels,wisdom,en,,,未確認,,
2926,What is the etiquette around wet towels at restaurants in Japan?,wet towels at restaurants,wisdom,en,,,未確認,,
2927,What is the etiquette around gift-giving customs in Japan?,gift-giving customs,wisdom,en,,制度・安全,未確認,,
2928,What is the etiquette around packaging in Japan?,packaging,wisdom,en,,,未確認,,
2929,What is the etiquette around seasonal greetings in Japan?,seasonal greetings,wisdom,en,,,未確認,,
2930,What is the etiquette around the new year in Japan?,the new year,wisdom,en,,,未確認,,
2931,What is the etiquette around festivals in Japan?,festivals,wisdom,en,,,未確認,,
2932,What is the etiquette around kotatsu in Japan?,kotatsu,wisdom,en,,,未確認,,
2933,What is the etiquette around heated carpets in Japan?,heated carpets,wisdom,en,,,未確認,,
2934,What is the etiquette around hot water bottles in Japan?,hot water bottles,wisdom,en,,,未確認,,
2935,What is the etiquette around layering clothes in Japan?,layering clothes,wisdom,en,,,未確認,,
2936,What is the etiquette around cooling towels in Japan?,cooling towels,wisdom,en,,,未確認,,
2937,What is the etiquette around summer heat habits in Japan?,summer heat habits,wisdom,en,,,未確認,,
2938,What is the etiquette around insect prevention in Japan?,insect prevention,wisdom,en,,制度・安全,未確認,,
2939,What is the etiquette around plants indoors in Japan?,plants indoors,wisdom,en,,,未確認,,
2940,What is the etiquette around balcony gardening in Japan?,balcony gardening,wisdom,en,,,未確認,,
2941,What is the etiquette around waste separation in Japan?,waste separation,wisdom,en,,制度・安全,未確認,,
2942,What is the etiquette around local rules in Japan?,local rules,wisdom,en,,,未確認,,
2943,What is the etiquette around community boards in Japan?,community boards,wisdom,en,,,未確認,,
2944,What is the etiquette around neighbourhood etiquette in Japan?,neighbourhood etiquette,wisdom,en,,,未確認,,
2945,What is the etiquette around noise consideration in Japan?,noise consideration,wisdom,en,,,未確認,,
2946,What is the etiquette around earthquake preparation in Japan?,earthquake preparation,wisdom,en,,制度・安全,未確認,,
2947,What is the etiquette around emergency bags in Japan?,emergency bags,wisdom,en,,制度・安全,未確認,,
2948,What is the etiquette around water storage in Japan?,water storage,wisdom,en,,,未確認,,
2949,What is the etiquette around torches and radios in Japan?,torches and radios,wisdom,en,,,未確認,,
2950,What is the etiquette around first aid at home in Japan?,first aid at home,wisdom,en,必須,,未確認,,
2951,What is the etiquette around stockpiling food in Japan?,stockpiling food,wisdom,en,,,未確認,,
2952,What is the etiquette around rotating supplies in Japan?,rotating supplies,wisdom,en,,,未確認,,
2953,What is the etiquette around reading a Japanese label in Japan?,reading a Japanese label,wisdom,en,,,未確認,,
2954,What is the etiquette around product lot numbers in Japan?,product lot numbers,wisdom,en,,,未確認,,
2955,What is the etiquette around warranty culture in Japan?,warranty culture,wisdom,en,,,未確認,,
2956,What is the etiquette around repair over replace in Japan?,repair over replace,wisdom,en,,,未確認,,
2957,How do I deal with taking shoes off indoors in Japan?,taking shoes off indoors,wisdom,en,,,未確認,,
2958,How do I deal with the genkan in Japan?,the genkan,wisdom,en,,,未確認,,
2959,How do I deal with tatami in Japan?,tatami,wisdom,en,,,未確認,,
2960,How do I deal with futon airing in Japan?,futon airing,wisdom,en,,,未確認,,
2961,How do I deal with seasonal bedding in Japan?,seasonal bedding,wisdom,en,,,未確認,,
2962,How do I deal with sliding doors in Japan?,sliding doors,wisdom,en,,,未確認,,
2963,How do I deal with small apartments in Japan?,small apartments,wisdom,en,,,未確認,,
2964,How do I deal with storage in narrow spaces in Japan?,storage in narrow spaces,wisdom,en,,,未確認,,
2965,How do I deal with under-bed storage in Japan?,under-bed storage,wisdom,en,,,未確認,,
2966,How do I deal with the gap beside the fridge in Japan?,the gap beside the fridge,wisdom,en,,,未確認,,
2967,How do I deal with vertical storage in Japan?,vertical storage,wisdom,en,,,未確認,,
2968,How do I deal with seasonal clothing rotation in Japan?,seasonal clothing rotation,wisdom,en,,,未確認,,
2969,How do I deal with refill packs in Japan?,refill packs,wisdom,en,,,未確認,,
2970,How do I deal with reusable cloth in Japan?,reusable cloth,wisdom,en,,,未確認,,
2971,How do I deal with furoshiki in Japan?,furoshiki,wisdom,en,,,未確認,,
2972,How do I deal with tenugui in Japan?,tenugui,wisdom,en,,,未確認,,
2973,How do I deal with bento boxes in Japan?,bento boxes,wisdom,en,,,未確認,,
2974,How do I deal with chopstick rests in Japan?,chopstick rests,wisdom,en,,,未確認,,
2975,How do I deal with single-purpose kitchen tools in Japan?,single-purpose kitchen tools,wisdom,en,,,未確認,,
2976,How do I deal with drying racks in Japan?,drying racks,wisdom,en,,,未確認,,
2977,How do I deal with laundry poles in Japan?,laundry poles,wisdom,en,,,未確認,,
2978,How do I deal with indoor drying in Japan?,indoor drying,wisdom,en,,,未確認,,
2979,How do I deal with dehumidifiers in Japan?,dehumidifiers,wisdom,en,,,未確認,,
2980,How do I deal with the rainy season in Japan?,the rainy season,wisdom,en,,,未確認,,
2981,How do I deal with mould prevention in Japan?,mould prevention,wisdom,en,,制度・安全,未確認,,
2982,How do I deal with ventilation habits in Japan?,ventilation habits,wisdom,en,,,未確認,,
2983,How do I deal with cleaning order in Japan?,cleaning order,wisdom,en,,制度・安全,未確認,,
2984,How do I deal with cleaning cloths in Japan?,cleaning cloths,wisdom,en,,制度・安全,未確認,,
2985,How do I deal with newspaper for windows in Japan?,newspaper for windows,wisdom,en,,,未確認,,
2986,How do I deal with baking soda in Japan?,baking soda,wisdom,en,,,未確認,,
2987,How do I deal with citric acid in Japan?,citric acid,wisdom,en,,,未確認,,
2988,How do I deal with the year-end clean in Japan?,the year-end clean,wisdom,en,,,未確認,,
2989,How do I deal with daily tidying in Japan?,daily tidying,wisdom,en,,,未確認,,
2990,How do I deal with the entrance mat in Japan?,the entrance mat,wisdom,en,,,未確認,,
2991,How do I deal with shoe cabinets in Japan?,shoe cabinets,wisdom,en,,,未確認,,
2992,How do I deal with umbrella care in Japan?,umbrella care,wisdom,en,,,未確認,,
2993,How do I deal with seasonal food in Japan?,seasonal food,wisdom,en,,,未確認,,
2994,How do I deal with the concept of shun in Japan?,the concept of shun,wisdom,en,,,未確認,,
2995,How do I deal with dashi in Japan?,dashi,wisdom,en,,,未確認,,
2996,How do I deal with fermentation in Japan?,fermentation,wisdom,en,,,未確認,,
2997,How do I deal with pickling in Japan?,pickling,wisdom,en,,,未確認,,
2998,How do I deal with rice storage in Japan?,rice storage,wisdom,en,,,未確認,,
2999,How do I deal with tea culture in Japan?,tea culture,wisdom,en,,,未確認,,
3000,How do I deal with hot and cold drinks by season in Japan?,hot and cold drinks by season,wisdom,en,,,未確認,,
